WARNING: All log messages before absl::InitializeLog() is called are written to STDERR
E0000 00:00:1787244118.944645  361081 descriptor_database.cc:633] File already exists in database: grpc/health/v1/health.proto
W0000 00:00:1787244118.944724  361081 message.cc:301] Protobuf GeneratedMessageFactory: File is already registered: grpc/health/v1/health.proto
[ISAACLAB] AppLauncher initialization complete
[INFO]: Base environment:
	Environment device    : cuda:0
	Environment seed      : 42
	Physics step-size     : 0.005
	Rendering step-size   : 0.02
	Environment step-size : 0.02
[INFO]: Registered backend 'physx' for factory Articulation.
[INFO] Generating terrains based on curriculum took Last: 0.961798 s
[INFO]: Registered backend 'physx' for factory FrameView.
[INFO]: Registered backend 'physx' for factory RayCaster.
[INFO]: Physics scene prim path: /physicsScene
[INFO]: Time taken for scene creation Last: 7.417949 s, Mean: 7.417949 s, Std: 0.000000 s, N: 1
[INFO]: Scene manager:  <class InteractiveScene>
	Number of environments: 4096
	Environment spacing   : 2.5
	Source prim name      : /World/envs/env_0
	Global prim paths     : ['/World/ground']
	Replicate physics     : True
[INFO]: Simulation parameters for joints in /World/envs/env_.*/Robot:
+----------------------------------------------------------------------------------------------------------------------------------------------------------------------+
|                                                  Simulation Joint Information (Prim path: /World/envs/env_.*/Robot)                                                  |
+-------+----------------+-----------+---------+----------+-----------------+------------------+------------------+------------------+-----------------+---------------+
| Index | Name           | Stiffness | Damping | Armature | Static Friction | Dynamic Friction | Viscous Friction | Position Limits  | Velocity Limits | Effort Limits |
+-------+----------------+-----------+---------+----------+-----------------+------------------+------------------+------------------+-----------------+---------------+
|   0   | FL_hip_joint   |   0.000   |  0.000  |  0.000   |      0.000      |      0.000       |      0.000       | [-1.047, 1.047]  |      30.100     |    1.0e+09    |
|   1   | FR_hip_joint   |   0.000   |  0.000  |  0.000   |      0.000      |      0.000       |      0.000       | [-1.047, 1.047]  |      30.100     |    1.0e+09    |
|   2   | RL_hip_joint   |   0.000   |  0.000  |  0.000   |      0.000      |      0.000       |      0.000       | [-1.047, 1.047]  |      30.100     |    1.0e+09    |
|   3   | RR_hip_joint   |   0.000   |  0.000  |  0.000   |      0.000      |      0.000       |      0.000       | [-1.047, 1.047]  |      30.100     |    1.0e+09    |
|   4   | FL_thigh_joint |   0.000   |  0.000  |  0.000   |      0.000      |      0.000       |      0.000       | [-1.571, 3.491]  |      30.100     |    1.0e+09    |
|   5   | FR_thigh_joint |   0.000   |  0.000  |  0.000   |      0.000      |      0.000       |      0.000       | [-1.571, 3.491]  |      30.100     |    1.0e+09    |
|   6   | RL_thigh_joint |   0.000   |  0.000  |  0.000   |      0.000      |      0.000       |      0.000       | [-0.524, 4.538]  |      30.100     |    1.0e+09    |
|   7   | RR_thigh_joint |   0.000   |  0.000  |  0.000   |      0.000      |      0.000       |      0.000       | [-0.524, 4.538]  |      30.100     |    1.0e+09    |
|   8   | FL_calf_joint  |   0.000   |  0.000  |  0.000   |      0.000      |      0.000       |      0.000       | [-2.723, -0.838] |      15.700     |    1.0e+09    |
|   9   | FR_calf_joint  |   0.000   |  0.000  |  0.000   |      0.000      |      0.000       |      0.000       | [-2.723, -0.838] |      15.700     |    1.0e+09    |
|   10  | RL_calf_joint  |   0.000   |  0.000  |  0.000   |      0.000      |      0.000       |      0.000       | [-2.723, -0.838] |      15.700     |    1.0e+09    |
|   11  | RR_calf_joint  |   0.000   |  0.000  |  0.000   |      0.000      |      0.000       |      0.000       | [-2.723, -0.838] |      15.700     |    1.0e+09    |
+-------+----------------+-----------+---------+----------+-----------------+------------------+------------------+------------------+-----------------+---------------+
[INFO]: Read mesh prim: /World/ground/terrain/mesh with 634872 vertices and 3578904 faces.
[INFO]: Time taken for simulation start Last: 18.396653 s, Mean: 18.396653 s, Std: 0.000000 s, N: 1
[INFO] Command Manager:  <CommandManager> contains 1 active terms.
+------------------------------------------------+
|              Active Command Terms              |
+-------+---------------+------------------------+
| Index | Name          |          Type          |
+-------+---------------+------------------------+
|   0   | base_velocity | UniformVelocityCommand |
+-------+---------------+------------------------+

[INFO] Event Manager:  <EventManager> contains 3 active terms.
+--------------------------------------+
| Active Event Terms in Mode: 'startup' |
+----------+---------------------------+
|  Index   | Name                      |
+----------+---------------------------+
|    0     | physics_material          |
|    1     | add_base_mass             |
|    2     | base_com                  |
+----------+---------------------------+
+---------------------------------------+
|  Active Event Terms in Mode: 'reset'  |
+--------+------------------------------+
| Index  | Name                         |
+--------+------------------------------+
|   0    | base_external_force_torque   |
|   1    | reset_base                   |
|   2    | reset_robot_joints           |
+--------+------------------------------+
+----------------------------------------------+
|    Active Event Terms in Mode: 'interval'    |
+-------+------------+-------------------------+
| Index | Name       | Interval time range (s) |
+-------+------------+-------------------------+
|   0   | push_robot |       (10.0, 15.0)      |
+-------+------------+-------------------------+

[INFO] Recorder Manager:  <RecorderManager> contains 0 active terms.
+---------------------+
| Active Recorder Terms |
+-----------+---------+
|   Index   | Name    |
+-----------+---------+
+-----------+---------+

[INFO]: Resolved joint names for the action term JointPositionAction: ['FL_hip_joint', 'FR_hip_joint', 'RL_hip_joint', 'RR_hip_joint', 'FL_thigh_joint', 'FR_thigh_joint', 'RL_thigh_joint', 'RR_thigh_joint', 'FL_calf_joint', 'FR_calf_joint', 'RL_calf_joint', 'RR_calf_joint'] [[0, 1, 2, 3, 4, 5, 6, 7, 8, 9, 10, 11]]
/home/exhibition-spakona/miniforge3/envs/isaaclab/lib/python3.12/site-packages/rsl_rl/utils/utils.py:220: UserWarning: The observation configuration dictionary 'obs_groups' is empty and thus likely not configured. Consider configuring the 'obs_groups' dictionary explicitly
  warnings.warn(
/home/exhibition-spakona/miniforge3/envs/isaaclab/lib/python3.12/site-packages/rsl_rl/utils/utils.py:251: UserWarning: The observation configuration dictionary 'obs_groups' does not contain the 'actor' key. As an observation group with the name 'policy' was found, this is assumed to be the appropriate observation. Consider adding the 'actor' key to the 'obs_groups' dictionary for clarity. This behavior will be removed in a future version.
  warnings.warn(
/home/exhibition-spakona/miniforge3/envs/isaaclab/lib/python3.12/site-packages/rsl_rl/utils/utils.py:251: UserWarning: The observation configuration dictionary 'obs_groups' does not contain the 'critic' key. As an observation group with the name 'policy' was found, this is assumed to be the appropriate observation. Consider adding the 'critic' key to the 'obs_groups' dictionary for clarity. This behavior will be removed in a future version.
  warnings.warn(
[INFO] Action Manager:  <ActionManager> contains 1 active terms.
+------------------------------------+
|  Active Action Terms (shape: 12)   |
+--------+-------------+-------------+
| Index  | Name        |   Dimension |
+--------+-------------+-------------+
|   0    | joint_pos   |          12 |
+--------+-------------+-------------+

[INFO] Observation Manager: <ObservationManager> contains 1 groups.
+----------------------------------------------------------+
| Active Observation Terms in Group: 'policy' (shape: (235,)) |
+-----------+--------------------------------+-------------+
|   Index   | Name                           |    Shape    |
+-----------+--------------------------------+-------------+
|     0     | base_lin_vel                   |     (3,)    |
|     1     | base_ang_vel                   |     (3,)    |
|     2     | projected_gravity              |     (3,)    |
|     3     | velocity_commands              |     (3,)    |
|     4     | joint_pos                      |    (12,)    |
|     5     | joint_vel                      |    (12,)    |
|     6     | actions                        |    (12,)    |
|     7     | height_scan                    |    (187,)   |
+-----------+--------------------------------+-------------+

[INFO] Termination Manager:  <TerminationManager> contains 2 active terms.
+---------------------------------+
|     Active Termination Terms    |
+-------+--------------+----------+
| Index | Name         | Time Out |
+-------+--------------+----------+
|   0   | time_out     |   True   |
|   1   | base_contact |  False   |
+-------+--------------+----------+

[INFO] Reward Manager:  <RewardManager> contains 14 active terms.
+------------------------------------------+
|           Active Reward Terms            |
+-------+-----------------------+----------+
| Index | Name                  |   Weight |
+-------+-----------------------+----------+
|   0   | track_lin_vel_xy_exp  |      2.0 |
|   1   | track_ang_vel_z_exp   |     0.75 |
|   2   | lin_vel_z_l2          |      0.0 |
|   3   | ang_vel_xy_l2         |    -0.05 |
|   4   | dof_torques_l2        |  -0.0002 |
|   5   | dof_acc_l2            | -2.5e-07 |
|   6   | action_rate_l2        |    -0.01 |
|   7   | undesired_contacts    |     -1.0 |
|   8   | flat_orientation_l2   |     -1.0 |
|   9   | dof_pos_limits        |      0.0 |
|   10  | disabled_legs_contact |     -3.0 |
|   11  | disabled_legs_height  |      1.0 |
|   12  | single_leg_air_time   |      2.0 |
|   13  | base_height_exp       |      0.5 |
+-------+-----------------------+----------+

[INFO] Curriculum Manager:  <CurriculumManager> contains 1 active terms.
+---------------------------+
|  Active Curriculum Terms  |
+--------+------------------+
| Index  | Name             |
+--------+------------------+
|   0    | terrain_levels   |
+--------+------------------+

[INFO]: Completed setting up the environment...
[INFO] Training directory: /home/exhibition-spakona/Desktop/REINFORCEMENT/go2_single_leg/logs/rsl_rl/2026-08-21_01-42-28
[INFO] Simulating 4096 Go2 robots concurrently on GPU (Single-Leg)...
--------------------------------------------------------------------------------
Resolved observation sets: 
	 actor :  ['policy']
	 critic :  ['policy']
--------------------------------------------------------------------------------
Actor Model: MLPModel(
  (obs_normalizer): Identity()
  (distribution): GaussianDistribution()
  (mlp): MLP(
    (0): Linear(in_features=235, out_features=512, bias=True)
    (1): ELU(alpha=1.0)
    (2): Linear(in_features=512, out_features=256, bias=True)
    (3): ELU(alpha=1.0)
    (4): Linear(in_features=256, out_features=128, bias=True)
    (5): ELU(alpha=1.0)
    (6): Linear(in_features=128, out_features=12, bias=True)
  )
)
Critic Model: MLPModel(
  (obs_normalizer): Identity()
  (mlp): MLP(
    (0): Linear(in_features=235, out_features=512, bias=True)
    (1): ELU(alpha=1.0)
    (2): Linear(in_features=512, out_features=256, bias=True)
    (3): ELU(alpha=1.0)
    (4): Linear(in_features=256, out_features=128, bias=True)
    (5): ELU(alpha=1.0)
    (6): Linear(in_features=128, out_features=1, bias=True)
  )
)
Could not find git repository in /home/exhibition-spakona/miniforge3/envs/isaaclab/lib/python3.12/site-packages/rsl_rl/__init__.py. Skipping.
################################################################################
[1m                           Learning iteration 0/1500                            [0m 

                            Total steps: 98304 
                       Steps per second: 15592 
                        Collection time: 5.956s 
                          Learning time: 0.349s 
                        Mean value loss: 1.3261
                    Mean surrogate loss: 0.0082
                      Mean entropy loss: 17.0500
                            Mean reward: -1.32
                    Mean episode length: 13.33
                        Mean action std: 1.00
    Episode_Reward/track_lin_vel_xy_exp: 0.0064
     Episode_Reward/track_ang_vel_z_exp: 0.0028
            Episode_Reward/lin_vel_z_l2: 0.0000
           Episode_Reward/ang_vel_xy_l2: -0.0087
          Episode_Reward/dof_torques_l2: -0.0016
              Episode_Reward/dof_acc_l2: -0.0043
          Episode_Reward/action_rate_l2: -0.0028
      Episode_Reward/undesired_contacts: -0.0002
     Episode_Reward/flat_orientation_l2: -0.0004
          Episode_Reward/dof_pos_limits: 0.0000
   Episode_Reward/disabled_legs_contact: -0.0571
    Episode_Reward/disabled_legs_height: 0.0042
     Episode_Reward/single_leg_air_time: 0.0001
         Episode_Reward/base_height_exp: 0.0009
              Curriculum/terrain_levels: 3.5267
                   Metrics/success_rate: 0.0625
     Metrics/base_velocity/error_vel_xy: 0.7410
    Metrics/base_velocity/error_vel_yaw: 0.7621
           Episode_Termination/time_out: 0.0124
       Episode_Termination/base_contact: 0.0000
--------------------------------------------------------------------------------
                         Iteration time: 6.30s
                           Time elapsed: 00:00:06
                                    ETA: 02:37:30

################################################################################
[1m                           Learning iteration 1/1500                            [0m 

                            Total steps: 196608 
                       Steps per second: 16910 
                        Collection time: 5.537s 
                          Learning time: 0.277s 
                        Mean value loss: 1.0826
                    Mean surrogate loss: -0.0028
                      Mean entropy loss: 17.0890
                            Mean reward: -4.50
                    Mean episode length: 37.18
                        Mean action std: 1.01
    Episode_Reward/track_lin_vel_xy_exp: 0.0140
     Episode_Reward/track_ang_vel_z_exp: 0.0074
            Episode_Reward/lin_vel_z_l2: 0.0000
           Episode_Reward/ang_vel_xy_l2: -0.0285
          Episode_Reward/dof_torques_l2: -0.0047
              Episode_Reward/dof_acc_l2: -0.0115
          Episode_Reward/action_rate_l2: -0.0089
      Episode_Reward/undesired_contacts: -0.0009
     Episode_Reward/flat_orientation_l2: -0.0024
          Episode_Reward/dof_pos_limits: 0.0000
   Episode_Reward/disabled_legs_contact: -0.2040
    Episode_Reward/disabled_legs_height: 0.0109
     Episode_Reward/single_leg_air_time: 0.0000
         Episode_Reward/base_height_exp: 0.0051
              Curriculum/terrain_levels: 3.5019
                   Metrics/success_rate: 0.0000
     Metrics/base_velocity/error_vel_xy: 0.8205
    Metrics/base_velocity/error_vel_yaw: 0.9335
           Episode_Termination/time_out: 0.0371
       Episode_Termination/base_contact: 0.0004
--------------------------------------------------------------------------------
                         Iteration time: 5.81s
                           Time elapsed: 00:00:12
                                    ETA: 02:31:16

################################################################################
[1m                           Learning iteration 2/1500                            [0m 

                            Total steps: 294912 
                       Steps per second: 16422 
                        Collection time: 5.709s 
                          Learning time: 0.277s 
                        Mean value loss: 1.0334
                    Mean surrogate loss: -0.0010
                      Mean entropy loss: 17.1483
                            Mean reward: -7.78
                    Mean episode length: 65.58
                        Mean action std: 1.01
    Episode_Reward/track_lin_vel_xy_exp: 0.0227
     Episode_Reward/track_ang_vel_z_exp: 0.0129
            Episode_Reward/lin_vel_z_l2: 0.0000
           Episode_Reward/ang_vel_xy_l2: -0.0505
          Episode_Reward/dof_torques_l2: -0.0072
              Episode_Reward/dof_acc_l2: -0.0177
          Episode_Reward/action_rate_l2: -0.0148
      Episode_Reward/undesired_contacts: -0.0029
     Episode_Reward/flat_orientation_l2: -0.0085
          Episode_Reward/dof_pos_limits: 0.0000
   Episode_Reward/disabled_legs_contact: -0.3170
    Episode_Reward/disabled_legs_height: 0.0182
     Episode_Reward/single_leg_air_time: 0.0000
         Episode_Reward/base_height_exp: 0.0086
              Curriculum/terrain_levels: 3.4705
                   Metrics/success_rate: 0.0000
     Metrics/base_velocity/error_vel_xy: 0.8267
    Metrics/base_velocity/error_vel_yaw: 0.9175
           Episode_Termination/time_out: 0.0617
       Episode_Termination/base_contact: 0.0075
--------------------------------------------------------------------------------
                         Iteration time: 5.99s
                           Time elapsed: 00:00:18
                                    ETA: 02:30:33

################################################################################
[1m                           Learning iteration 3/1500                            [0m 

                            Total steps: 393216 
                       Steps per second: 16462 
                        Collection time: 5.697s 
                          Learning time: 0.275s 
                        Mean value loss: 0.9829
                    Mean surrogate loss: -0.0010
                      Mean entropy loss: 17.1977
                            Mean reward: -10.60
                    Mean episode length: 86.75
                        Mean action std: 1.02
    Episode_Reward/track_lin_vel_xy_exp: 0.0346
     Episode_Reward/track_ang_vel_z_exp: 0.0181
            Episode_Reward/lin_vel_z_l2: 0.0000
           Episode_Reward/ang_vel_xy_l2: -0.0663
          Episode_Reward/dof_torques_l2: -0.0103
              Episode_Reward/dof_acc_l2: -0.0236
          Episode_Reward/action_rate_l2: -0.0206
      Episode_Reward/undesired_contacts: -0.0038
     Episode_Reward/flat_orientation_l2: -0.0110
          Episode_Reward/dof_pos_limits: 0.0000
   Episode_Reward/disabled_legs_contact: -0.4723
    Episode_Reward/disabled_legs_height: 0.0299
     Episode_Reward/single_leg_air_time: 0.0000
         Episode_Reward/base_height_exp: 0.0123
              Curriculum/terrain_levels: 3.4311
                   Metrics/success_rate: 0.0000
     Metrics/base_velocity/error_vel_xy: 0.7980
    Metrics/base_velocity/error_vel_yaw: 0.9231
           Episode_Termination/time_out: 0.0891
       Episode_Termination/base_contact: 0.0200
--------------------------------------------------------------------------------
                         Iteration time: 5.97s
                           Time elapsed: 00:00:24
                                    ETA: 02:30:04

################################################################################
[1m                           Learning iteration 4/1500                            [0m 

                            Total steps: 491520 
                       Steps per second: 16525 
                        Collection time: 5.674s 
                          Learning time: 0.275s 
                        Mean value loss: 0.8969
                    Mean surrogate loss: 0.0001
                      Mean entropy loss: 17.2520
                            Mean reward: -13.46
                    Mean episode length: 108.92
                        Mean action std: 1.02
    Episode_Reward/track_lin_vel_xy_exp: 0.0407
     Episode_Reward/track_ang_vel_z_exp: 0.0219
            Episode_Reward/lin_vel_z_l2: 0.0000
           Episode_Reward/ang_vel_xy_l2: -0.0794
          Episode_Reward/dof_torques_l2: -0.0129
              Episode_Reward/dof_acc_l2: -0.0286
          Episode_Reward/action_rate_l2: -0.0261
      Episode_Reward/undesired_contacts: -0.0038
     Episode_Reward/flat_orientation_l2: -0.0135
          Episode_Reward/dof_pos_limits: 0.0000
   Episode_Reward/disabled_legs_contact: -0.5982
    Episode_Reward/disabled_legs_height: 0.0376
     Episode_Reward/single_leg_air_time: -0.0000
         Episode_Reward/base_height_exp: 0.0164
              Curriculum/terrain_levels: 3.3967
                   Metrics/success_rate: 0.0000
     Metrics/base_velocity/error_vel_xy: 0.8126
    Metrics/base_velocity/error_vel_yaw: 0.9530
           Episode_Termination/time_out: 0.1115
       Episode_Termination/base_contact: 0.0311
--------------------------------------------------------------------------------
                         Iteration time: 5.95s
                           Time elapsed: 00:00:30
                                    ETA: 02:29:37

################################################################################
[1m                           Learning iteration 5/1500                            [0m 

                            Total steps: 589824 
                       Steps per second: 16444 
                        Collection time: 5.703s 
                          Learning time: 0.276s 
                        Mean value loss: 0.8138
                    Mean surrogate loss: -0.0025
                      Mean entropy loss: 17.2758
                            Mean reward: -16.39
                    Mean episode length: 132.38
                        Mean action std: 1.02
    Episode_Reward/track_lin_vel_xy_exp: 0.0501
     Episode_Reward/track_ang_vel_z_exp: 0.0275
            Episode_Reward/lin_vel_z_l2: 0.0000
           Episode_Reward/ang_vel_xy_l2: -0.0968
          Episode_Reward/dof_torques_l2: -0.0156
              Episode_Reward/dof_acc_l2: -0.0343
          Episode_Reward/action_rate_l2: -0.0320
      Episode_Reward/undesired_contacts: -0.0047
     Episode_Reward/flat_orientation_l2: -0.0155
          Episode_Reward/dof_pos_limits: 0.0000
   Episode_Reward/disabled_legs_contact: -0.7589
    Episode_Reward/disabled_legs_height: 0.0527
     Episode_Reward/single_leg_air_time: 0.0000
         Episode_Reward/base_height_exp: 0.0196
              Curriculum/terrain_levels: 3.3630
                   Metrics/success_rate: 0.0000
     Metrics/base_velocity/error_vel_xy: 0.8249
    Metrics/base_velocity/error_vel_yaw: 0.9258
           Episode_Termination/time_out: 0.1348
       Episode_Termination/base_contact: 0.0411
--------------------------------------------------------------------------------
                         Iteration time: 5.98s
                           Time elapsed: 00:00:36
                                    ETA: 02:29:24

################################################################################
[1m                           Learning iteration 6/1500                            [0m 

                            Total steps: 688128 
                       Steps per second: 16472 
                        Collection time: 5.695s 
                          Learning time: 0.273s 
                        Mean value loss: 0.7387
                    Mean surrogate loss: 0.0024
                      Mean entropy loss: 17.3191
                            Mean reward: -19.89
                    Mean episode length: 156.73
                        Mean action std: 1.02
    Episode_Reward/track_lin_vel_xy_exp: 0.0579
     Episode_Reward/track_ang_vel_z_exp: 0.0344
            Episode_Reward/lin_vel_z_l2: 0.0000
           Episode_Reward/ang_vel_xy_l2: -0.1121
          Episode_Reward/dof_torques_l2: -0.0188
              Episode_Reward/dof_acc_l2: -0.0390
          Episode_Reward/action_rate_l2: -0.0382
      Episode_Reward/undesired_contacts: -0.0039
     Episode_Reward/flat_orientation_l2: -0.0157
          Episode_Reward/dof_pos_limits: 0.0000
   Episode_Reward/disabled_legs_contact: -0.9252
    Episode_Reward/disabled_legs_height: 0.0581
     Episode_Reward/single_leg_air_time: -0.0000
         Episode_Reward/base_height_exp: 0.0197
              Curriculum/terrain_levels: 3.3327
                   Metrics/success_rate: 0.0000
     Metrics/base_velocity/error_vel_xy: 0.7882
    Metrics/base_velocity/error_vel_yaw: 0.8961
           Episode_Termination/time_out: 0.1542
       Episode_Termination/base_contact: 0.0514
--------------------------------------------------------------------------------
                         Iteration time: 5.97s
                           Time elapsed: 00:00:41
                                    ETA: 02:29:11

################################################################################
[1m                           Learning iteration 7/1500                            [0m 

                            Total steps: 786432 
                       Steps per second: 16467 
                        Collection time: 5.694s 
                          Learning time: 0.275s 
                        Mean value loss: 0.6927
                    Mean surrogate loss: -0.0004
                      Mean entropy loss: 17.3477
                            Mean reward: -22.36
                    Mean episode length: 174.69
                        Mean action std: 1.03
    Episode_Reward/track_lin_vel_xy_exp: 0.0716
     Episode_Reward/track_ang_vel_z_exp: 0.0366
            Episode_Reward/lin_vel_z_l2: 0.0000
           Episode_Reward/ang_vel_xy_l2: -0.1273
          Episode_Reward/dof_torques_l2: -0.0207
              Episode_Reward/dof_acc_l2: -0.0457
          Episode_Reward/action_rate_l2: -0.0428
      Episode_Reward/undesired_contacts: -0.0049
     Episode_Reward/flat_orientation_l2: -0.0179
          Episode_Reward/dof_pos_limits: 0.0000
   Episode_Reward/disabled_legs_contact: -1.0327
    Episode_Reward/disabled_legs_height: 0.0612
     Episode_Reward/single_leg_air_time: -0.0001
         Episode_Reward/base_height_exp: 0.0265
              Curriculum/terrain_levels: 3.3004
                   Metrics/success_rate: 0.0000
     Metrics/base_velocity/error_vel_xy: 0.7899
    Metrics/base_velocity/error_vel_yaw: 0.9278
           Episode_Termination/time_out: 0.1724
       Episode_Termination/base_contact: 0.0639
--------------------------------------------------------------------------------
                         Iteration time: 5.97s
                           Time elapsed: 00:00:47
                                    ETA: 02:29:00

################################################################################
[1m                           Learning iteration 8/1500                            [0m 

                            Total steps: 884736 
                       Steps per second: 16419 
                        Collection time: 5.712s 
                          Learning time: 0.275s 
                        Mean value loss: 0.6516
                    Mean surrogate loss: -0.0021
                      Mean entropy loss: 17.3574
                            Mean reward: -26.18
                    Mean episode length: 203.08
                        Mean action std: 1.03
    Episode_Reward/track_lin_vel_xy_exp: 0.0892
     Episode_Reward/track_ang_vel_z_exp: 0.0414
            Episode_Reward/lin_vel_z_l2: 0.0000
           Episode_Reward/ang_vel_xy_l2: -0.1413
          Episode_Reward/dof_torques_l2: -0.0239
              Episode_Reward/dof_acc_l2: -0.0504
          Episode_Reward/action_rate_l2: -0.0487
      Episode_Reward/undesired_contacts: -0.0062
     Episode_Reward/flat_orientation_l2: -0.0195
          Episode_Reward/dof_pos_limits: 0.0000
   Episode_Reward/disabled_legs_contact: -1.1904
    Episode_Reward/disabled_legs_height: 0.0620
     Episode_Reward/single_leg_air_time: -0.0001
         Episode_Reward/base_height_exp: 0.0380
              Curriculum/terrain_levels: 3.2684
                   Metrics/success_rate: 0.0000
     Metrics/base_velocity/error_vel_xy: 0.7542
    Metrics/base_velocity/error_vel_yaw: 0.9254
           Episode_Termination/time_out: 0.1907
       Episode_Termination/base_contact: 0.0764
--------------------------------------------------------------------------------
                         Iteration time: 5.99s
                           Time elapsed: 00:00:53
                                    ETA: 02:28:53

################################################################################
[1m                           Learning iteration 9/1500                            [0m 

                            Total steps: 983040 
                       Steps per second: 16437 
                        Collection time: 5.706s 
                          Learning time: 0.274s 
                        Mean value loss: 0.6000
                    Mean surrogate loss: -0.0041
                      Mean entropy loss: 17.3647
                            Mean reward: -27.65
                    Mean episode length: 220.17
                        Mean action std: 1.03
    Episode_Reward/track_lin_vel_xy_exp: 0.0767
     Episode_Reward/track_ang_vel_z_exp: 0.0488
            Episode_Reward/lin_vel_z_l2: 0.0000
           Episode_Reward/ang_vel_xy_l2: -0.1601
          Episode_Reward/dof_torques_l2: -0.0264
              Episode_Reward/dof_acc_l2: -0.0554
          Episode_Reward/action_rate_l2: -0.0545
      Episode_Reward/undesired_contacts: -0.0071
     Episode_Reward/flat_orientation_l2: -0.0218
          Episode_Reward/dof_pos_limits: 0.0000
   Episode_Reward/disabled_legs_contact: -1.3151
    Episode_Reward/disabled_legs_height: 0.0916
     Episode_Reward/single_leg_air_time: -0.0002
         Episode_Reward/base_height_exp: 0.0292
              Curriculum/terrain_levels: 3.2342
                   Metrics/success_rate: 0.0000
     Metrics/base_velocity/error_vel_xy: 0.8348
    Metrics/base_velocity/error_vel_yaw: 0.8903
           Episode_Termination/time_out: 0.2113
       Episode_Termination/base_contact: 0.0895
--------------------------------------------------------------------------------
                         Iteration time: 5.98s
                           Time elapsed: 00:00:59
                                    ETA: 02:28:46

################################################################################
[1m                           Learning iteration 10/1500                           [0m 

                            Total steps: 1081344 
                       Steps per second: 16397 
                        Collection time: 5.721s 
                          Learning time: 0.274s 
                        Mean value loss: 0.5423
                    Mean surrogate loss: -0.0015
                      Mean entropy loss: 17.4171
                            Mean reward: -31.77
                    Mean episode length: 248.91
                        Mean action std: 1.03
    Episode_Reward/track_lin_vel_xy_exp: 0.1154
     Episode_Reward/track_ang_vel_z_exp: 0.0522
            Episode_Reward/lin_vel_z_l2: 0.0000
           Episode_Reward/ang_vel_xy_l2: -0.1771
          Episode_Reward/dof_torques_l2: -0.0297
              Episode_Reward/dof_acc_l2: -0.0631
          Episode_Reward/action_rate_l2: -0.0612
      Episode_Reward/undesired_contacts: -0.0068
     Episode_Reward/flat_orientation_l2: -0.0230
          Episode_Reward/dof_pos_limits: 0.0000
   Episode_Reward/disabled_legs_contact: -1.4957
    Episode_Reward/disabled_legs_height: 0.0906
     Episode_Reward/single_leg_air_time: -0.0001
         Episode_Reward/base_height_exp: 0.0397
              Curriculum/terrain_levels: 3.1985
                   Metrics/success_rate: 0.0000
     Metrics/base_velocity/error_vel_xy: 0.7560
    Metrics/base_velocity/error_vel_yaw: 0.9246
           Episode_Termination/time_out: 0.2286
       Episode_Termination/base_contact: 0.1060
--------------------------------------------------------------------------------
                         Iteration time: 5.99s
                           Time elapsed: 00:01:05
                                    ETA: 02:28:40

################################################################################
[1m                           Learning iteration 11/1500                           [0m 

                            Total steps: 1179648 
                       Steps per second: 16213 
                        Collection time: 5.788s 
                          Learning time: 0.275s 
                        Mean value loss: 0.5019
                    Mean surrogate loss: -0.0018
                      Mean entropy loss: 17.4357
                            Mean reward: -34.14
                    Mean episode length: 270.75
                        Mean action std: 1.03
    Episode_Reward/track_lin_vel_xy_exp: 0.1098
     Episode_Reward/track_ang_vel_z_exp: 0.0604
            Episode_Reward/lin_vel_z_l2: 0.0000
           Episode_Reward/ang_vel_xy_l2: -0.1912
          Episode_Reward/dof_torques_l2: -0.0312
              Episode_Reward/dof_acc_l2: -0.0670
          Episode_Reward/action_rate_l2: -0.0658
      Episode_Reward/undesired_contacts: -0.0083
     Episode_Reward/flat_orientation_l2: -0.0237
          Episode_Reward/dof_pos_limits: 0.0000
   Episode_Reward/disabled_legs_contact: -1.5790
    Episode_Reward/disabled_legs_height: 0.1032
     Episode_Reward/single_leg_air_time: -0.0002
         Episode_Reward/base_height_exp: 0.0450
              Curriculum/terrain_levels: 3.1621
                   Metrics/success_rate: 0.0000
     Metrics/base_velocity/error_vel_xy: 0.7900
    Metrics/base_velocity/error_vel_yaw: 0.8813
           Episode_Termination/time_out: 0.2485
       Episode_Termination/base_contact: 0.1202
--------------------------------------------------------------------------------
                         Iteration time: 6.06s
                           Time elapsed: 00:01:11
                                    ETA: 02:28:43

################################################################################
[1m                           Learning iteration 12/1500                           [0m 

                            Total steps: 1277952 
                       Steps per second: 16284 
                        Collection time: 5.761s 
                          Learning time: 0.276s 
                        Mean value loss: 0.4873
                    Mean surrogate loss: -0.0026
                      Mean entropy loss: 17.4590
                            Mean reward: -34.41
                    Mean episode length: 276.03
                        Mean action std: 1.04
    Episode_Reward/track_lin_vel_xy_exp: 0.0927
     Episode_Reward/track_ang_vel_z_exp: 0.0583
            Episode_Reward/lin_vel_z_l2: 0.0000
           Episode_Reward/ang_vel_xy_l2: -0.1889
          Episode_Reward/dof_torques_l2: -0.0325
              Episode_Reward/dof_acc_l2: -0.0680
          Episode_Reward/action_rate_l2: -0.0670
      Episode_Reward/undesired_contacts: -0.0102
     Episode_Reward/flat_orientation_l2: -0.0263
          Episode_Reward/dof_pos_limits: 0.0000
   Episode_Reward/disabled_legs_contact: -1.5930
    Episode_Reward/disabled_legs_height: 0.1093
     Episode_Reward/single_leg_air_time: -0.0002
         Episode_Reward/base_height_exp: 0.0402
              Curriculum/terrain_levels: 3.1262
                   Metrics/success_rate: 0.0000
     Metrics/base_velocity/error_vel_xy: 0.8420
    Metrics/base_velocity/error_vel_yaw: 0.9116
           Episode_Termination/time_out: 0.2676
       Episode_Termination/base_contact: 0.1334
--------------------------------------------------------------------------------
                         Iteration time: 6.04s
                           Time elapsed: 00:01:18
                                    ETA: 02:28:42

################################################################################
[1m                           Learning iteration 13/1500                           [0m 

                            Total steps: 1376256 
                       Steps per second: 16265 
                        Collection time: 5.769s 
                          Learning time: 0.275s 
                        Mean value loss: 0.4208
                    Mean surrogate loss: -0.0031
                      Mean entropy loss: 17.5026
                            Mean reward: -38.13
                    Mean episode length: 302.74
                        Mean action std: 1.04
    Episode_Reward/track_lin_vel_xy_exp: 0.1160
     Episode_Reward/track_ang_vel_z_exp: 0.0609
            Episode_Reward/lin_vel_z_l2: 0.0000
           Episode_Reward/ang_vel_xy_l2: -0.2045
          Episode_Reward/dof_torques_l2: -0.0355
              Episode_Reward/dof_acc_l2: -0.0733
          Episode_Reward/action_rate_l2: -0.0728
      Episode_Reward/undesired_contacts: -0.0082
     Episode_Reward/flat_orientation_l2: -0.0260
          Episode_Reward/dof_pos_limits: 0.0000
   Episode_Reward/disabled_legs_contact: -1.7378
    Episode_Reward/disabled_legs_height: 0.1146
     Episode_Reward/single_leg_air_time: -0.0002
         Episode_Reward/base_height_exp: 0.0397
              Curriculum/terrain_levels: 3.0893
                   Metrics/success_rate: 0.0000
     Metrics/base_velocity/error_vel_xy: 0.8061
    Metrics/base_velocity/error_vel_yaw: 0.9333
           Episode_Termination/time_out: 0.2860
       Episode_Termination/base_contact: 0.1476
--------------------------------------------------------------------------------
                         Iteration time: 6.04s
                           Time elapsed: 00:01:24
                                    ETA: 02:28:40

################################################################################
[1m                           Learning iteration 14/1500                           [0m 

                            Total steps: 1474560 
                       Steps per second: 16266 
                        Collection time: 5.770s 
                          Learning time: 0.274s 
                        Mean value loss: 0.3903
                    Mean surrogate loss: -0.0008
                      Mean entropy loss: 17.5435
                            Mean reward: -40.24
                    Mean episode length: 321.97
                        Mean action std: 1.04
    Episode_Reward/track_lin_vel_xy_exp: 0.1195
     Episode_Reward/track_ang_vel_z_exp: 0.0647
            Episode_Reward/lin_vel_z_l2: 0.0000
           Episode_Reward/ang_vel_xy_l2: -0.2211
          Episode_Reward/dof_torques_l2: -0.0380
              Episode_Reward/dof_acc_l2: -0.0802
          Episode_Reward/action_rate_l2: -0.0786
      Episode_Reward/undesired_contacts: -0.0108
     Episode_Reward/flat_orientation_l2: -0.0295
          Episode_Reward/dof_pos_limits: 0.0000
   Episode_Reward/disabled_legs_contact: -1.8731
    Episode_Reward/disabled_legs_height: 0.1303
     Episode_Reward/single_leg_air_time: -0.0001
         Episode_Reward/base_height_exp: 0.0476
              Curriculum/terrain_levels: 3.0546
                   Metrics/success_rate: 0.0000
     Metrics/base_velocity/error_vel_xy: 0.8163
    Metrics/base_velocity/error_vel_yaw: 0.9441
           Episode_Termination/time_out: 0.3021
       Episode_Termination/base_contact: 0.1616
--------------------------------------------------------------------------------
                         Iteration time: 6.04s
                           Time elapsed: 00:01:30
                                    ETA: 02:28:38

################################################################################
[1m                           Learning iteration 15/1500                           [0m 

                            Total steps: 1572864 
                       Steps per second: 16176 
                        Collection time: 5.801s 
                          Learning time: 0.277s 
                        Mean value loss: 0.3714
                    Mean surrogate loss: -0.0015
                      Mean entropy loss: 17.5801
                            Mean reward: -43.62
                    Mean episode length: 346.10
                        Mean action std: 1.05
    Episode_Reward/track_lin_vel_xy_exp: 0.1316
     Episode_Reward/track_ang_vel_z_exp: 0.0761
            Episode_Reward/lin_vel_z_l2: 0.0000
           Episode_Reward/ang_vel_xy_l2: -0.2501
          Episode_Reward/dof_torques_l2: -0.0428
              Episode_Reward/dof_acc_l2: -0.0867
          Episode_Reward/action_rate_l2: -0.0881
      Episode_Reward/undesired_contacts: -0.0098
     Episode_Reward/flat_orientation_l2: -0.0307
          Episode_Reward/dof_pos_limits: 0.0000
   Episode_Reward/disabled_legs_contact: -2.1136
    Episode_Reward/disabled_legs_height: 0.1558
     Episode_Reward/single_leg_air_time: -0.0002
         Episode_Reward/base_height_exp: 0.0378
              Curriculum/terrain_levels: 3.0151
                   Metrics/success_rate: 0.0000
     Metrics/base_velocity/error_vel_xy: 0.8289
    Metrics/base_velocity/error_vel_yaw: 0.9161
           Episode_Termination/time_out: 0.3174
       Episode_Termination/base_contact: 0.1810
--------------------------------------------------------------------------------
                         Iteration time: 6.08s
                           Time elapsed: 00:01:36
                                    ETA: 02:28:39

################################################################################
[1m                           Learning iteration 16/1500                           [0m 

                            Total steps: 1671168 
                       Steps per second: 16191 
                        Collection time: 5.797s 
                          Learning time: 0.274s 
                        Mean value loss: 0.3631
                    Mean surrogate loss: -0.0040
                      Mean entropy loss: 17.6393
                            Mean reward: -46.20
                    Mean episode length: 368.93
                        Mean action std: 1.05
    Episode_Reward/track_lin_vel_xy_exp: 0.1366
     Episode_Reward/track_ang_vel_z_exp: 0.0756
            Episode_Reward/lin_vel_z_l2: 0.0000
           Episode_Reward/ang_vel_xy_l2: -0.2530
          Episode_Reward/dof_torques_l2: -0.0444
              Episode_Reward/dof_acc_l2: -0.0924
          Episode_Reward/action_rate_l2: -0.0912
      Episode_Reward/undesired_contacts: -0.0104
     Episode_Reward/flat_orientation_l2: -0.0355
          Episode_Reward/dof_pos_limits: 0.0000
   Episode_Reward/disabled_legs_contact: -2.1408
    Episode_Reward/disabled_legs_height: 0.1490
     Episode_Reward/single_leg_air_time: -0.0002
         Episode_Reward/base_height_exp: 0.0521
              Curriculum/terrain_levels: 2.9768
                   Metrics/success_rate: 0.0000
     Metrics/base_velocity/error_vel_xy: 0.8133
    Metrics/base_velocity/error_vel_yaw: 0.9363
           Episode_Termination/time_out: 0.3302
       Episode_Termination/base_contact: 0.2005
--------------------------------------------------------------------------------
                         Iteration time: 6.07s
                           Time elapsed: 00:01:42
                                    ETA: 02:28:38

################################################################################
[1m                           Learning iteration 17/1500                           [0m 

                            Total steps: 1769472 
                       Steps per second: 16266 
                        Collection time: 5.768s 
                          Learning time: 0.276s 
                        Mean value loss: 0.3176
                    Mean surrogate loss: -0.0072
                      Mean entropy loss: 17.6430
                            Mean reward: -45.22
                    Mean episode length: 363.44
                        Mean action std: 1.05
    Episode_Reward/track_lin_vel_xy_exp: 0.1680
     Episode_Reward/track_ang_vel_z_exp: 0.0738
            Episode_Reward/lin_vel_z_l2: 0.0000
           Episode_Reward/ang_vel_xy_l2: -0.2521
          Episode_Reward/dof_torques_l2: -0.0445
              Episode_Reward/dof_acc_l2: -0.0946
          Episode_Reward/action_rate_l2: -0.0920
      Episode_Reward/undesired_contacts: -0.0091
     Episode_Reward/flat_orientation_l2: -0.0325
          Episode_Reward/dof_pos_limits: 0.0000
   Episode_Reward/disabled_legs_contact: -2.1723
    Episode_Reward/disabled_legs_height: 0.1433
     Episode_Reward/single_leg_air_time: -0.0002
         Episode_Reward/base_height_exp: 0.0467
              Curriculum/terrain_levels: 2.9357
                   Metrics/success_rate: 0.0000
     Metrics/base_velocity/error_vel_xy: 0.7960
    Metrics/base_velocity/error_vel_yaw: 0.9564
           Episode_Termination/time_out: 0.3442
       Episode_Termination/base_contact: 0.2202
--------------------------------------------------------------------------------
                         Iteration time: 6.04s
                           Time elapsed: 00:01:48
                                    ETA: 02:28:35

################################################################################
[1m                           Learning iteration 18/1500                           [0m 

                            Total steps: 1867776 
                       Steps per second: 16347 
                        Collection time: 5.739s 
                          Learning time: 0.275s 
                        Mean value loss: 0.2906
                    Mean surrogate loss: -0.0082
                      Mean entropy loss: 17.6951
                            Mean reward: -48.43
                    Mean episode length: 386.46
                        Mean action std: 1.06
    Episode_Reward/track_lin_vel_xy_exp: 0.1599
     Episode_Reward/track_ang_vel_z_exp: 0.0821
            Episode_Reward/lin_vel_z_l2: 0.0000
           Episode_Reward/ang_vel_xy_l2: -0.2707
          Episode_Reward/dof_torques_l2: -0.0475
              Episode_Reward/dof_acc_l2: -0.1011
          Episode_Reward/action_rate_l2: -0.0988
      Episode_Reward/undesired_contacts: -0.0109
     Episode_Reward/flat_orientation_l2: -0.0352
          Episode_Reward/dof_pos_limits: 0.0000
   Episode_Reward/disabled_legs_contact: -2.3103
    Episode_Reward/disabled_legs_height: 0.1461
     Episode_Reward/single_leg_air_time: -0.0002
         Episode_Reward/base_height_exp: 0.0500
              Curriculum/terrain_levels: 2.8959
                   Metrics/success_rate: 0.0000
     Metrics/base_velocity/error_vel_xy: 0.7885
    Metrics/base_velocity/error_vel_yaw: 0.9400
           Episode_Termination/time_out: 0.3549
       Episode_Termination/base_contact: 0.2407
--------------------------------------------------------------------------------
                         Iteration time: 6.01s
                           Time elapsed: 00:01:54
                                    ETA: 02:28:28

################################################################################
[1m                           Learning iteration 19/1500                           [0m 

                            Total steps: 1966080 
                       Steps per second: 16376 
                        Collection time: 5.728s 
                          Learning time: 0.275s 
                        Mean value loss: 0.2876
                    Mean surrogate loss: -0.0076
                      Mean entropy loss: 17.7282
                            Mean reward: -51.82
                    Mean episode length: 408.11
                        Mean action std: 1.06
    Episode_Reward/track_lin_vel_xy_exp: 0.1672
     Episode_Reward/track_ang_vel_z_exp: 0.0839
            Episode_Reward/lin_vel_z_l2: 0.0000
           Episode_Reward/ang_vel_xy_l2: -0.2745
          Episode_Reward/dof_torques_l2: -0.0487
              Episode_Reward/dof_acc_l2: -0.1017
          Episode_Reward/action_rate_l2: -0.1008
      Episode_Reward/undesired_contacts: -0.0121
     Episode_Reward/flat_orientation_l2: -0.0370
          Episode_Reward/dof_pos_limits: 0.0000
   Episode_Reward/disabled_legs_contact: -2.3547
    Episode_Reward/disabled_legs_height: 0.1458
     Episode_Reward/single_leg_air_time: -0.0001
         Episode_Reward/base_height_exp: 0.0471
              Curriculum/terrain_levels: 2.8512
                   Metrics/success_rate: 0.0000
     Metrics/base_velocity/error_vel_xy: 0.7842
    Metrics/base_velocity/error_vel_yaw: 0.9318
           Episode_Termination/time_out: 0.3655
       Episode_Termination/base_contact: 0.2629
--------------------------------------------------------------------------------
                         Iteration time: 6.00s
                           Time elapsed: 00:02:00
                                    ETA: 02:28:21

################################################################################
[1m                           Learning iteration 20/1500                           [0m 

                            Total steps: 2064384 
                       Steps per second: 16267 
                        Collection time: 5.766s 
                          Learning time: 0.277s 
                        Mean value loss: 0.3066
                    Mean surrogate loss: -0.0087
                      Mean entropy loss: 17.7711
                            Mean reward: -47.26
                    Mean episode length: 380.54
                        Mean action std: 1.07
    Episode_Reward/track_lin_vel_xy_exp: 0.1655
     Episode_Reward/track_ang_vel_z_exp: 0.0846
            Episode_Reward/lin_vel_z_l2: 0.0000
           Episode_Reward/ang_vel_xy_l2: -0.2734
          Episode_Reward/dof_torques_l2: -0.0484
              Episode_Reward/dof_acc_l2: -0.1018
          Episode_Reward/action_rate_l2: -0.1003
      Episode_Reward/undesired_contacts: -0.0121
     Episode_Reward/flat_orientation_l2: -0.0388
          Episode_Reward/dof_pos_limits: 0.0000
   Episode_Reward/disabled_legs_contact: -2.3087
    Episode_Reward/disabled_legs_height: 0.1382
     Episode_Reward/single_leg_air_time: -0.0002
         Episode_Reward/base_height_exp: 0.0561
              Curriculum/terrain_levels: 2.8047
                   Metrics/success_rate: 0.0000
     Metrics/base_velocity/error_vel_xy: 0.7891
    Metrics/base_velocity/error_vel_yaw: 0.9259
           Episode_Termination/time_out: 0.3711
       Episode_Termination/base_contact: 0.2898
--------------------------------------------------------------------------------
                         Iteration time: 6.04s
                           Time elapsed: 00:02:06
                                    ETA: 02:28:17

################################################################################
[1m                           Learning iteration 21/1500                           [0m 

                            Total steps: 2162688 
                       Steps per second: 16309 
                        Collection time: 5.751s 
                          Learning time: 0.276s 
                        Mean value loss: 0.2893
                    Mean surrogate loss: -0.0094
                      Mean entropy loss: 17.8116
                            Mean reward: -46.62
                    Mean episode length: 381.59
                        Mean action std: 1.07
    Episode_Reward/track_lin_vel_xy_exp: 0.1471
     Episode_Reward/track_ang_vel_z_exp: 0.0800
            Episode_Reward/lin_vel_z_l2: 0.0000
           Episode_Reward/ang_vel_xy_l2: -0.2703
          Episode_Reward/dof_torques_l2: -0.0475
              Episode_Reward/dof_acc_l2: -0.1022
          Episode_Reward/action_rate_l2: -0.0993
      Episode_Reward/undesired_contacts: -0.0122
     Episode_Reward/flat_orientation_l2: -0.0415
          Episode_Reward/dof_pos_limits: 0.0000
   Episode_Reward/disabled_legs_contact: -2.2291
    Episode_Reward/disabled_legs_height: 0.1666
     Episode_Reward/single_leg_air_time: -0.0002
         Episode_Reward/base_height_exp: 0.0446
              Curriculum/terrain_levels: 2.7576
                   Metrics/success_rate: 0.0000
     Metrics/base_velocity/error_vel_xy: 0.8277
    Metrics/base_velocity/error_vel_yaw: 0.9524
           Episode_Termination/time_out: 0.3684
       Episode_Termination/base_contact: 0.3196
--------------------------------------------------------------------------------
                         Iteration time: 6.03s
                           Time elapsed: 00:02:12
                                    ETA: 02:28:12

################################################################################
[1m                           Learning iteration 22/1500                           [0m 

                            Total steps: 2260992 
                       Steps per second: 16449 
                        Collection time: 5.700s 
                          Learning time: 0.276s 
                        Mean value loss: 0.3145
                    Mean surrogate loss: -0.0101
                      Mean entropy loss: 17.8797
                            Mean reward: -47.66
                    Mean episode length: 390.80
                        Mean action std: 1.08
    Episode_Reward/track_lin_vel_xy_exp: 0.1722
     Episode_Reward/track_ang_vel_z_exp: 0.0823
            Episode_Reward/lin_vel_z_l2: 0.0000
           Episode_Reward/ang_vel_xy_l2: -0.2712
          Episode_Reward/dof_torques_l2: -0.0484
              Episode_Reward/dof_acc_l2: -0.1044
          Episode_Reward/action_rate_l2: -0.1002
      Episode_Reward/undesired_contacts: -0.0120
     Episode_Reward/flat_orientation_l2: -0.0409
          Episode_Reward/dof_pos_limits: 0.0000
   Episode_Reward/disabled_legs_contact: -2.2539
    Episode_Reward/disabled_legs_height: 0.1364
     Episode_Reward/single_leg_air_time: -0.0002
         Episode_Reward/base_height_exp: 0.0609
              Curriculum/terrain_levels: 2.7000
                   Metrics/success_rate: 0.0000
     Metrics/base_velocity/error_vel_xy: 0.7724
    Metrics/base_velocity/error_vel_yaw: 0.9369
           Episode_Termination/time_out: 0.3648
       Episode_Termination/base_contact: 0.3527
--------------------------------------------------------------------------------
                         Iteration time: 5.98s
                           Time elapsed: 00:02:18
                                    ETA: 02:28:04

################################################################################
[1m                           Learning iteration 23/1500                           [0m 

                            Total steps: 2359296 
                       Steps per second: 16525 
                        Collection time: 5.672s 
                          Learning time: 0.276s 
                        Mean value loss: 0.3165
                    Mean surrogate loss: -0.0105
                      Mean entropy loss: 17.9182
                            Mean reward: -52.48
                    Mean episode length: 426.39
                        Mean action std: 1.08
    Episode_Reward/track_lin_vel_xy_exp: 0.1806
     Episode_Reward/track_ang_vel_z_exp: 0.0873
            Episode_Reward/lin_vel_z_l2: 0.0000
           Episode_Reward/ang_vel_xy_l2: -0.2878
          Episode_Reward/dof_torques_l2: -0.0505
              Episode_Reward/dof_acc_l2: -0.1126
          Episode_Reward/action_rate_l2: -0.1072
      Episode_Reward/undesired_contacts: -0.0133
     Episode_Reward/flat_orientation_l2: -0.0412
          Episode_Reward/dof_pos_limits: 0.0000
   Episode_Reward/disabled_legs_contact: -2.3845
    Episode_Reward/disabled_legs_height: 0.1301
     Episode_Reward/single_leg_air_time: -0.0001
         Episode_Reward/base_height_exp: 0.0618
              Curriculum/terrain_levels: 2.6424
                   Metrics/success_rate: 0.0000
     Metrics/base_velocity/error_vel_xy: 0.7931
    Metrics/base_velocity/error_vel_yaw: 0.9482
           Episode_Termination/time_out: 0.3631
       Episode_Termination/base_contact: 0.3865
--------------------------------------------------------------------------------
                         Iteration time: 5.95s
                           Time elapsed: 00:02:24
                                    ETA: 02:27:53

################################################################################
[1m                           Learning iteration 24/1500                           [0m 

                            Total steps: 2457600 
                       Steps per second: 16641 
                        Collection time: 5.631s 
                          Learning time: 0.276s 
                        Mean value loss: 0.3916
                    Mean surrogate loss: -0.0109
                      Mean entropy loss: 17.9698
                            Mean reward: -48.99
                    Mean episode length: 398.40
                        Mean action std: 1.09
    Episode_Reward/track_lin_vel_xy_exp: 0.1639
     Episode_Reward/track_ang_vel_z_exp: 0.0848
            Episode_Reward/lin_vel_z_l2: 0.0000
           Episode_Reward/ang_vel_xy_l2: -0.2827
          Episode_Reward/dof_torques_l2: -0.0501
              Episode_Reward/dof_acc_l2: -0.1108
          Episode_Reward/action_rate_l2: -0.1055
      Episode_Reward/undesired_contacts: -0.0149
     Episode_Reward/flat_orientation_l2: -0.0426
          Episode_Reward/dof_pos_limits: 0.0000
   Episode_Reward/disabled_legs_contact: -2.3273
    Episode_Reward/disabled_legs_height: 0.1354
     Episode_Reward/single_leg_air_time: -0.0002
         Episode_Reward/base_height_exp: 0.0608
              Curriculum/terrain_levels: 2.5824
                   Metrics/success_rate: 0.0000
     Metrics/base_velocity/error_vel_xy: 0.8153
    Metrics/base_velocity/error_vel_yaw: 0.9553
           Episode_Termination/time_out: 0.3599
       Episode_Termination/base_contact: 0.4200
--------------------------------------------------------------------------------
                         Iteration time: 5.91s
                           Time elapsed: 00:02:30
                                    ETA: 02:27:41

################################################################################
[1m                           Learning iteration 25/1500                           [0m 

                            Total steps: 2555904 
                       Steps per second: 16843 
                        Collection time: 5.560s 
                          Learning time: 0.276s 
                        Mean value loss: 0.5007
                    Mean surrogate loss: -0.0120
                      Mean entropy loss: 18.0219
                            Mean reward: -46.09
                    Mean episode length: 383.66
                        Mean action std: 1.09
    Episode_Reward/track_lin_vel_xy_exp: 0.1587
     Episode_Reward/track_ang_vel_z_exp: 0.0794
            Episode_Reward/lin_vel_z_l2: 0.0000
           Episode_Reward/ang_vel_xy_l2: -0.2675
          Episode_Reward/dof_torques_l2: -0.0468
              Episode_Reward/dof_acc_l2: -0.1060
          Episode_Reward/action_rate_l2: -0.0990
      Episode_Reward/undesired_contacts: -0.0147
     Episode_Reward/flat_orientation_l2: -0.0410
          Episode_Reward/dof_pos_limits: 0.0000
   Episode_Reward/disabled_legs_contact: -2.1252
    Episode_Reward/disabled_legs_height: 0.1081
     Episode_Reward/single_leg_air_time: -0.0001
         Episode_Reward/base_height_exp: 0.0629
              Curriculum/terrain_levels: 2.5090
                   Metrics/success_rate: 0.0000
     Metrics/base_velocity/error_vel_xy: 0.7870
    Metrics/base_velocity/error_vel_yaw: 0.9657
           Episode_Termination/time_out: 0.3516
       Episode_Termination/base_contact: 0.4593
--------------------------------------------------------------------------------
                         Iteration time: 5.84s
                           Time elapsed: 00:02:36
                                    ETA: 02:27:25

################################################################################
[1m                           Learning iteration 26/1500                           [0m 

                            Total steps: 2654208 
                       Steps per second: 16831 
                        Collection time: 5.564s 
                          Learning time: 0.277s 
                        Mean value loss: 0.6232
                    Mean surrogate loss: -0.0123
                      Mean entropy loss: 18.0681
                            Mean reward: -38.80
                    Mean episode length: 332.39
                        Mean action std: 1.10
    Episode_Reward/track_lin_vel_xy_exp: 0.1491
     Episode_Reward/track_ang_vel_z_exp: 0.0730
            Episode_Reward/lin_vel_z_l2: 0.0000
           Episode_Reward/ang_vel_xy_l2: -0.2444
          Episode_Reward/dof_torques_l2: -0.0428
              Episode_Reward/dof_acc_l2: -0.0967
          Episode_Reward/action_rate_l2: -0.0908
      Episode_Reward/undesired_contacts: -0.0123
     Episode_Reward/flat_orientation_l2: -0.0392
          Episode_Reward/dof_pos_limits: 0.0000
   Episode_Reward/disabled_legs_contact: -1.8815
    Episode_Reward/disabled_legs_height: 0.0994
     Episode_Reward/single_leg_air_time: -0.0001
         Episode_Reward/base_height_exp: 0.0586
              Curriculum/terrain_levels: 2.4234
                   Metrics/success_rate: 0.0000
     Metrics/base_velocity/error_vel_xy: 0.7897
    Metrics/base_velocity/error_vel_yaw: 0.9585
           Episode_Termination/time_out: 0.3334
       Episode_Termination/base_contact: 0.5059
--------------------------------------------------------------------------------
                         Iteration time: 5.84s
                           Time elapsed: 00:02:41
                                    ETA: 02:27:11

################################################################################
[1m                           Learning iteration 27/1500                           [0m 

                            Total steps: 2752512 
                       Steps per second: 17027 
                        Collection time: 5.497s 
                          Learning time: 0.276s 
                        Mean value loss: 0.7285
                    Mean surrogate loss: -0.0131
                      Mean entropy loss: 18.1064
                            Mean reward: -39.43
                    Mean episode length: 339.53
                        Mean action std: 1.10
    Episode_Reward/track_lin_vel_xy_exp: 0.1438
     Episode_Reward/track_ang_vel_z_exp: 0.0708
            Episode_Reward/lin_vel_z_l2: 0.0000
           Episode_Reward/ang_vel_xy_l2: -0.2419
          Episode_Reward/dof_torques_l2: -0.0424
              Episode_Reward/dof_acc_l2: -0.0962
          Episode_Reward/action_rate_l2: -0.0899
      Episode_Reward/undesired_contacts: -0.0123
     Episode_Reward/flat_orientation_l2: -0.0395
          Episode_Reward/dof_pos_limits: 0.0000
   Episode_Reward/disabled_legs_contact: -1.8379
    Episode_Reward/disabled_legs_height: 0.0933
     Episode_Reward/single_leg_air_time: -0.0001
         Episode_Reward/base_height_exp: 0.0625
              Curriculum/terrain_levels: 2.3144
                   Metrics/success_rate: 0.0000
     Metrics/base_velocity/error_vel_xy: 0.7877
    Metrics/base_velocity/error_vel_yaw: 0.9672
           Episode_Termination/time_out: 0.3013
       Episode_Termination/base_contact: 0.5680
--------------------------------------------------------------------------------
                         Iteration time: 5.77s
                           Time elapsed: 00:02:47
                                    ETA: 02:26:53

################################################################################
[1m                           Learning iteration 28/1500                           [0m 

                            Total steps: 2850816 
                       Steps per second: 17096 
                        Collection time: 5.473s 
                          Learning time: 0.277s 
                        Mean value loss: 0.7449
                    Mean surrogate loss: -0.0127
                      Mean entropy loss: 18.1447
                            Mean reward: -42.28
                    Mean episode length: 355.46
                        Mean action std: 1.10
    Episode_Reward/track_lin_vel_xy_exp: 0.1406
     Episode_Reward/track_ang_vel_z_exp: 0.0667
            Episode_Reward/lin_vel_z_l2: 0.0000
           Episode_Reward/ang_vel_xy_l2: -0.2335
          Episode_Reward/dof_torques_l2: -0.0408
              Episode_Reward/dof_acc_l2: -0.0941
          Episode_Reward/action_rate_l2: -0.0868
      Episode_Reward/undesired_contacts: -0.0133
     Episode_Reward/flat_orientation_l2: -0.0397
          Episode_Reward/dof_pos_limits: 0.0000
   Episode_Reward/disabled_legs_contact: -1.7366
    Episode_Reward/disabled_legs_height: 0.0870
     Episode_Reward/single_leg_air_time: -0.0001
         Episode_Reward/base_height_exp: 0.0565
              Curriculum/terrain_levels: 2.1900
                   Metrics/success_rate: 0.0000
     Metrics/base_velocity/error_vel_xy: 0.7892
    Metrics/base_velocity/error_vel_yaw: 0.9770
           Episode_Termination/time_out: 0.2598
       Episode_Termination/base_contact: 0.6396
--------------------------------------------------------------------------------
                         Iteration time: 5.75s
                           Time elapsed: 00:02:53
                                    ETA: 02:26:35

################################################################################
[1m                           Learning iteration 29/1500                           [0m 

                            Total steps: 2949120 
                       Steps per second: 17180 
                        Collection time: 5.445s 
                          Learning time: 0.276s 
                        Mean value loss: 0.7662
                    Mean surrogate loss: -0.0128
                      Mean entropy loss: 18.1943
                            Mean reward: -26.45
                    Mean episode length: 234.51
                        Mean action std: 1.11
    Episode_Reward/track_lin_vel_xy_exp: 0.1140
     Episode_Reward/track_ang_vel_z_exp: 0.0573
            Episode_Reward/lin_vel_z_l2: 0.0000
           Episode_Reward/ang_vel_xy_l2: -0.2026
          Episode_Reward/dof_torques_l2: -0.0348
              Episode_Reward/dof_acc_l2: -0.0826
          Episode_Reward/action_rate_l2: -0.0750
      Episode_Reward/undesired_contacts: -0.0139
     Episode_Reward/flat_orientation_l2: -0.0388
          Episode_Reward/dof_pos_limits: 0.0000
   Episode_Reward/disabled_legs_contact: -1.4286
    Episode_Reward/disabled_legs_height: 0.0781
     Episode_Reward/single_leg_air_time: -0.0001
         Episode_Reward/base_height_exp: 0.0461
              Curriculum/terrain_levels: 2.0294
                   Metrics/success_rate: 0.0000
     Metrics/base_velocity/error_vel_xy: 0.8086
    Metrics/base_velocity/error_vel_yaw: 0.9924
           Episode_Termination/time_out: 0.2053
       Episode_Termination/base_contact: 0.7271
--------------------------------------------------------------------------------
                         Iteration time: 5.72s
                           Time elapsed: 00:02:59
                                    ETA: 02:26:16

################################################################################
[1m                           Learning iteration 30/1500                           [0m 

                            Total steps: 3047424 
                       Steps per second: 17184 
                        Collection time: 5.443s 
                          Learning time: 0.277s 
                        Mean value loss: 0.7015
                    Mean surrogate loss: -0.0122
                      Mean entropy loss: 18.2301
                            Mean reward: -29.40
                    Mean episode length: 267.05
                        Mean action std: 1.11
    Episode_Reward/track_lin_vel_xy_exp: 0.1123
     Episode_Reward/track_ang_vel_z_exp: 0.0533
            Episode_Reward/lin_vel_z_l2: 0.0000
           Episode_Reward/ang_vel_xy_l2: -0.1866
          Episode_Reward/dof_torques_l2: -0.0316
              Episode_Reward/dof_acc_l2: -0.0764
          Episode_Reward/action_rate_l2: -0.0688
      Episode_Reward/undesired_contacts: -0.0137
     Episode_Reward/flat_orientation_l2: -0.0374
          Episode_Reward/dof_pos_limits: 0.0000
   Episode_Reward/disabled_legs_contact: -1.2649
    Episode_Reward/disabled_legs_height: 0.0639
     Episode_Reward/single_leg_air_time: -0.0000
         Episode_Reward/base_height_exp: 0.0418
              Curriculum/terrain_levels: 1.8398
                   Metrics/success_rate: 0.0000
     Metrics/base_velocity/error_vel_xy: 0.7994
    Metrics/base_velocity/error_vel_yaw: 0.9928
           Episode_Termination/time_out: 0.1461
       Episode_Termination/base_contact: 0.8130
--------------------------------------------------------------------------------
                         Iteration time: 5.72s
                           Time elapsed: 00:03:04
                                    ETA: 02:25:59

################################################################################
[1m                           Learning iteration 31/1500                           [0m 

                            Total steps: 3145728 
                       Steps per second: 16961 
                        Collection time: 5.519s 
                          Learning time: 0.277s 
                        Mean value loss: 0.6523
                    Mean surrogate loss: -0.0120
                      Mean entropy loss: 18.2485
                            Mean reward: -17.89
                    Mean episode length: 172.35
                        Mean action std: 1.11
    Episode_Reward/track_lin_vel_xy_exp: 0.0802
     Episode_Reward/track_ang_vel_z_exp: 0.0394
            Episode_Reward/lin_vel_z_l2: 0.0000
           Episode_Reward/ang_vel_xy_l2: -0.1468
          Episode_Reward/dof_torques_l2: -0.0236
              Episode_Reward/dof_acc_l2: -0.0614
          Episode_Reward/action_rate_l2: -0.0529
      Episode_Reward/undesired_contacts: -0.0134
     Episode_Reward/flat_orientation_l2: -0.0348
          Episode_Reward/dof_pos_limits: 0.0000
   Episode_Reward/disabled_legs_contact: -0.8985
    Episode_Reward/disabled_legs_height: 0.0566
     Episode_Reward/single_leg_air_time: 0.0000
         Episode_Reward/base_height_exp: 0.0312
              Curriculum/terrain_levels: 1.6381
                   Metrics/success_rate: 0.0000
     Metrics/base_velocity/error_vel_xy: 0.7972
    Metrics/base_velocity/error_vel_yaw: 1.0087
           Episode_Termination/time_out: 0.0911
       Episode_Termination/base_contact: 0.8864
--------------------------------------------------------------------------------
                         Iteration time: 5.80s
                           Time elapsed: 00:03:10
                                    ETA: 02:25:45

################################################################################
[1m                           Learning iteration 32/1500                           [0m 

                            Total steps: 3244032 
                       Steps per second: 16879 
                        Collection time: 5.547s 
                          Learning time: 0.277s 
                        Mean value loss: 0.5902
                    Mean surrogate loss: -0.0120
                      Mean entropy loss: 18.2664
                            Mean reward: -10.74
                    Mean episode length: 114.43
                        Mean action std: 1.11
    Episode_Reward/track_lin_vel_xy_exp: 0.0569
     Episode_Reward/track_ang_vel_z_exp: 0.0294
            Episode_Reward/lin_vel_z_l2: 0.0000
           Episode_Reward/ang_vel_xy_l2: -0.1186
          Episode_Reward/dof_torques_l2: -0.0174
              Episode_Reward/dof_acc_l2: -0.0496
          Episode_Reward/action_rate_l2: -0.0408
      Episode_Reward/undesired_contacts: -0.0126
     Episode_Reward/flat_orientation_l2: -0.0320
          Episode_Reward/dof_pos_limits: 0.0000
   Episode_Reward/disabled_legs_contact: -0.6208
    Episode_Reward/disabled_legs_height: 0.0468
     Episode_Reward/single_leg_air_time: 0.0001
         Episode_Reward/base_height_exp: 0.0228
              Curriculum/terrain_levels: 1.4344
                   Metrics/success_rate: 0.0000
     Metrics/base_velocity/error_vel_xy: 0.8301
    Metrics/base_velocity/error_vel_yaw: 1.0246
           Episode_Termination/time_out: 0.0534
       Episode_Termination/base_contact: 0.9357
--------------------------------------------------------------------------------
                         Iteration time: 5.82s
                           Time elapsed: 00:03:16
                                    ETA: 02:25:33

################################################################################
[1m                           Learning iteration 33/1500                           [0m 

                            Total steps: 3342336 
                       Steps per second: 16774 
                        Collection time: 5.584s 
                          Learning time: 0.276s 
                        Mean value loss: 0.5509
                    Mean surrogate loss: -0.0114
                      Mean entropy loss: 18.2833
                            Mean reward: -7.88
                    Mean episode length: 88.66
                        Mean action std: 1.12
    Episode_Reward/track_lin_vel_xy_exp: 0.0413
     Episode_Reward/track_ang_vel_z_exp: 0.0213
            Episode_Reward/lin_vel_z_l2: 0.0000
           Episode_Reward/ang_vel_xy_l2: -0.0932
          Episode_Reward/dof_torques_l2: -0.0121
              Episode_Reward/dof_acc_l2: -0.0390
          Episode_Reward/action_rate_l2: -0.0300
      Episode_Reward/undesired_contacts: -0.0114
     Episode_Reward/flat_orientation_l2: -0.0297
          Episode_Reward/dof_pos_limits: 0.0000
   Episode_Reward/disabled_legs_contact: -0.3911
    Episode_Reward/disabled_legs_height: 0.0359
     Episode_Reward/single_leg_air_time: 0.0001
         Episode_Reward/base_height_exp: 0.0142
              Curriculum/terrain_levels: 1.2187
                   Metrics/success_rate: 0.0000
     Metrics/base_velocity/error_vel_xy: 0.8438
    Metrics/base_velocity/error_vel_yaw: 1.0377
           Episode_Termination/time_out: 0.0263
       Episode_Termination/base_contact: 0.9691
--------------------------------------------------------------------------------
                         Iteration time: 5.86s
                           Time elapsed: 00:03:22
                                    ETA: 02:25:23

################################################################################
[1m                           Learning iteration 34/1500                           [0m 

                            Total steps: 3440640 
                       Steps per second: 16328 
                        Collection time: 5.743s 
                          Learning time: 0.277s 
                        Mean value loss: 0.5074
                    Mean surrogate loss: -0.0122
                      Mean entropy loss: 18.3180
                            Mean reward: -5.90
                    Mean episode length: 73.26
                        Mean action std: 1.12
    Episode_Reward/track_lin_vel_xy_exp: 0.0356
     Episode_Reward/track_ang_vel_z_exp: 0.0169
            Episode_Reward/lin_vel_z_l2: 0.0000
           Episode_Reward/ang_vel_xy_l2: -0.0794
          Episode_Reward/dof_torques_l2: -0.0093
              Episode_Reward/dof_acc_l2: -0.0339
          Episode_Reward/action_rate_l2: -0.0246
      Episode_Reward/undesired_contacts: -0.0114
     Episode_Reward/flat_orientation_l2: -0.0287
          Episode_Reward/dof_pos_limits: 0.0000
   Episode_Reward/disabled_legs_contact: -0.2707
    Episode_Reward/disabled_legs_height: 0.0314
     Episode_Reward/single_leg_air_time: 0.0002
         Episode_Reward/base_height_exp: 0.0096
              Curriculum/terrain_levels: 1.0191
                   Metrics/success_rate: 0.0000
     Metrics/base_velocity/error_vel_xy: 0.8334
    Metrics/base_velocity/error_vel_yaw: 1.0503
           Episode_Termination/time_out: 0.0143
       Episode_Termination/base_contact: 0.9836
--------------------------------------------------------------------------------
                         Iteration time: 6.02s
                           Time elapsed: 00:03:28
                                    ETA: 02:25:20

################################################################################
[1m                           Learning iteration 35/1500                           [0m 

                            Total steps: 3538944 
                       Steps per second: 16175 
                        Collection time: 5.801s 
                          Learning time: 0.277s 
                        Mean value loss: 0.4774
                    Mean surrogate loss: -0.0092
                      Mean entropy loss: 18.3454
                            Mean reward: -4.81
                    Mean episode length: 62.78
                        Mean action std: 1.12
    Episode_Reward/track_lin_vel_xy_exp: 0.0275
     Episode_Reward/track_ang_vel_z_exp: 0.0144
            Episode_Reward/lin_vel_z_l2: 0.0000
           Episode_Reward/ang_vel_xy_l2: -0.0731
          Episode_Reward/dof_torques_l2: -0.0077
              Episode_Reward/dof_acc_l2: -0.0310
          Episode_Reward/action_rate_l2: -0.0217
      Episode_Reward/undesired_contacts: -0.0108
     Episode_Reward/flat_orientation_l2: -0.0275
          Episode_Reward/dof_pos_limits: 0.0000
   Episode_Reward/disabled_legs_contact: -0.2097
    Episode_Reward/disabled_legs_height: 0.0284
     Episode_Reward/single_leg_air_time: 0.0002
         Episode_Reward/base_height_exp: 0.0079
              Curriculum/terrain_levels: 0.8295
                   Metrics/success_rate: 0.0000
     Metrics/base_velocity/error_vel_xy: 0.8397
    Metrics/base_velocity/error_vel_yaw: 1.0599
           Episode_Termination/time_out: 0.0087
       Episode_Termination/base_contact: 0.9904
--------------------------------------------------------------------------------
                         Iteration time: 6.08s
                           Time elapsed: 00:03:34
                                    ETA: 02:25:19

################################################################################
[1m                           Learning iteration 36/1500                           [0m 

                            Total steps: 3637248 
                       Steps per second: 15937 
                        Collection time: 5.892s 
                          Learning time: 0.276s 
                        Mean value loss: 0.4030
                    Mean surrogate loss: -0.0108
                      Mean entropy loss: 18.3693
                            Mean reward: -4.52
                    Mean episode length: 58.84
                        Mean action std: 1.12
    Episode_Reward/track_lin_vel_xy_exp: 0.0270
     Episode_Reward/track_ang_vel_z_exp: 0.0131
            Episode_Reward/lin_vel_z_l2: 0.0000
           Episode_Reward/ang_vel_xy_l2: -0.0692
          Episode_Reward/dof_torques_l2: -0.0067
              Episode_Reward/dof_acc_l2: -0.0295
          Episode_Reward/action_rate_l2: -0.0197
      Episode_Reward/undesired_contacts: -0.0105
     Episode_Reward/flat_orientation_l2: -0.0262
          Episode_Reward/dof_pos_limits: 0.0000
   Episode_Reward/disabled_legs_contact: -0.1713
    Episode_Reward/disabled_legs_height: 0.0266
     Episode_Reward/single_leg_air_time: 0.0002
         Episode_Reward/base_height_exp: 0.0064
              Curriculum/terrain_levels: 0.6533
                   Metrics/success_rate: 0.0000
     Metrics/base_velocity/error_vel_xy: 0.8258
    Metrics/base_velocity/error_vel_yaw: 1.0561
           Episode_Termination/time_out: 0.0049
       Episode_Termination/base_contact: 0.9946
--------------------------------------------------------------------------------
                         Iteration time: 6.17s
                           Time elapsed: 00:03:40
                                    ETA: 02:25:22

################################################################################
[1m                           Learning iteration 37/1500                           [0m 

                            Total steps: 3735552 
                       Steps per second: 15587 
                        Collection time: 6.029s 
                          Learning time: 0.278s 
                        Mean value loss: 0.3455
                    Mean surrogate loss: -0.0120
                      Mean entropy loss: 18.3859
                            Mean reward: -4.07
                    Mean episode length: 54.60
                        Mean action std: 1.12
    Episode_Reward/track_lin_vel_xy_exp: 0.0238
     Episode_Reward/track_ang_vel_z_exp: 0.0118
            Episode_Reward/lin_vel_z_l2: 0.0000
           Episode_Reward/ang_vel_xy_l2: -0.0664
          Episode_Reward/dof_torques_l2: -0.0059
              Episode_Reward/dof_acc_l2: -0.0285
          Episode_Reward/action_rate_l2: -0.0183
      Episode_Reward/undesired_contacts: -0.0105
     Episode_Reward/flat_orientation_l2: -0.0257
          Episode_Reward/dof_pos_limits: 0.0000
   Episode_Reward/disabled_legs_contact: -0.1384
    Episode_Reward/disabled_legs_height: 0.0247
     Episode_Reward/single_leg_air_time: 0.0002
         Episode_Reward/base_height_exp: 0.0057
              Curriculum/terrain_levels: 0.5015
                   Metrics/success_rate: 0.0000
     Metrics/base_velocity/error_vel_xy: 0.8364
    Metrics/base_velocity/error_vel_yaw: 1.0603
           Episode_Termination/time_out: 0.0022
       Episode_Termination/base_contact: 0.9973
--------------------------------------------------------------------------------
                         Iteration time: 6.31s
                           Time elapsed: 00:03:46
                                    ETA: 02:25:29

################################################################################
[1m                           Learning iteration 38/1500                           [0m 

                            Total steps: 3833856 
                       Steps per second: 15327 
                        Collection time: 6.138s 
                          Learning time: 0.276s 
                        Mean value loss: 0.2925
                    Mean surrogate loss: -0.0118
                      Mean entropy loss: 18.4120
                            Mean reward: -4.14
                    Mean episode length: 55.81
                        Mean action std: 1.13
    Episode_Reward/track_lin_vel_xy_exp: 0.0215
     Episode_Reward/track_ang_vel_z_exp: 0.0109
            Episode_Reward/lin_vel_z_l2: 0.0000
           Episode_Reward/ang_vel_xy_l2: -0.0651
          Episode_Reward/dof_torques_l2: -0.0054
              Episode_Reward/dof_acc_l2: -0.0270
          Episode_Reward/action_rate_l2: -0.0172
      Episode_Reward/undesired_contacts: -0.0101
     Episode_Reward/flat_orientation_l2: -0.0246
          Episode_Reward/dof_pos_limits: 0.0000
   Episode_Reward/disabled_legs_contact: -0.1213
    Episode_Reward/disabled_legs_height: 0.0237
     Episode_Reward/single_leg_air_time: 0.0002
         Episode_Reward/base_height_exp: 0.0050
              Curriculum/terrain_levels: 0.3674
                   Metrics/success_rate: 0.0000
     Metrics/base_velocity/error_vel_xy: 0.8445
    Metrics/base_velocity/error_vel_yaw: 1.0708
           Episode_Termination/time_out: 0.0015
       Episode_Termination/base_contact: 0.9980
--------------------------------------------------------------------------------
                         Iteration time: 6.41s
                           Time elapsed: 00:03:53
                                    ETA: 02:25:40

################################################################################
[1m                           Learning iteration 39/1500                           [0m 

                            Total steps: 3932160 
                       Steps per second: 14919 
                        Collection time: 6.310s 
                          Learning time: 0.279s 
                        Mean value loss: 0.2268
                    Mean surrogate loss: -0.0116
                      Mean entropy loss: 18.4251
                            Mean reward: -3.79
                    Mean episode length: 52.35
                        Mean action std: 1.13
    Episode_Reward/track_lin_vel_xy_exp: 0.0202
     Episode_Reward/track_ang_vel_z_exp: 0.0107
            Episode_Reward/lin_vel_z_l2: 0.0000
           Episode_Reward/ang_vel_xy_l2: -0.0652
          Episode_Reward/dof_torques_l2: -0.0052
              Episode_Reward/dof_acc_l2: -0.0273
          Episode_Reward/action_rate_l2: -0.0168
      Episode_Reward/undesired_contacts: -0.0104
     Episode_Reward/flat_orientation_l2: -0.0239
          Episode_Reward/dof_pos_limits: 0.0000
   Episode_Reward/disabled_legs_contact: -0.1127
    Episode_Reward/disabled_legs_height: 0.0236
     Episode_Reward/single_leg_air_time: 0.0001
         Episode_Reward/base_height_exp: 0.0048
              Curriculum/terrain_levels: 0.2557
                   Metrics/success_rate: 0.0000
     Metrics/base_velocity/error_vel_xy: 0.8537
    Metrics/base_velocity/error_vel_yaw: 1.0677
           Episode_Termination/time_out: 0.0016
       Episode_Termination/base_contact: 0.9981
--------------------------------------------------------------------------------
                         Iteration time: 6.59s
                           Time elapsed: 00:03:59
                                    ETA: 02:25:56

################################################################################
[1m                           Learning iteration 40/1500                           [0m 

                            Total steps: 4030464 
                       Steps per second: 14709 
                        Collection time: 6.407s 
                          Learning time: 0.276s 
                        Mean value loss: 0.1962
                    Mean surrogate loss: -0.0106
                      Mean entropy loss: 18.4194
                            Mean reward: -3.69
                    Mean episode length: 51.21
                        Mean action std: 1.13
    Episode_Reward/track_lin_vel_xy_exp: 0.0197
     Episode_Reward/track_ang_vel_z_exp: 0.0102
            Episode_Reward/lin_vel_z_l2: 0.0000
           Episode_Reward/ang_vel_xy_l2: -0.0646
          Episode_Reward/dof_torques_l2: -0.0049
              Episode_Reward/dof_acc_l2: -0.0265
          Episode_Reward/action_rate_l2: -0.0162
      Episode_Reward/undesired_contacts: -0.0099
     Episode_Reward/flat_orientation_l2: -0.0230
          Episode_Reward/dof_pos_limits: 0.0000
   Episode_Reward/disabled_legs_contact: -0.1027
    Episode_Reward/disabled_legs_height: 0.0223
     Episode_Reward/single_leg_air_time: 0.0001
         Episode_Reward/base_height_exp: 0.0045
              Curriculum/terrain_levels: 0.1722
                   Metrics/success_rate: 0.0000
     Metrics/base_velocity/error_vel_xy: 0.8484
    Metrics/base_velocity/error_vel_yaw: 1.0715
           Episode_Termination/time_out: 0.0013
       Episode_Termination/base_contact: 0.9987
--------------------------------------------------------------------------------
                         Iteration time: 6.68s
                           Time elapsed: 00:04:06
                                    ETA: 02:26:14

################################################################################
[1m                           Learning iteration 41/1500                           [0m 

                            Total steps: 4128768 
                       Steps per second: 14450 
                        Collection time: 6.527s 
                          Learning time: 0.275s 
                        Mean value loss: 0.1620
                    Mean surrogate loss: -0.0120
                      Mean entropy loss: 18.4126
                            Mean reward: -3.29
                    Mean episode length: 47.96
                        Mean action std: 1.13
    Episode_Reward/track_lin_vel_xy_exp: 0.0183
     Episode_Reward/track_ang_vel_z_exp: 0.0096
            Episode_Reward/lin_vel_z_l2: 0.0000
           Episode_Reward/ang_vel_xy_l2: -0.0631
          Episode_Reward/dof_torques_l2: -0.0045
              Episode_Reward/dof_acc_l2: -0.0256
          Episode_Reward/action_rate_l2: -0.0153
      Episode_Reward/undesired_contacts: -0.0093
     Episode_Reward/flat_orientation_l2: -0.0219
          Episode_Reward/dof_pos_limits: 0.0000
   Episode_Reward/disabled_legs_contact: -0.0882
    Episode_Reward/disabled_legs_height: 0.0215
     Episode_Reward/single_leg_air_time: 0.0001
         Episode_Reward/base_height_exp: 0.0039
              Curriculum/terrain_levels: 0.1079
                   Metrics/success_rate: 0.0000
     Metrics/base_velocity/error_vel_xy: 0.8472
    Metrics/base_velocity/error_vel_yaw: 1.0767
           Episode_Termination/time_out: 0.0010
       Episode_Termination/base_contact: 0.9990
--------------------------------------------------------------------------------
                         Iteration time: 6.80s
                           Time elapsed: 00:04:13
                                    ETA: 02:26:35

################################################################################
[1m                           Learning iteration 42/1500                           [0m 

                            Total steps: 4227072 
                       Steps per second: 14333 
                        Collection time: 6.583s 
                          Learning time: 0.276s 
                        Mean value loss: 0.1203
                    Mean surrogate loss: -0.0117
                      Mean entropy loss: 18.4000
                            Mean reward: -3.32
                    Mean episode length: 46.42
                        Mean action std: 1.12
    Episode_Reward/track_lin_vel_xy_exp: 0.0170
     Episode_Reward/track_ang_vel_z_exp: 0.0091
            Episode_Reward/lin_vel_z_l2: 0.0000
           Episode_Reward/ang_vel_xy_l2: -0.0629
          Episode_Reward/dof_torques_l2: -0.0043
              Episode_Reward/dof_acc_l2: -0.0251
          Episode_Reward/action_rate_l2: -0.0147
      Episode_Reward/undesired_contacts: -0.0089
     Episode_Reward/flat_orientation_l2: -0.0209
          Episode_Reward/dof_pos_limits: 0.0000
   Episode_Reward/disabled_legs_contact: -0.0796
    Episode_Reward/disabled_legs_height: 0.0206
     Episode_Reward/single_leg_air_time: 0.0001
         Episode_Reward/base_height_exp: 0.0036
              Curriculum/terrain_levels: 0.0667
                   Metrics/success_rate: 0.0006
     Metrics/base_velocity/error_vel_xy: 0.8584
    Metrics/base_velocity/error_vel_yaw: 1.0801
           Episode_Termination/time_out: 0.0007
       Episode_Termination/base_contact: 0.9993
--------------------------------------------------------------------------------
                         Iteration time: 6.86s
                           Time elapsed: 00:04:20
                                    ETA: 02:26:57

################################################################################
[1m                           Learning iteration 43/1500                           [0m 

                            Total steps: 4325376 
                       Steps per second: 14272 
                        Collection time: 6.610s 
                          Learning time: 0.277s 
                        Mean value loss: 0.0991
                    Mean surrogate loss: -0.0116
                      Mean entropy loss: 18.3748
                            Mean reward: -3.00
                    Mean episode length: 43.95
                        Mean action std: 1.12
    Episode_Reward/track_lin_vel_xy_exp: 0.0166
     Episode_Reward/track_ang_vel_z_exp: 0.0087
            Episode_Reward/lin_vel_z_l2: 0.0000
           Episode_Reward/ang_vel_xy_l2: -0.0630
          Episode_Reward/dof_torques_l2: -0.0041
              Episode_Reward/dof_acc_l2: -0.0246
          Episode_Reward/action_rate_l2: -0.0143
      Episode_Reward/undesired_contacts: -0.0094
     Episode_Reward/flat_orientation_l2: -0.0206
          Episode_Reward/dof_pos_limits: 0.0000
   Episode_Reward/disabled_legs_contact: -0.0715
    Episode_Reward/disabled_legs_height: 0.0203
     Episode_Reward/single_leg_air_time: 0.0001
         Episode_Reward/base_height_exp: 0.0034
              Curriculum/terrain_levels: 0.0409
                   Metrics/success_rate: 0.0000
     Metrics/base_velocity/error_vel_xy: 0.8556
    Metrics/base_velocity/error_vel_yaw: 1.0853
           Episode_Termination/time_out: 0.0007
       Episode_Termination/base_contact: 0.9993
--------------------------------------------------------------------------------
                         Iteration time: 6.89s
                           Time elapsed: 00:04:27
                                    ETA: 02:27:19

################################################################################
[1m                           Learning iteration 44/1500                           [0m 

                            Total steps: 4423680 
                       Steps per second: 14251 
                        Collection time: 6.620s 
                          Learning time: 0.278s 
                        Mean value loss: 0.0817
                    Mean surrogate loss: -0.0109
                      Mean entropy loss: 18.3546
                            Mean reward: -2.95
                    Mean episode length: 43.38
                        Mean action std: 1.12
    Episode_Reward/track_lin_vel_xy_exp: 0.0169
     Episode_Reward/track_ang_vel_z_exp: 0.0087
            Episode_Reward/lin_vel_z_l2: 0.0000
           Episode_Reward/ang_vel_xy_l2: -0.0629
          Episode_Reward/dof_torques_l2: -0.0040
              Episode_Reward/dof_acc_l2: -0.0244
          Episode_Reward/action_rate_l2: -0.0140
      Episode_Reward/undesired_contacts: -0.0094
     Episode_Reward/flat_orientation_l2: -0.0201
          Episode_Reward/dof_pos_limits: 0.0000
   Episode_Reward/disabled_legs_contact: -0.0677
    Episode_Reward/disabled_legs_height: 0.0207
     Episode_Reward/single_leg_air_time: 0.0001
         Episode_Reward/base_height_exp: 0.0032
              Curriculum/terrain_levels: 0.0254
                   Metrics/success_rate: 0.0000
     Metrics/base_velocity/error_vel_xy: 0.8408
    Metrics/base_velocity/error_vel_yaw: 1.0781
           Episode_Termination/time_out: 0.0007
       Episode_Termination/base_contact: 0.9993
--------------------------------------------------------------------------------
                         Iteration time: 6.90s
                           Time elapsed: 00:04:34
                                    ETA: 02:27:40

################################################################################
[1m                           Learning iteration 45/1500                           [0m 

                            Total steps: 4521984 
                       Steps per second: 14149 
                        Collection time: 6.671s 
                          Learning time: 0.277s 
                        Mean value loss: 0.0674
                    Mean surrogate loss: -0.0106
                      Mean entropy loss: 18.3358
                            Mean reward: -2.65
                    Mean episode length: 40.26
                        Mean action std: 1.12
    Episode_Reward/track_lin_vel_xy_exp: 0.0160
     Episode_Reward/track_ang_vel_z_exp: 0.0081
            Episode_Reward/lin_vel_z_l2: 0.0000
           Episode_Reward/ang_vel_xy_l2: -0.0619
          Episode_Reward/dof_torques_l2: -0.0037
              Episode_Reward/dof_acc_l2: -0.0235
          Episode_Reward/action_rate_l2: -0.0133
      Episode_Reward/undesired_contacts: -0.0092
     Episode_Reward/flat_orientation_l2: -0.0192
          Episode_Reward/dof_pos_limits: 0.0000
   Episode_Reward/disabled_legs_contact: -0.0584
    Episode_Reward/disabled_legs_height: 0.0198
     Episode_Reward/single_leg_air_time: 0.0001
         Episode_Reward/base_height_exp: 0.0029
              Curriculum/terrain_levels: 0.0170
                   Metrics/success_rate: 0.0000
     Metrics/base_velocity/error_vel_xy: 0.8491
    Metrics/base_velocity/error_vel_yaw: 1.0952
           Episode_Termination/time_out: 0.0007
       Episode_Termination/base_contact: 0.9993
--------------------------------------------------------------------------------
                         Iteration time: 6.95s
                           Time elapsed: 00:04:40
                                    ETA: 02:28:01

################################################################################
[1m                           Learning iteration 46/1500                           [0m 

                            Total steps: 4620288 
                       Steps per second: 14141 
                        Collection time: 6.674s 
                          Learning time: 0.278s 
                        Mean value loss: 0.0540
                    Mean surrogate loss: -0.0114
                      Mean entropy loss: 18.3068
                            Mean reward: -2.88
                    Mean episode length: 43.86
                        Mean action std: 1.12
    Episode_Reward/track_lin_vel_xy_exp: 0.0157
     Episode_Reward/track_ang_vel_z_exp: 0.0080
            Episode_Reward/lin_vel_z_l2: 0.0000
           Episode_Reward/ang_vel_xy_l2: -0.0616
          Episode_Reward/dof_torques_l2: -0.0036
              Episode_Reward/dof_acc_l2: -0.0233
          Episode_Reward/action_rate_l2: -0.0130
      Episode_Reward/undesired_contacts: -0.0095
     Episode_Reward/flat_orientation_l2: -0.0191
          Episode_Reward/dof_pos_limits: 0.0000
   Episode_Reward/disabled_legs_contact: -0.0554
    Episode_Reward/disabled_legs_height: 0.0193
     Episode_Reward/single_leg_air_time: 0.0001
         Episode_Reward/base_height_exp: 0.0028
              Curriculum/terrain_levels: 0.0123
                   Metrics/success_rate: 0.0000
     Metrics/base_velocity/error_vel_xy: 0.8500
    Metrics/base_velocity/error_vel_yaw: 1.0964
           Episode_Termination/time_out: 0.0005
       Episode_Termination/base_contact: 0.9995
--------------------------------------------------------------------------------
                         Iteration time: 6.95s
                           Time elapsed: 00:04:47
                                    ETA: 02:28:21

################################################################################
[1m                           Learning iteration 47/1500                           [0m 

                            Total steps: 4718592 
                       Steps per second: 14172 
                        Collection time: 6.659s 
                          Learning time: 0.278s 
                        Mean value loss: 0.0462
                    Mean surrogate loss: -0.0118
                      Mean entropy loss: 18.2544
                            Mean reward: -2.90
                    Mean episode length: 46.04
                        Mean action std: 1.11
    Episode_Reward/track_lin_vel_xy_exp: 0.0162
     Episode_Reward/track_ang_vel_z_exp: 0.0078
            Episode_Reward/lin_vel_z_l2: 0.0000
           Episode_Reward/ang_vel_xy_l2: -0.0610
          Episode_Reward/dof_torques_l2: -0.0035
              Episode_Reward/dof_acc_l2: -0.0230
          Episode_Reward/action_rate_l2: -0.0128
      Episode_Reward/undesired_contacts: -0.0090
     Episode_Reward/flat_orientation_l2: -0.0187
          Episode_Reward/dof_pos_limits: 0.0000
   Episode_Reward/disabled_legs_contact: -0.0504
    Episode_Reward/disabled_legs_height: 0.0199
     Episode_Reward/single_leg_air_time: 0.0001
         Episode_Reward/base_height_exp: 0.0026
              Curriculum/terrain_levels: 0.0091
                   Metrics/success_rate: 0.0000
     Metrics/base_velocity/error_vel_xy: 0.8426
    Metrics/base_velocity/error_vel_yaw: 1.0964
           Episode_Termination/time_out: 0.0005
       Episode_Termination/base_contact: 0.9995
--------------------------------------------------------------------------------
                         Iteration time: 6.94s
                           Time elapsed: 00:04:54
                                    ETA: 02:28:39

################################################################################
[1m                           Learning iteration 48/1500                           [0m 

                            Total steps: 4816896 
                       Steps per second: 14181 
                        Collection time: 6.656s 
                          Learning time: 0.276s 
                        Mean value loss: 0.0365
                    Mean surrogate loss: -0.0114
                      Mean entropy loss: 18.2024
                            Mean reward: -2.48
                    Mean episode length: 39.89
                        Mean action std: 1.11
    Episode_Reward/track_lin_vel_xy_exp: 0.0162
     Episode_Reward/track_ang_vel_z_exp: 0.0081
            Episode_Reward/lin_vel_z_l2: 0.0000
           Episode_Reward/ang_vel_xy_l2: -0.0609
          Episode_Reward/dof_torques_l2: -0.0035
              Episode_Reward/dof_acc_l2: -0.0227
          Episode_Reward/action_rate_l2: -0.0127
      Episode_Reward/undesired_contacts: -0.0093
     Episode_Reward/flat_orientation_l2: -0.0187
          Episode_Reward/dof_pos_limits: 0.0000
   Episode_Reward/disabled_legs_contact: -0.0473
    Episode_Reward/disabled_legs_height: 0.0193
     Episode_Reward/single_leg_air_time: 0.0001
         Episode_Reward/base_height_exp: 0.0026
              Curriculum/terrain_levels: 0.0074
                   Metrics/success_rate: 0.0000
     Metrics/base_velocity/error_vel_xy: 0.8388
    Metrics/base_velocity/error_vel_yaw: 1.0864
           Episode_Termination/time_out: 0.0001
       Episode_Termination/base_contact: 0.9999
--------------------------------------------------------------------------------
                         Iteration time: 6.93s
                           Time elapsed: 00:05:01
                                    ETA: 02:28:56

################################################################################
[1m                           Learning iteration 49/1500                           [0m 

                            Total steps: 4915200 
                       Steps per second: 14350 
                        Collection time: 6.573s 
                          Learning time: 0.277s 
                        Mean value loss: 0.0326
                    Mean surrogate loss: -0.0110
                      Mean entropy loss: 18.1430
                            Mean reward: -2.45
                    Mean episode length: 40.25
                        Mean action std: 1.10
    Episode_Reward/track_lin_vel_xy_exp: 0.0156
     Episode_Reward/track_ang_vel_z_exp: 0.0076
            Episode_Reward/lin_vel_z_l2: 0.0000
           Episode_Reward/ang_vel_xy_l2: -0.0599
          Episode_Reward/dof_torques_l2: -0.0034
              Episode_Reward/dof_acc_l2: -0.0222
          Episode_Reward/action_rate_l2: -0.0124
      Episode_Reward/undesired_contacts: -0.0090
     Episode_Reward/flat_orientation_l2: -0.0185
          Episode_Reward/dof_pos_limits: 0.0000
   Episode_Reward/disabled_legs_contact: -0.0439
    Episode_Reward/disabled_legs_height: 0.0196
     Episode_Reward/single_leg_air_time: 0.0001
         Episode_Reward/base_height_exp: 0.0025
              Curriculum/terrain_levels: 0.0059
                   Metrics/success_rate: 0.0000
     Metrics/base_velocity/error_vel_xy: 0.8347
    Metrics/base_velocity/error_vel_yaw: 1.1098
           Episode_Termination/time_out: 0.0000
       Episode_Termination/base_contact: 1.0000
--------------------------------------------------------------------------------
                         Iteration time: 6.85s
                           Time elapsed: 00:05:08
                                    ETA: 02:29:10

################################################################################
[1m                           Learning iteration 50/1500                           [0m 

                            Total steps: 5013504 
                       Steps per second: 14418 
                        Collection time: 6.541s 
                          Learning time: 0.277s 
                        Mean value loss: 0.0292
                    Mean surrogate loss: -0.0097
                      Mean entropy loss: 18.0886
                            Mean reward: -2.33
                    Mean episode length: 38.91
                        Mean action std: 1.10
    Episode_Reward/track_lin_vel_xy_exp: 0.0154
     Episode_Reward/track_ang_vel_z_exp: 0.0077
            Episode_Reward/lin_vel_z_l2: 0.0000
           Episode_Reward/ang_vel_xy_l2: -0.0589
          Episode_Reward/dof_torques_l2: -0.0033
              Episode_Reward/dof_acc_l2: -0.0218
          Episode_Reward/action_rate_l2: -0.0121
      Episode_Reward/undesired_contacts: -0.0086
     Episode_Reward/flat_orientation_l2: -0.0185
          Episode_Reward/dof_pos_limits: 0.0000
   Episode_Reward/disabled_legs_contact: -0.0408
    Episode_Reward/disabled_legs_height: 0.0193
     Episode_Reward/single_leg_air_time: 0.0001
         Episode_Reward/base_height_exp: 0.0025
              Curriculum/terrain_levels: 0.0045
                   Metrics/success_rate: 0.0000
     Metrics/base_velocity/error_vel_xy: 0.8413
    Metrics/base_velocity/error_vel_yaw: 1.1014
           Episode_Termination/time_out: 0.0000
       Episode_Termination/base_contact: 1.0000
--------------------------------------------------------------------------------
                         Iteration time: 6.82s
                           Time elapsed: 00:05:15
                                    ETA: 02:29:22

################################################################################
[1m                           Learning iteration 51/1500                           [0m 

                            Total steps: 5111808 
                       Steps per second: 14493 
                        Collection time: 6.504s 
                          Learning time: 0.278s 
                        Mean value loss: 0.0268
                    Mean surrogate loss: -0.0120
                      Mean entropy loss: 18.0305
                            Mean reward: -2.25
                    Mean episode length: 38.53
                        Mean action std: 1.09
    Episode_Reward/track_lin_vel_xy_exp: 0.0150
     Episode_Reward/track_ang_vel_z_exp: 0.0075
            Episode_Reward/lin_vel_z_l2: 0.0000
           Episode_Reward/ang_vel_xy_l2: -0.0583
          Episode_Reward/dof_torques_l2: -0.0033
              Episode_Reward/dof_acc_l2: -0.0214
          Episode_Reward/action_rate_l2: -0.0119
      Episode_Reward/undesired_contacts: -0.0087
     Episode_Reward/flat_orientation_l2: -0.0183
          Episode_Reward/dof_pos_limits: 0.0000
   Episode_Reward/disabled_legs_contact: -0.0369
    Episode_Reward/disabled_legs_height: 0.0198
     Episode_Reward/single_leg_air_time: 0.0001
         Episode_Reward/base_height_exp: 0.0025
              Curriculum/terrain_levels: 0.0033
                   Metrics/success_rate: 0.0000
     Metrics/base_velocity/error_vel_xy: 0.8475
    Metrics/base_velocity/error_vel_yaw: 1.1094
           Episode_Termination/time_out: 0.0000
       Episode_Termination/base_contact: 1.0000
--------------------------------------------------------------------------------
                         Iteration time: 6.78s
                           Time elapsed: 00:05:22
                                    ETA: 02:29:33

################################################################################
[1m                           Learning iteration 52/1500                           [0m 

                            Total steps: 5210112 
                       Steps per second: 14480 
                        Collection time: 6.513s 
                          Learning time: 0.276s 
                        Mean value loss: 0.0245
                    Mean surrogate loss: -0.0116
                      Mean entropy loss: 17.9443
                            Mean reward: -2.15
                    Mean episode length: 39.08
                        Mean action std: 1.08
    Episode_Reward/track_lin_vel_xy_exp: 0.0144
     Episode_Reward/track_ang_vel_z_exp: 0.0072
            Episode_Reward/lin_vel_z_l2: 0.0000
           Episode_Reward/ang_vel_xy_l2: -0.0570
          Episode_Reward/dof_torques_l2: -0.0032
              Episode_Reward/dof_acc_l2: -0.0209
          Episode_Reward/action_rate_l2: -0.0115
      Episode_Reward/undesired_contacts: -0.0073
     Episode_Reward/flat_orientation_l2: -0.0176
          Episode_Reward/dof_pos_limits: 0.0000
   Episode_Reward/disabled_legs_contact: -0.0355
    Episode_Reward/disabled_legs_height: 0.0189
     Episode_Reward/single_leg_air_time: 0.0000
         Episode_Reward/base_height_exp: 0.0024
              Curriculum/terrain_levels: 0.0024
                   Metrics/success_rate: 0.0000
     Metrics/base_velocity/error_vel_xy: 0.8539
    Metrics/base_velocity/error_vel_yaw: 1.1163
           Episode_Termination/time_out: 0.0000
       Episode_Termination/base_contact: 1.0000
--------------------------------------------------------------------------------
                         Iteration time: 6.79s
                           Time elapsed: 00:05:29
                                    ETA: 02:29:43

################################################################################
[1m                           Learning iteration 53/1500                           [0m 

                            Total steps: 5308416 
                       Steps per second: 14635 
                        Collection time: 6.439s 
                          Learning time: 0.278s 
                        Mean value loss: 0.0248
                    Mean surrogate loss: -0.0086
                      Mean entropy loss: 17.8845
                            Mean reward: -2.14
                    Mean episode length: 39.43
                        Mean action std: 1.08
    Episode_Reward/track_lin_vel_xy_exp: 0.0143
     Episode_Reward/track_ang_vel_z_exp: 0.0071
            Episode_Reward/lin_vel_z_l2: 0.0000
           Episode_Reward/ang_vel_xy_l2: -0.0558
          Episode_Reward/dof_torques_l2: -0.0032
              Episode_Reward/dof_acc_l2: -0.0203
          Episode_Reward/action_rate_l2: -0.0114
      Episode_Reward/undesired_contacts: -0.0070
     Episode_Reward/flat_orientation_l2: -0.0177
          Episode_Reward/dof_pos_limits: 0.0000
   Episode_Reward/disabled_legs_contact: -0.0341
    Episode_Reward/disabled_legs_height: 0.0192
     Episode_Reward/single_leg_air_time: 0.0001
         Episode_Reward/base_height_exp: 0.0025
              Curriculum/terrain_levels: 0.0019
                   Metrics/success_rate: 0.0000
     Metrics/base_velocity/error_vel_xy: 0.8532
    Metrics/base_velocity/error_vel_yaw: 1.1203
           Episode_Termination/time_out: 0.0000
       Episode_Termination/base_contact: 1.0000
--------------------------------------------------------------------------------
                         Iteration time: 6.72s
                           Time elapsed: 00:05:35
                                    ETA: 02:29:50

################################################################################
[1m                           Learning iteration 54/1500                           [0m 

                            Total steps: 5406720 
                       Steps per second: 14693 
                        Collection time: 6.412s 
                          Learning time: 0.278s 
                        Mean value loss: 0.0218
                    Mean surrogate loss: -0.0085
                      Mean entropy loss: 17.8369
                            Mean reward: -2.05
                    Mean episode length: 38.26
                        Mean action std: 1.07
    Episode_Reward/track_lin_vel_xy_exp: 0.0146
     Episode_Reward/track_ang_vel_z_exp: 0.0070
            Episode_Reward/lin_vel_z_l2: 0.0000
           Episode_Reward/ang_vel_xy_l2: -0.0548
          Episode_Reward/dof_torques_l2: -0.0031
              Episode_Reward/dof_acc_l2: -0.0200
          Episode_Reward/action_rate_l2: -0.0111
      Episode_Reward/undesired_contacts: -0.0066
     Episode_Reward/flat_orientation_l2: -0.0176
          Episode_Reward/dof_pos_limits: 0.0000
   Episode_Reward/disabled_legs_contact: -0.0317
    Episode_Reward/disabled_legs_height: 0.0194
     Episode_Reward/single_leg_air_time: 0.0000
         Episode_Reward/base_height_exp: 0.0024
              Curriculum/terrain_levels: 0.0013
                   Metrics/success_rate: 0.0000
     Metrics/base_velocity/error_vel_xy: 0.8456
    Metrics/base_velocity/error_vel_yaw: 1.1352
           Episode_Termination/time_out: 0.0000
       Episode_Termination/base_contact: 1.0000
--------------------------------------------------------------------------------
                         Iteration time: 6.69s
                           Time elapsed: 00:05:42
                                    ETA: 02:29:56

################################################################################
[1m                           Learning iteration 55/1500                           [0m 

                            Total steps: 5505024 
                       Steps per second: 14677 
                        Collection time: 6.421s 
                          Learning time: 0.277s 
                        Mean value loss: 0.0205
                    Mean surrogate loss: -0.0109
                      Mean entropy loss: 17.7654
                            Mean reward: -1.91
                    Mean episode length: 38.59
                        Mean action std: 1.07
    Episode_Reward/track_lin_vel_xy_exp: 0.0144
     Episode_Reward/track_ang_vel_z_exp: 0.0072
            Episode_Reward/lin_vel_z_l2: 0.0000
           Episode_Reward/ang_vel_xy_l2: -0.0545
          Episode_Reward/dof_torques_l2: -0.0032
              Episode_Reward/dof_acc_l2: -0.0198
          Episode_Reward/action_rate_l2: -0.0113
      Episode_Reward/undesired_contacts: -0.0072
     Episode_Reward/flat_orientation_l2: -0.0182
          Episode_Reward/dof_pos_limits: 0.0000
   Episode_Reward/disabled_legs_contact: -0.0312
    Episode_Reward/disabled_legs_height: 0.0197
     Episode_Reward/single_leg_air_time: 0.0000
         Episode_Reward/base_height_exp: 0.0024
              Curriculum/terrain_levels: 0.0009
                   Metrics/success_rate: 0.0000
     Metrics/base_velocity/error_vel_xy: 0.8509
    Metrics/base_velocity/error_vel_yaw: 1.1307
           Episode_Termination/time_out: 0.0000
       Episode_Termination/base_contact: 1.0000
--------------------------------------------------------------------------------
                         Iteration time: 6.70s
                           Time elapsed: 00:05:49
                                    ETA: 02:30:02

################################################################################
[1m                           Learning iteration 56/1500                           [0m 

                            Total steps: 5603328 
                       Steps per second: 14694 
                        Collection time: 6.412s 
                          Learning time: 0.278s 
                        Mean value loss: 0.0204
                    Mean surrogate loss: -0.0100
                      Mean entropy loss: 17.6789
                            Mean reward: -1.94
                    Mean episode length: 38.46
                        Mean action std: 1.06
    Episode_Reward/track_lin_vel_xy_exp: 0.0146
     Episode_Reward/track_ang_vel_z_exp: 0.0072
            Episode_Reward/lin_vel_z_l2: 0.0000
           Episode_Reward/ang_vel_xy_l2: -0.0529
          Episode_Reward/dof_torques_l2: -0.0031
              Episode_Reward/dof_acc_l2: -0.0192
          Episode_Reward/action_rate_l2: -0.0110
      Episode_Reward/undesired_contacts: -0.0067
     Episode_Reward/flat_orientation_l2: -0.0181
          Episode_Reward/dof_pos_limits: 0.0000
   Episode_Reward/disabled_legs_contact: -0.0292
    Episode_Reward/disabled_legs_height: 0.0195
     Episode_Reward/single_leg_air_time: 0.0000
         Episode_Reward/base_height_exp: 0.0024
              Curriculum/terrain_levels: 0.0005
                   Metrics/success_rate: 0.0000
     Metrics/base_velocity/error_vel_xy: 0.8468
    Metrics/base_velocity/error_vel_yaw: 1.1242
           Episode_Termination/time_out: 0.0000
       Episode_Termination/base_contact: 1.0000
--------------------------------------------------------------------------------
                         Iteration time: 6.69s
                           Time elapsed: 00:05:55
                                    ETA: 02:30:08

################################################################################
[1m                           Learning iteration 57/1500                           [0m 

                            Total steps: 5701632 
                       Steps per second: 14802 
                        Collection time: 6.365s 
                          Learning time: 0.276s 
                        Mean value loss: 0.0235
                    Mean surrogate loss: -0.0090
                      Mean entropy loss: 17.6018
                            Mean reward: -1.93
                    Mean episode length: 39.06
                        Mean action std: 1.05
    Episode_Reward/track_lin_vel_xy_exp: 0.0146
     Episode_Reward/track_ang_vel_z_exp: 0.0071
            Episode_Reward/lin_vel_z_l2: 0.0000
           Episode_Reward/ang_vel_xy_l2: -0.0522
          Episode_Reward/dof_torques_l2: -0.0031
              Episode_Reward/dof_acc_l2: -0.0192
          Episode_Reward/action_rate_l2: -0.0108
      Episode_Reward/undesired_contacts: -0.0065
     Episode_Reward/flat_orientation_l2: -0.0180
          Episode_Reward/dof_pos_limits: 0.0000
   Episode_Reward/disabled_legs_contact: -0.0281
    Episode_Reward/disabled_legs_height: 0.0197
     Episode_Reward/single_leg_air_time: 0.0000
         Episode_Reward/base_height_exp: 0.0024
              Curriculum/terrain_levels: 0.0005
                   Metrics/success_rate: 0.0000
     Metrics/base_velocity/error_vel_xy: 0.8417
    Metrics/base_velocity/error_vel_yaw: 1.1221
           Episode_Termination/time_out: 0.0000
       Episode_Termination/base_contact: 1.0000
--------------------------------------------------------------------------------
                         Iteration time: 6.64s
                           Time elapsed: 00:06:02
                                    ETA: 02:30:11

################################################################################
[1m                           Learning iteration 58/1500                           [0m 

                            Total steps: 5799936 
                       Steps per second: 14717 
                        Collection time: 6.401s 
                          Learning time: 0.278s 
                        Mean value loss: 0.0195
                    Mean surrogate loss: -0.0100
                      Mean entropy loss: 17.5196
                            Mean reward: -1.77
                    Mean episode length: 36.67
                        Mean action std: 1.05
    Episode_Reward/track_lin_vel_xy_exp: 0.0142
     Episode_Reward/track_ang_vel_z_exp: 0.0070
            Episode_Reward/lin_vel_z_l2: 0.0000
           Episode_Reward/ang_vel_xy_l2: -0.0515
          Episode_Reward/dof_torques_l2: -0.0031
              Episode_Reward/dof_acc_l2: -0.0190
          Episode_Reward/action_rate_l2: -0.0107
      Episode_Reward/undesired_contacts: -0.0065
     Episode_Reward/flat_orientation_l2: -0.0181
          Episode_Reward/dof_pos_limits: 0.0000
   Episode_Reward/disabled_legs_contact: -0.0275
    Episode_Reward/disabled_legs_height: 0.0197
     Episode_Reward/single_leg_air_time: 0.0000
         Episode_Reward/base_height_exp: 0.0023
              Curriculum/terrain_levels: 0.0004
                   Metrics/success_rate: 0.0000
     Metrics/base_velocity/error_vel_xy: 0.8470
    Metrics/base_velocity/error_vel_yaw: 1.1280
           Episode_Termination/time_out: 0.0000
       Episode_Termination/base_contact: 1.0000
--------------------------------------------------------------------------------
                         Iteration time: 6.68s
                           Time elapsed: 00:06:09
                                    ETA: 02:30:15

################################################################################
[1m                           Learning iteration 59/1500                           [0m 

                            Total steps: 5898240 
                       Steps per second: 14775 
                        Collection time: 6.375s 
                          Learning time: 0.278s 
                        Mean value loss: 0.0196
                    Mean surrogate loss: -0.0096
                      Mean entropy loss: 17.4432
                            Mean reward: -1.86
                    Mean episode length: 37.94
                        Mean action std: 1.04
    Episode_Reward/track_lin_vel_xy_exp: 0.0145
     Episode_Reward/track_ang_vel_z_exp: 0.0071
            Episode_Reward/lin_vel_z_l2: 0.0000
           Episode_Reward/ang_vel_xy_l2: -0.0505
          Episode_Reward/dof_torques_l2: -0.0030
              Episode_Reward/dof_acc_l2: -0.0189
          Episode_Reward/action_rate_l2: -0.0106
      Episode_Reward/undesired_contacts: -0.0064
     Episode_Reward/flat_orientation_l2: -0.0183
          Episode_Reward/dof_pos_limits: 0.0000
   Episode_Reward/disabled_legs_contact: -0.0262
    Episode_Reward/disabled_legs_height: 0.0200
     Episode_Reward/single_leg_air_time: 0.0000
         Episode_Reward/base_height_exp: 0.0024
              Curriculum/terrain_levels: 0.0002
                   Metrics/success_rate: 0.0000
     Metrics/base_velocity/error_vel_xy: 0.8436
    Metrics/base_velocity/error_vel_yaw: 1.1171
           Episode_Termination/time_out: 0.0000
       Episode_Termination/base_contact: 1.0000
--------------------------------------------------------------------------------
                         Iteration time: 6.65s
                           Time elapsed: 00:06:15
                                    ETA: 02:30:19

################################################################################
[1m                           Learning iteration 60/1500                           [0m 

                            Total steps: 5996544 
                       Steps per second: 14639 
                        Collection time: 6.437s 
                          Learning time: 0.278s 
                        Mean value loss: 0.0168
                    Mean surrogate loss: -0.0090
                      Mean entropy loss: 17.3677
                            Mean reward: -1.74
                    Mean episode length: 39.98
                        Mean action std: 1.04
    Episode_Reward/track_lin_vel_xy_exp: 0.0150
     Episode_Reward/track_ang_vel_z_exp: 0.0070
            Episode_Reward/lin_vel_z_l2: 0.0000
           Episode_Reward/ang_vel_xy_l2: -0.0491
          Episode_Reward/dof_torques_l2: -0.0030
              Episode_Reward/dof_acc_l2: -0.0186
          Episode_Reward/action_rate_l2: -0.0106
      Episode_Reward/undesired_contacts: -0.0065
     Episode_Reward/flat_orientation_l2: -0.0187
          Episode_Reward/dof_pos_limits: 0.0000
   Episode_Reward/disabled_legs_contact: -0.0252
    Episode_Reward/disabled_legs_height: 0.0204
     Episode_Reward/single_leg_air_time: 0.0000
         Episode_Reward/base_height_exp: 0.0024
              Curriculum/terrain_levels: 0.0001
                   Metrics/success_rate: 0.0000
     Metrics/base_velocity/error_vel_xy: 0.8384
    Metrics/base_velocity/error_vel_yaw: 1.1308
           Episode_Termination/time_out: 0.0000
       Episode_Termination/base_contact: 1.0000
--------------------------------------------------------------------------------
                         Iteration time: 6.72s
                           Time elapsed: 00:06:22
                                    ETA: 02:30:23

################################################################################
[1m                           Learning iteration 61/1500                           [0m 

                            Total steps: 6094848 
                       Steps per second: 14747 
                        Collection time: 6.389s 
                          Learning time: 0.277s 
                        Mean value loss: 0.0179
                    Mean surrogate loss: -0.0101
                      Mean entropy loss: 17.2934
                            Mean reward: -1.75
                    Mean episode length: 37.75
                        Mean action std: 1.03
    Episode_Reward/track_lin_vel_xy_exp: 0.0145
     Episode_Reward/track_ang_vel_z_exp: 0.0071
            Episode_Reward/lin_vel_z_l2: 0.0000
           Episode_Reward/ang_vel_xy_l2: -0.0483
          Episode_Reward/dof_torques_l2: -0.0030
              Episode_Reward/dof_acc_l2: -0.0186
          Episode_Reward/action_rate_l2: -0.0106
      Episode_Reward/undesired_contacts: -0.0067
     Episode_Reward/flat_orientation_l2: -0.0190
          Episode_Reward/dof_pos_limits: 0.0000
   Episode_Reward/disabled_legs_contact: -0.0246
    Episode_Reward/disabled_legs_height: 0.0205
     Episode_Reward/single_leg_air_time: 0.0000
         Episode_Reward/base_height_exp: 0.0023
              Curriculum/terrain_levels: 0.0000
                   Metrics/success_rate: 0.0000
     Metrics/base_velocity/error_vel_xy: 0.8465
    Metrics/base_velocity/error_vel_yaw: 1.1148
           Episode_Termination/time_out: 0.0000
       Episode_Termination/base_contact: 1.0000
--------------------------------------------------------------------------------
                         Iteration time: 6.67s
                           Time elapsed: 00:06:29
                                    ETA: 02:30:26

################################################################################
[1m                           Learning iteration 62/1500                           [0m 

                            Total steps: 6193152 
                       Steps per second: 14827 
                        Collection time: 6.352s 
                          Learning time: 0.278s 
                        Mean value loss: 0.0167
                    Mean surrogate loss: -0.0113
                      Mean entropy loss: 17.2154
                            Mean reward: -1.60
                    Mean episode length: 38.46
                        Mean action std: 1.02
    Episode_Reward/track_lin_vel_xy_exp: 0.0148
     Episode_Reward/track_ang_vel_z_exp: 0.0071
            Episode_Reward/lin_vel_z_l2: 0.0000
           Episode_Reward/ang_vel_xy_l2: -0.0474
          Episode_Reward/dof_torques_l2: -0.0030
              Episode_Reward/dof_acc_l2: -0.0184
          Episode_Reward/action_rate_l2: -0.0104
      Episode_Reward/undesired_contacts: -0.0067
     Episode_Reward/flat_orientation_l2: -0.0189
          Episode_Reward/dof_pos_limits: 0.0000
   Episode_Reward/disabled_legs_contact: -0.0232
    Episode_Reward/disabled_legs_height: 0.0207
     Episode_Reward/single_leg_air_time: 0.0000
         Episode_Reward/base_height_exp: 0.0023
              Curriculum/terrain_levels: 0.0000
                   Metrics/success_rate: 0.0000
     Metrics/base_velocity/error_vel_xy: 0.8432
    Metrics/base_velocity/error_vel_yaw: 1.1152
           Episode_Termination/time_out: 0.0000
       Episode_Termination/base_contact: 1.0000
--------------------------------------------------------------------------------
                         Iteration time: 6.63s
                           Time elapsed: 00:06:35
                                    ETA: 02:30:28

################################################################################
[1m                           Learning iteration 63/1500                           [0m 

                            Total steps: 6291456 
                       Steps per second: 14970 
                        Collection time: 6.291s 
                          Learning time: 0.276s 
                        Mean value loss: 0.0166
                    Mean surrogate loss: -0.0089
                      Mean entropy loss: 17.1403
                            Mean reward: -1.61
                    Mean episode length: 38.10
                        Mean action std: 1.02
    Episode_Reward/track_lin_vel_xy_exp: 0.0142
     Episode_Reward/track_ang_vel_z_exp: 0.0071
            Episode_Reward/lin_vel_z_l2: 0.0000
           Episode_Reward/ang_vel_xy_l2: -0.0470
          Episode_Reward/dof_torques_l2: -0.0030
              Episode_Reward/dof_acc_l2: -0.0182
          Episode_Reward/action_rate_l2: -0.0102
      Episode_Reward/undesired_contacts: -0.0061
     Episode_Reward/flat_orientation_l2: -0.0189
          Episode_Reward/dof_pos_limits: 0.0000
   Episode_Reward/disabled_legs_contact: -0.0227
    Episode_Reward/disabled_legs_height: 0.0207
     Episode_Reward/single_leg_air_time: 0.0000
         Episode_Reward/base_height_exp: 0.0023
              Curriculum/terrain_levels: 0.0000
                   Metrics/success_rate: 0.0000
     Metrics/base_velocity/error_vel_xy: 0.8475
    Metrics/base_velocity/error_vel_yaw: 1.1140
           Episode_Termination/time_out: 0.0000
       Episode_Termination/base_contact: 1.0000
--------------------------------------------------------------------------------
                         Iteration time: 6.57s
                           Time elapsed: 00:06:42
                                    ETA: 02:30:28

################################################################################
[1m                           Learning iteration 64/1500                           [0m 

                            Total steps: 6389760 
                       Steps per second: 15110 
                        Collection time: 6.228s 
                          Learning time: 0.278s 
                        Mean value loss: 0.0168
                    Mean surrogate loss: -0.0090
                      Mean entropy loss: 17.0672
                            Mean reward: -1.60
                    Mean episode length: 37.60
                        Mean action std: 1.01
    Episode_Reward/track_lin_vel_xy_exp: 0.0147
     Episode_Reward/track_ang_vel_z_exp: 0.0069
            Episode_Reward/lin_vel_z_l2: 0.0000
           Episode_Reward/ang_vel_xy_l2: -0.0466
          Episode_Reward/dof_torques_l2: -0.0029
              Episode_Reward/dof_acc_l2: -0.0181
          Episode_Reward/action_rate_l2: -0.0100
      Episode_Reward/undesired_contacts: -0.0057
     Episode_Reward/flat_orientation_l2: -0.0186
          Episode_Reward/dof_pos_limits: 0.0000
   Episode_Reward/disabled_legs_contact: -0.0218
    Episode_Reward/disabled_legs_height: 0.0207
     Episode_Reward/single_leg_air_time: 0.0000
         Episode_Reward/base_height_exp: 0.0023
              Curriculum/terrain_levels: 0.0000
                   Metrics/success_rate: 0.0000
     Metrics/base_velocity/error_vel_xy: 0.8435
    Metrics/base_velocity/error_vel_yaw: 1.1226
           Episode_Termination/time_out: 0.0000
       Episode_Termination/base_contact: 1.0000
--------------------------------------------------------------------------------
                         Iteration time: 6.51s
                           Time elapsed: 00:06:48
                                    ETA: 02:30:26

################################################################################
[1m                           Learning iteration 65/1500                           [0m 

                            Total steps: 6488064 
                       Steps per second: 15080 
                        Collection time: 6.240s 
                          Learning time: 0.278s 
                        Mean value loss: 0.0152
                    Mean surrogate loss: -0.0057
                      Mean entropy loss: 17.0066
                            Mean reward: -1.57
                    Mean episode length: 36.92
                        Mean action std: 1.01
    Episode_Reward/track_lin_vel_xy_exp: 0.0145
     Episode_Reward/track_ang_vel_z_exp: 0.0068
            Episode_Reward/lin_vel_z_l2: 0.0000
           Episode_Reward/ang_vel_xy_l2: -0.0470
          Episode_Reward/dof_torques_l2: -0.0029
              Episode_Reward/dof_acc_l2: -0.0178
          Episode_Reward/action_rate_l2: -0.0097
      Episode_Reward/undesired_contacts: -0.0050
     Episode_Reward/flat_orientation_l2: -0.0182
          Episode_Reward/dof_pos_limits: 0.0000
   Episode_Reward/disabled_legs_contact: -0.0210
    Episode_Reward/disabled_legs_height: 0.0202
     Episode_Reward/single_leg_air_time: 0.0000
         Episode_Reward/base_height_exp: 0.0024
              Curriculum/terrain_levels: 0.0000
                   Metrics/success_rate: 0.0000
     Metrics/base_velocity/error_vel_xy: 0.8422
    Metrics/base_velocity/error_vel_yaw: 1.1179
           Episode_Termination/time_out: 0.0000
       Episode_Termination/base_contact: 1.0000
--------------------------------------------------------------------------------
                         Iteration time: 6.52s
                           Time elapsed: 00:06:55
                                    ETA: 02:30:25

################################################################################
[1m                           Learning iteration 66/1500                           [0m 

                            Total steps: 6586368 
                       Steps per second: 15160 
                        Collection time: 6.206s 
                          Learning time: 0.278s 
                        Mean value loss: 0.0152
                    Mean surrogate loss: -0.0073
                      Mean entropy loss: 16.9494
                            Mean reward: -1.50
                    Mean episode length: 36.16
                        Mean action std: 1.00
    Episode_Reward/track_lin_vel_xy_exp: 0.0143
     Episode_Reward/track_ang_vel_z_exp: 0.0067
            Episode_Reward/lin_vel_z_l2: 0.0000
           Episode_Reward/ang_vel_xy_l2: -0.0464
          Episode_Reward/dof_torques_l2: -0.0029
              Episode_Reward/dof_acc_l2: -0.0176
          Episode_Reward/action_rate_l2: -0.0095
      Episode_Reward/undesired_contacts: -0.0045
     Episode_Reward/flat_orientation_l2: -0.0181
          Episode_Reward/dof_pos_limits: 0.0000
   Episode_Reward/disabled_legs_contact: -0.0206
    Episode_Reward/disabled_legs_height: 0.0201
     Episode_Reward/single_leg_air_time: 0.0000
         Episode_Reward/base_height_exp: 0.0024
              Curriculum/terrain_levels: 0.0000
                   Metrics/success_rate: 0.0000
     Metrics/base_velocity/error_vel_xy: 0.8403
    Metrics/base_velocity/error_vel_yaw: 1.1294
           Episode_Termination/time_out: 0.0000
       Episode_Termination/base_contact: 1.0000
--------------------------------------------------------------------------------
                         Iteration time: 6.48s
                           Time elapsed: 00:07:01
                                    ETA: 02:30:23

################################################################################
[1m                           Learning iteration 67/1500                           [0m 

                            Total steps: 6684672 
                       Steps per second: 15191 
                        Collection time: 6.194s 
                          Learning time: 0.277s 
                        Mean value loss: 0.0148
                    Mean surrogate loss: -0.0086
                      Mean entropy loss: 16.8785
                            Mean reward: -1.49
                    Mean episode length: 37.40
                        Mean action std: 1.00
    Episode_Reward/track_lin_vel_xy_exp: 0.0144
     Episode_Reward/track_ang_vel_z_exp: 0.0068
            Episode_Reward/lin_vel_z_l2: 0.0000
           Episode_Reward/ang_vel_xy_l2: -0.0456
          Episode_Reward/dof_torques_l2: -0.0029
              Episode_Reward/dof_acc_l2: -0.0176
          Episode_Reward/action_rate_l2: -0.0095
      Episode_Reward/undesired_contacts: -0.0045
     Episode_Reward/flat_orientation_l2: -0.0185
          Episode_Reward/dof_pos_limits: 0.0000
   Episode_Reward/disabled_legs_contact: -0.0202
    Episode_Reward/disabled_legs_height: 0.0205
     Episode_Reward/single_leg_air_time: 0.0000
         Episode_Reward/base_height_exp: 0.0024
              Curriculum/terrain_levels: 0.0000
                   Metrics/success_rate: 0.0000
     Metrics/base_velocity/error_vel_xy: 0.8418
    Metrics/base_velocity/error_vel_yaw: 1.1266
           Episode_Termination/time_out: 0.0000
       Episode_Termination/base_contact: 1.0000
--------------------------------------------------------------------------------
                         Iteration time: 6.47s
                           Time elapsed: 00:07:08
                                    ETA: 02:30:20

################################################################################
[1m                           Learning iteration 68/1500                           [0m 

                            Total steps: 6782976 
                       Steps per second: 15286 
                        Collection time: 6.154s 
                          Learning time: 0.277s 
                        Mean value loss: 0.0146
                    Mean surrogate loss: -0.0070
                      Mean entropy loss: 16.8137
                            Mean reward: -1.47
                    Mean episode length: 38.03
                        Mean action std: 0.99
    Episode_Reward/track_lin_vel_xy_exp: 0.0138
     Episode_Reward/track_ang_vel_z_exp: 0.0069
            Episode_Reward/lin_vel_z_l2: 0.0000
           Episode_Reward/ang_vel_xy_l2: -0.0450
          Episode_Reward/dof_torques_l2: -0.0029
              Episode_Reward/dof_acc_l2: -0.0176
          Episode_Reward/action_rate_l2: -0.0095
      Episode_Reward/undesired_contacts: -0.0044
     Episode_Reward/flat_orientation_l2: -0.0185
          Episode_Reward/dof_pos_limits: 0.0000
   Episode_Reward/disabled_legs_contact: -0.0199
    Episode_Reward/disabled_legs_height: 0.0207
     Episode_Reward/single_leg_air_time: 0.0000
         Episode_Reward/base_height_exp: 0.0024
              Curriculum/terrain_levels: 0.0000
                   Metrics/success_rate: 0.0000
     Metrics/base_velocity/error_vel_xy: 0.8512
    Metrics/base_velocity/error_vel_yaw: 1.1216
           Episode_Termination/time_out: 0.0000
       Episode_Termination/base_contact: 1.0000
--------------------------------------------------------------------------------
                         Iteration time: 6.43s
                           Time elapsed: 00:07:14
                                    ETA: 02:30:17

################################################################################
[1m                           Learning iteration 69/1500                           [0m 

                            Total steps: 6881280 
                       Steps per second: 15216 
                        Collection time: 6.182s 
                          Learning time: 0.278s 
                        Mean value loss: 0.0144
                    Mean surrogate loss: -0.0056
                      Mean entropy loss: 16.7472
                            Mean reward: -1.45
                    Mean episode length: 36.40
                        Mean action std: 0.99
    Episode_Reward/track_lin_vel_xy_exp: 0.0136
     Episode_Reward/track_ang_vel_z_exp: 0.0067
            Episode_Reward/lin_vel_z_l2: 0.0000
           Episode_Reward/ang_vel_xy_l2: -0.0448
          Episode_Reward/dof_torques_l2: -0.0028
              Episode_Reward/dof_acc_l2: -0.0172
          Episode_Reward/action_rate_l2: -0.0093
      Episode_Reward/undesired_contacts: -0.0042
     Episode_Reward/flat_orientation_l2: -0.0182
          Episode_Reward/dof_pos_limits: 0.0000
   Episode_Reward/disabled_legs_contact: -0.0194
    Episode_Reward/disabled_legs_height: 0.0201
     Episode_Reward/single_leg_air_time: 0.0000
         Episode_Reward/base_height_exp: 0.0024
              Curriculum/terrain_levels: 0.0000
                   Metrics/success_rate: 0.0000
     Metrics/base_velocity/error_vel_xy: 0.8511
    Metrics/base_velocity/error_vel_yaw: 1.1224
           Episode_Termination/time_out: 0.0000
       Episode_Termination/base_contact: 1.0000
--------------------------------------------------------------------------------
                         Iteration time: 6.46s
                           Time elapsed: 00:07:21
                                    ETA: 02:30:14

################################################################################
[1m                           Learning iteration 70/1500                           [0m 

                            Total steps: 6979584 
                       Steps per second: 15291 
                        Collection time: 6.151s 
                          Learning time: 0.278s 
                        Mean value loss: 0.0150
                    Mean surrogate loss: -0.0073
                      Mean entropy loss: 16.6822
                            Mean reward: -1.50
                    Mean episode length: 35.63
                        Mean action std: 0.98
    Episode_Reward/track_lin_vel_xy_exp: 0.0137
     Episode_Reward/track_ang_vel_z_exp: 0.0068
            Episode_Reward/lin_vel_z_l2: 0.0000
           Episode_Reward/ang_vel_xy_l2: -0.0445
          Episode_Reward/dof_torques_l2: -0.0028
              Episode_Reward/dof_acc_l2: -0.0171
          Episode_Reward/action_rate_l2: -0.0092
      Episode_Reward/undesired_contacts: -0.0039
     Episode_Reward/flat_orientation_l2: -0.0182
          Episode_Reward/dof_pos_limits: 0.0000
   Episode_Reward/disabled_legs_contact: -0.0191
    Episode_Reward/disabled_legs_height: 0.0204
     Episode_Reward/single_leg_air_time: 0.0000
         Episode_Reward/base_height_exp: 0.0024
              Curriculum/terrain_levels: 0.0000
                   Metrics/success_rate: 0.0000
     Metrics/base_velocity/error_vel_xy: 0.8524
    Metrics/base_velocity/error_vel_yaw: 1.1170
           Episode_Termination/time_out: 0.0000
       Episode_Termination/base_contact: 1.0000
--------------------------------------------------------------------------------
                         Iteration time: 6.43s
                           Time elapsed: 00:07:27
                                    ETA: 02:30:10

################################################################################
[1m                           Learning iteration 71/1500                           [0m 

                            Total steps: 7077888 
                       Steps per second: 15314 
                        Collection time: 6.141s 
                          Learning time: 0.278s 
                        Mean value loss: 0.0140
                    Mean surrogate loss: -0.0083
                      Mean entropy loss: 16.6166
                            Mean reward: -1.45
                    Mean episode length: 37.14
                        Mean action std: 0.98
    Episode_Reward/track_lin_vel_xy_exp: 0.0141
     Episode_Reward/track_ang_vel_z_exp: 0.0067
            Episode_Reward/lin_vel_z_l2: 0.0000
           Episode_Reward/ang_vel_xy_l2: -0.0441
          Episode_Reward/dof_torques_l2: -0.0028
              Episode_Reward/dof_acc_l2: -0.0169
          Episode_Reward/action_rate_l2: -0.0091
      Episode_Reward/undesired_contacts: -0.0036
     Episode_Reward/flat_orientation_l2: -0.0181
          Episode_Reward/dof_pos_limits: 0.0000
   Episode_Reward/disabled_legs_contact: -0.0185
    Episode_Reward/disabled_legs_height: 0.0206
     Episode_Reward/single_leg_air_time: 0.0000
         Episode_Reward/base_height_exp: 0.0024
              Curriculum/terrain_levels: 0.0000
                   Metrics/success_rate: 0.0000
     Metrics/base_velocity/error_vel_xy: 0.8508
    Metrics/base_velocity/error_vel_yaw: 1.1164
           Episode_Termination/time_out: 0.0000
       Episode_Termination/base_contact: 1.0000
--------------------------------------------------------------------------------
                         Iteration time: 6.42s
                           Time elapsed: 00:07:34
                                    ETA: 02:30:06

################################################################################
[1m                           Learning iteration 72/1500                           [0m 

                            Total steps: 7176192 
                       Steps per second: 15381 
                        Collection time: 6.113s 
                          Learning time: 0.278s 
                        Mean value loss: 0.0137
                    Mean surrogate loss: -0.0079
                      Mean entropy loss: 16.5435
                            Mean reward: -1.37
                    Mean episode length: 36.34
                        Mean action std: 0.97
    Episode_Reward/track_lin_vel_xy_exp: 0.0141
     Episode_Reward/track_ang_vel_z_exp: 0.0068
            Episode_Reward/lin_vel_z_l2: 0.0000
           Episode_Reward/ang_vel_xy_l2: -0.0435
          Episode_Reward/dof_torques_l2: -0.0028
              Episode_Reward/dof_acc_l2: -0.0169
          Episode_Reward/action_rate_l2: -0.0090
      Episode_Reward/undesired_contacts: -0.0034
     Episode_Reward/flat_orientation_l2: -0.0183
          Episode_Reward/dof_pos_limits: 0.0000
   Episode_Reward/disabled_legs_contact: -0.0181
    Episode_Reward/disabled_legs_height: 0.0205
     Episode_Reward/single_leg_air_time: 0.0000
         Episode_Reward/base_height_exp: 0.0024
              Curriculum/terrain_levels: 0.0000
                   Metrics/success_rate: 0.0000
     Metrics/base_velocity/error_vel_xy: 0.8438
    Metrics/base_velocity/error_vel_yaw: 1.1104
           Episode_Termination/time_out: 0.0000
       Episode_Termination/base_contact: 1.0000
--------------------------------------------------------------------------------
                         Iteration time: 6.39s
                           Time elapsed: 00:07:40
                                    ETA: 02:30:01

################################################################################
[1m                           Learning iteration 73/1500                           [0m 

                            Total steps: 7274496 
                       Steps per second: 15413 
                        Collection time: 6.101s 
                          Learning time: 0.277s 
                        Mean value loss: 0.0138
                    Mean surrogate loss: -0.0095
                      Mean entropy loss: 16.4745
                            Mean reward: -1.27
                    Mean episode length: 36.35
                        Mean action std: 0.97
    Episode_Reward/track_lin_vel_xy_exp: 0.0138
     Episode_Reward/track_ang_vel_z_exp: 0.0068
            Episode_Reward/lin_vel_z_l2: 0.0000
           Episode_Reward/ang_vel_xy_l2: -0.0430
          Episode_Reward/dof_torques_l2: -0.0028
              Episode_Reward/dof_acc_l2: -0.0167
          Episode_Reward/action_rate_l2: -0.0089
      Episode_Reward/undesired_contacts: -0.0032
     Episode_Reward/flat_orientation_l2: -0.0184
          Episode_Reward/dof_pos_limits: 0.0000
   Episode_Reward/disabled_legs_contact: -0.0173
    Episode_Reward/disabled_legs_height: 0.0210
     Episode_Reward/single_leg_air_time: 0.0000
         Episode_Reward/base_height_exp: 0.0025
              Curriculum/terrain_levels: 0.0000
                   Metrics/success_rate: 0.0000
     Metrics/base_velocity/error_vel_xy: 0.8481
    Metrics/base_velocity/error_vel_yaw: 1.1162
           Episode_Termination/time_out: 0.0000
       Episode_Termination/base_contact: 1.0000
--------------------------------------------------------------------------------
                         Iteration time: 6.38s
                           Time elapsed: 00:07:46
                                    ETA: 02:29:56

################################################################################
[1m                           Learning iteration 74/1500                           [0m 

                            Total steps: 7372800 
                       Steps per second: 15511 
                        Collection time: 6.059s 
                          Learning time: 0.279s 
                        Mean value loss: 0.0134
                    Mean surrogate loss: -0.0073
                      Mean entropy loss: 16.4097
                            Mean reward: -1.35
                    Mean episode length: 36.15
                        Mean action std: 0.96
    Episode_Reward/track_lin_vel_xy_exp: 0.0139
     Episode_Reward/track_ang_vel_z_exp: 0.0067
            Episode_Reward/lin_vel_z_l2: 0.0000
           Episode_Reward/ang_vel_xy_l2: -0.0425
          Episode_Reward/dof_torques_l2: -0.0028
              Episode_Reward/dof_acc_l2: -0.0169
          Episode_Reward/action_rate_l2: -0.0088
      Episode_Reward/undesired_contacts: -0.0030
     Episode_Reward/flat_orientation_l2: -0.0186
          Episode_Reward/dof_pos_limits: 0.0000
   Episode_Reward/disabled_legs_contact: -0.0170
    Episode_Reward/disabled_legs_height: 0.0210
     Episode_Reward/single_leg_air_time: 0.0000
         Episode_Reward/base_height_exp: 0.0025
              Curriculum/terrain_levels: 0.0000
                   Metrics/success_rate: 0.0000
     Metrics/base_velocity/error_vel_xy: 0.8494
    Metrics/base_velocity/error_vel_yaw: 1.1216
           Episode_Termination/time_out: 0.0000
       Episode_Termination/base_contact: 1.0000
--------------------------------------------------------------------------------
                         Iteration time: 6.34s
                           Time elapsed: 00:07:53
                                    ETA: 02:29:50

################################################################################
[1m                           Learning iteration 75/1500                           [0m 

                            Total steps: 7471104 
                       Steps per second: 15464 
                        Collection time: 6.080s 
                          Learning time: 0.276s 
                        Mean value loss: 0.0131
                    Mean surrogate loss: -0.0086
                      Mean entropy loss: 16.3435
                            Mean reward: -1.25
                    Mean episode length: 36.72
                        Mean action std: 0.96
    Episode_Reward/track_lin_vel_xy_exp: 0.0138
     Episode_Reward/track_ang_vel_z_exp: 0.0068
            Episode_Reward/lin_vel_z_l2: 0.0000
           Episode_Reward/ang_vel_xy_l2: -0.0420
          Episode_Reward/dof_torques_l2: -0.0028
              Episode_Reward/dof_acc_l2: -0.0165
          Episode_Reward/action_rate_l2: -0.0088
      Episode_Reward/undesired_contacts: -0.0032
     Episode_Reward/flat_orientation_l2: -0.0187
          Episode_Reward/dof_pos_limits: 0.0000
   Episode_Reward/disabled_legs_contact: -0.0164
    Episode_Reward/disabled_legs_height: 0.0214
     Episode_Reward/single_leg_air_time: 0.0000
         Episode_Reward/base_height_exp: 0.0024
              Curriculum/terrain_levels: 0.0000
                   Metrics/success_rate: 0.0000
     Metrics/base_velocity/error_vel_xy: 0.8522
    Metrics/base_velocity/error_vel_yaw: 1.1144
           Episode_Termination/time_out: 0.0000
       Episode_Termination/base_contact: 1.0000
--------------------------------------------------------------------------------
                         Iteration time: 6.36s
                           Time elapsed: 00:07:59
                                    ETA: 02:29:45

################################################################################
[1m                           Learning iteration 76/1500                           [0m 

                            Total steps: 7569408 
                       Steps per second: 15635 
                        Collection time: 6.009s 
                          Learning time: 0.278s 
                        Mean value loss: 0.0136
                    Mean surrogate loss: -0.0021
                      Mean entropy loss: 16.2991
                            Mean reward: -1.15
                    Mean episode length: 38.37
                        Mean action std: 0.96
    Episode_Reward/track_lin_vel_xy_exp: 0.0137
     Episode_Reward/track_ang_vel_z_exp: 0.0070
            Episode_Reward/lin_vel_z_l2: 0.0000
           Episode_Reward/ang_vel_xy_l2: -0.0412
          Episode_Reward/dof_torques_l2: -0.0028
              Episode_Reward/dof_acc_l2: -0.0168
          Episode_Reward/action_rate_l2: -0.0088
      Episode_Reward/undesired_contacts: -0.0029
     Episode_Reward/flat_orientation_l2: -0.0190
          Episode_Reward/dof_pos_limits: 0.0000
   Episode_Reward/disabled_legs_contact: -0.0161
    Episode_Reward/disabled_legs_height: 0.0216
     Episode_Reward/single_leg_air_time: 0.0000
         Episode_Reward/base_height_exp: 0.0025
              Curriculum/terrain_levels: 0.0000
                   Metrics/success_rate: 0.0000
     Metrics/base_velocity/error_vel_xy: 0.8582
    Metrics/base_velocity/error_vel_yaw: 1.1010
           Episode_Termination/time_out: 0.0000
       Episode_Termination/base_contact: 1.0000
--------------------------------------------------------------------------------
                         Iteration time: 6.29s
                           Time elapsed: 00:08:05
                                    ETA: 02:29:38

################################################################################
[1m                           Learning iteration 77/1500                           [0m 

                            Total steps: 7667712 
                       Steps per second: 15556 
                        Collection time: 6.042s 
                          Learning time: 0.277s 
                        Mean value loss: 0.0135
                    Mean surrogate loss: -0.0083
                      Mean entropy loss: 16.2580
                            Mean reward: -1.17
                    Mean episode length: 36.79
                        Mean action std: 0.95
    Episode_Reward/track_lin_vel_xy_exp: 0.0141
     Episode_Reward/track_ang_vel_z_exp: 0.0070
            Episode_Reward/lin_vel_z_l2: 0.0000
           Episode_Reward/ang_vel_xy_l2: -0.0405
          Episode_Reward/dof_torques_l2: -0.0028
              Episode_Reward/dof_acc_l2: -0.0168
          Episode_Reward/action_rate_l2: -0.0088
      Episode_Reward/undesired_contacts: -0.0030
     Episode_Reward/flat_orientation_l2: -0.0193
          Episode_Reward/dof_pos_limits: 0.0000
   Episode_Reward/disabled_legs_contact: -0.0155
    Episode_Reward/disabled_legs_height: 0.0219
     Episode_Reward/single_leg_air_time: 0.0000
         Episode_Reward/base_height_exp: 0.0025
              Curriculum/terrain_levels: 0.0000
                   Metrics/success_rate: 0.0000
     Metrics/base_velocity/error_vel_xy: 0.8520
    Metrics/base_velocity/error_vel_yaw: 1.1074
           Episode_Termination/time_out: 0.0000
       Episode_Termination/base_contact: 1.0000
--------------------------------------------------------------------------------
                         Iteration time: 6.32s
                           Time elapsed: 00:08:12
                                    ETA: 02:29:32

################################################################################
[1m                           Learning iteration 78/1500                           [0m 

                            Total steps: 7766016 
                       Steps per second: 15444 
                        Collection time: 6.088s 
                          Learning time: 0.277s 
                        Mean value loss: 0.0139
                    Mean surrogate loss: -0.0060
                      Mean entropy loss: 16.2052
                            Mean reward: -1.23
                    Mean episode length: 36.97
                        Mean action std: 0.95
    Episode_Reward/track_lin_vel_xy_exp: 0.0142
     Episode_Reward/track_ang_vel_z_exp: 0.0070
            Episode_Reward/lin_vel_z_l2: 0.0000
           Episode_Reward/ang_vel_xy_l2: -0.0403
          Episode_Reward/dof_torques_l2: -0.0028
              Episode_Reward/dof_acc_l2: -0.0168
          Episode_Reward/action_rate_l2: -0.0089
      Episode_Reward/undesired_contacts: -0.0031
     Episode_Reward/flat_orientation_l2: -0.0194
          Episode_Reward/dof_pos_limits: 0.0000
   Episode_Reward/disabled_legs_contact: -0.0151
    Episode_Reward/disabled_legs_height: 0.0222
     Episode_Reward/single_leg_air_time: 0.0000
         Episode_Reward/base_height_exp: 0.0025
              Curriculum/terrain_levels: 0.0000
                   Metrics/success_rate: 0.0000
     Metrics/base_velocity/error_vel_xy: 0.8503
    Metrics/base_velocity/error_vel_yaw: 1.1081
           Episode_Termination/time_out: 0.0000
       Episode_Termination/base_contact: 1.0000
--------------------------------------------------------------------------------
                         Iteration time: 6.37s
                           Time elapsed: 00:08:18
                                    ETA: 02:29:27

################################################################################
[1m                           Learning iteration 79/1500                           [0m 

                            Total steps: 7864320 
                       Steps per second: 15525 
                        Collection time: 6.054s 
                          Learning time: 0.277s 
                        Mean value loss: 0.0147
                    Mean surrogate loss: -0.0068
                      Mean entropy loss: 16.1675
                            Mean reward: -1.18
                    Mean episode length: 38.40
                        Mean action std: 0.95
    Episode_Reward/track_lin_vel_xy_exp: 0.0147
     Episode_Reward/track_ang_vel_z_exp: 0.0071
            Episode_Reward/lin_vel_z_l2: 0.0000
           Episode_Reward/ang_vel_xy_l2: -0.0400
          Episode_Reward/dof_torques_l2: -0.0028
              Episode_Reward/dof_acc_l2: -0.0166
          Episode_Reward/action_rate_l2: -0.0087
      Episode_Reward/undesired_contacts: -0.0029
     Episode_Reward/flat_orientation_l2: -0.0195
          Episode_Reward/dof_pos_limits: 0.0000
   Episode_Reward/disabled_legs_contact: -0.0148
    Episode_Reward/disabled_legs_height: 0.0221
     Episode_Reward/single_leg_air_time: 0.0000
         Episode_Reward/base_height_exp: 0.0026
              Curriculum/terrain_levels: 0.0000
                   Metrics/success_rate: 0.0000
     Metrics/base_velocity/error_vel_xy: 0.8430
    Metrics/base_velocity/error_vel_yaw: 1.0894
           Episode_Termination/time_out: 0.0000
       Episode_Termination/base_contact: 1.0000
--------------------------------------------------------------------------------
                         Iteration time: 6.33s
                           Time elapsed: 00:08:24
                                    ETA: 02:29:21

################################################################################
[1m                           Learning iteration 80/1500                           [0m 

                            Total steps: 7962624 
                       Steps per second: 15564 
                        Collection time: 6.038s 
                          Learning time: 0.278s 
                        Mean value loss: 0.0142
                    Mean surrogate loss: -0.0074
                      Mean entropy loss: 16.1223
                            Mean reward: -1.23
                    Mean episode length: 38.15
                        Mean action std: 0.94
    Episode_Reward/track_lin_vel_xy_exp: 0.0145
     Episode_Reward/track_ang_vel_z_exp: 0.0072
            Episode_Reward/lin_vel_z_l2: 0.0000
           Episode_Reward/ang_vel_xy_l2: -0.0393
          Episode_Reward/dof_torques_l2: -0.0028
              Episode_Reward/dof_acc_l2: -0.0168
          Episode_Reward/action_rate_l2: -0.0088
      Episode_Reward/undesired_contacts: -0.0030
     Episode_Reward/flat_orientation_l2: -0.0199
          Episode_Reward/dof_pos_limits: 0.0000
   Episode_Reward/disabled_legs_contact: -0.0147
    Episode_Reward/disabled_legs_height: 0.0225
     Episode_Reward/single_leg_air_time: 0.0000
         Episode_Reward/base_height_exp: 0.0025
              Curriculum/terrain_levels: 0.0000
                   Metrics/success_rate: 0.0000
     Metrics/base_velocity/error_vel_xy: 0.8418
    Metrics/base_velocity/error_vel_yaw: 1.1020
           Episode_Termination/time_out: 0.0000
       Episode_Termination/base_contact: 1.0000
--------------------------------------------------------------------------------
                         Iteration time: 6.32s
                           Time elapsed: 00:08:31
                                    ETA: 02:29:15

################################################################################
[1m                           Learning iteration 81/1500                           [0m 

                            Total steps: 8060928 
                       Steps per second: 15549 
                        Collection time: 6.045s 
                          Learning time: 0.277s 
                        Mean value loss: 0.0145
                    Mean surrogate loss: -0.0060
                      Mean entropy loss: 16.0681
                            Mean reward: -1.05
                    Mean episode length: 38.66
                        Mean action std: 0.94
    Episode_Reward/track_lin_vel_xy_exp: 0.0148
     Episode_Reward/track_ang_vel_z_exp: 0.0072
            Episode_Reward/lin_vel_z_l2: 0.0000
           Episode_Reward/ang_vel_xy_l2: -0.0386
          Episode_Reward/dof_torques_l2: -0.0028
              Episode_Reward/dof_acc_l2: -0.0165
          Episode_Reward/action_rate_l2: -0.0088
      Episode_Reward/undesired_contacts: -0.0031
     Episode_Reward/flat_orientation_l2: -0.0201
          Episode_Reward/dof_pos_limits: 0.0000
   Episode_Reward/disabled_legs_contact: -0.0141
    Episode_Reward/disabled_legs_height: 0.0227
     Episode_Reward/single_leg_air_time: -0.0000
         Episode_Reward/base_height_exp: 0.0025
              Curriculum/terrain_levels: 0.0000
                   Metrics/success_rate: 0.0000
     Metrics/base_velocity/error_vel_xy: 0.8383
    Metrics/base_velocity/error_vel_yaw: 1.0976
           Episode_Termination/time_out: 0.0000
       Episode_Termination/base_contact: 1.0000
--------------------------------------------------------------------------------
                         Iteration time: 6.32s
                           Time elapsed: 00:08:37
                                    ETA: 02:29:08

################################################################################
[1m                           Learning iteration 82/1500                           [0m 

                            Total steps: 8159232 
                       Steps per second: 15604 
                        Collection time: 6.022s 
                          Learning time: 0.278s 
                        Mean value loss: 0.0145
                    Mean surrogate loss: -0.0051
                      Mean entropy loss: 16.0297
                            Mean reward: -1.11
                    Mean episode length: 39.20
                        Mean action std: 0.94
    Episode_Reward/track_lin_vel_xy_exp: 0.0148
     Episode_Reward/track_ang_vel_z_exp: 0.0075
            Episode_Reward/lin_vel_z_l2: 0.0000
           Episode_Reward/ang_vel_xy_l2: -0.0378
          Episode_Reward/dof_torques_l2: -0.0028
              Episode_Reward/dof_acc_l2: -0.0167
          Episode_Reward/action_rate_l2: -0.0089
      Episode_Reward/undesired_contacts: -0.0033
     Episode_Reward/flat_orientation_l2: -0.0207
          Episode_Reward/dof_pos_limits: 0.0000
   Episode_Reward/disabled_legs_contact: -0.0136
    Episode_Reward/disabled_legs_height: 0.0233
     Episode_Reward/single_leg_air_time: -0.0000
         Episode_Reward/base_height_exp: 0.0026
              Curriculum/terrain_levels: 0.0000
                   Metrics/success_rate: 0.0000
     Metrics/base_velocity/error_vel_xy: 0.8492
    Metrics/base_velocity/error_vel_yaw: 1.0914
           Episode_Termination/time_out: 0.0000
       Episode_Termination/base_contact: 1.0000
--------------------------------------------------------------------------------
                         Iteration time: 6.30s
                           Time elapsed: 00:08:43
                                    ETA: 02:29:02

################################################################################
[1m                           Learning iteration 83/1500                           [0m 

                            Total steps: 8257536 
                       Steps per second: 15534 
                        Collection time: 6.048s 
                          Learning time: 0.280s 
                        Mean value loss: 0.0137
                    Mean surrogate loss: -0.0050
                      Mean entropy loss: 15.9986
                            Mean reward: -1.06
                    Mean episode length: 38.50
                        Mean action std: 0.94
    Episode_Reward/track_lin_vel_xy_exp: 0.0154
     Episode_Reward/track_ang_vel_z_exp: 0.0073
            Episode_Reward/lin_vel_z_l2: 0.0000
           Episode_Reward/ang_vel_xy_l2: -0.0375
          Episode_Reward/dof_torques_l2: -0.0028
              Episode_Reward/dof_acc_l2: -0.0168
          Episode_Reward/action_rate_l2: -0.0088
      Episode_Reward/undesired_contacts: -0.0031
     Episode_Reward/flat_orientation_l2: -0.0207
          Episode_Reward/dof_pos_limits: 0.0000
   Episode_Reward/disabled_legs_contact: -0.0133
    Episode_Reward/disabled_legs_height: 0.0233
     Episode_Reward/single_leg_air_time: -0.0000
         Episode_Reward/base_height_exp: 0.0025
              Curriculum/terrain_levels: 0.0000
                   Metrics/success_rate: 0.0000
     Metrics/base_velocity/error_vel_xy: 0.8326
    Metrics/base_velocity/error_vel_yaw: 1.1020
           Episode_Termination/time_out: 0.0000
       Episode_Termination/base_contact: 1.0000
--------------------------------------------------------------------------------
                         Iteration time: 6.33s
                           Time elapsed: 00:08:50
                                    ETA: 02:28:56

################################################################################
[1m                           Learning iteration 84/1500                           [0m 

                            Total steps: 8355840 
                       Steps per second: 15561 
                        Collection time: 6.040s 
                          Learning time: 0.277s 
                        Mean value loss: 0.0135
                    Mean surrogate loss: -0.0064
                      Mean entropy loss: 15.9552
                            Mean reward: -1.09
                    Mean episode length: 39.32
                        Mean action std: 0.93
    Episode_Reward/track_lin_vel_xy_exp: 0.0150
     Episode_Reward/track_ang_vel_z_exp: 0.0073
            Episode_Reward/lin_vel_z_l2: 0.0000
           Episode_Reward/ang_vel_xy_l2: -0.0371
          Episode_Reward/dof_torques_l2: -0.0028
              Episode_Reward/dof_acc_l2: -0.0170
          Episode_Reward/action_rate_l2: -0.0088
      Episode_Reward/undesired_contacts: -0.0030
     Episode_Reward/flat_orientation_l2: -0.0210
          Episode_Reward/dof_pos_limits: 0.0000
   Episode_Reward/disabled_legs_contact: -0.0127
    Episode_Reward/disabled_legs_height: 0.0236
     Episode_Reward/single_leg_air_time: -0.0000
         Episode_Reward/base_height_exp: 0.0025
              Curriculum/terrain_levels: 0.0000
                   Metrics/success_rate: 0.0000
     Metrics/base_velocity/error_vel_xy: 0.8434
    Metrics/base_velocity/error_vel_yaw: 1.1116
           Episode_Termination/time_out: 0.0000
       Episode_Termination/base_contact: 1.0000
--------------------------------------------------------------------------------
                         Iteration time: 6.32s
                           Time elapsed: 00:08:56
                                    ETA: 02:28:50

################################################################################
[1m                           Learning iteration 85/1500                           [0m 

                            Total steps: 8454144 
                       Steps per second: 15517 
                        Collection time: 6.061s 
                          Learning time: 0.274s 
                        Mean value loss: 0.0129
                    Mean surrogate loss: -0.0044
                      Mean entropy loss: 15.8961
                            Mean reward: -0.94
                    Mean episode length: 40.12
                        Mean action std: 0.93
    Episode_Reward/track_lin_vel_xy_exp: 0.0153
     Episode_Reward/track_ang_vel_z_exp: 0.0075
            Episode_Reward/lin_vel_z_l2: 0.0000
           Episode_Reward/ang_vel_xy_l2: -0.0369
          Episode_Reward/dof_torques_l2: -0.0028
              Episode_Reward/dof_acc_l2: -0.0168
          Episode_Reward/action_rate_l2: -0.0088
      Episode_Reward/undesired_contacts: -0.0032
     Episode_Reward/flat_orientation_l2: -0.0210
          Episode_Reward/dof_pos_limits: 0.0000
   Episode_Reward/disabled_legs_contact: -0.0124
    Episode_Reward/disabled_legs_height: 0.0237
     Episode_Reward/single_leg_air_time: -0.0000
         Episode_Reward/base_height_exp: 0.0025
              Curriculum/terrain_levels: 0.0000
                   Metrics/success_rate: 0.0000
     Metrics/base_velocity/error_vel_xy: 0.8368
    Metrics/base_velocity/error_vel_yaw: 1.0961
           Episode_Termination/time_out: 0.0000
       Episode_Termination/base_contact: 1.0000
--------------------------------------------------------------------------------
                         Iteration time: 6.34s
                           Time elapsed: 00:09:02
                                    ETA: 02:28:44

################################################################################
[1m                           Learning iteration 86/1500                           [0m 

                            Total steps: 8552448 
                       Steps per second: 15483 
                        Collection time: 6.073s 
                          Learning time: 0.276s 
                        Mean value loss: 0.0130
                    Mean surrogate loss: -0.0063
                      Mean entropy loss: 15.8399
                            Mean reward: -1.14
                    Mean episode length: 39.24
                        Mean action std: 0.92
    Episode_Reward/track_lin_vel_xy_exp: 0.0150
     Episode_Reward/track_ang_vel_z_exp: 0.0076
            Episode_Reward/lin_vel_z_l2: 0.0000
           Episode_Reward/ang_vel_xy_l2: -0.0367
          Episode_Reward/dof_torques_l2: -0.0028
              Episode_Reward/dof_acc_l2: -0.0168
          Episode_Reward/action_rate_l2: -0.0088
      Episode_Reward/undesired_contacts: -0.0033
     Episode_Reward/flat_orientation_l2: -0.0209
          Episode_Reward/dof_pos_limits: 0.0000
   Episode_Reward/disabled_legs_contact: -0.0117
    Episode_Reward/disabled_legs_height: 0.0238
     Episode_Reward/single_leg_air_time: -0.0000
         Episode_Reward/base_height_exp: 0.0025
              Curriculum/terrain_levels: 0.0000
                   Metrics/success_rate: 0.0000
     Metrics/base_velocity/error_vel_xy: 0.8453
    Metrics/base_velocity/error_vel_yaw: 1.0814
           Episode_Termination/time_out: 0.0000
       Episode_Termination/base_contact: 1.0000
--------------------------------------------------------------------------------
                         Iteration time: 6.35s
                           Time elapsed: 00:09:09
                                    ETA: 02:28:38

################################################################################
[1m                           Learning iteration 87/1500                           [0m 

                            Total steps: 8650752 
                       Steps per second: 15571 
                        Collection time: 6.037s 
                          Learning time: 0.276s 
                        Mean value loss: 0.0152
                    Mean surrogate loss: -0.0044
                      Mean entropy loss: 15.7771
                            Mean reward: -1.05
                    Mean episode length: 40.02
                        Mean action std: 0.92
    Episode_Reward/track_lin_vel_xy_exp: 0.0154
     Episode_Reward/track_ang_vel_z_exp: 0.0076
            Episode_Reward/lin_vel_z_l2: 0.0000
           Episode_Reward/ang_vel_xy_l2: -0.0361
          Episode_Reward/dof_torques_l2: -0.0028
              Episode_Reward/dof_acc_l2: -0.0169
          Episode_Reward/action_rate_l2: -0.0088
      Episode_Reward/undesired_contacts: -0.0032
     Episode_Reward/flat_orientation_l2: -0.0211
          Episode_Reward/dof_pos_limits: 0.0000
   Episode_Reward/disabled_legs_contact: -0.0110
    Episode_Reward/disabled_legs_height: 0.0238
     Episode_Reward/single_leg_air_time: -0.0000
         Episode_Reward/base_height_exp: 0.0025
              Curriculum/terrain_levels: 0.0000
                   Metrics/success_rate: 0.0000
     Metrics/base_velocity/error_vel_xy: 0.8440
    Metrics/base_velocity/error_vel_yaw: 1.0785
           Episode_Termination/time_out: 0.0000
       Episode_Termination/base_contact: 1.0000
--------------------------------------------------------------------------------
                         Iteration time: 6.31s
                           Time elapsed: 00:09:15
                                    ETA: 02:28:32

################################################################################
[1m                           Learning iteration 88/1500                           [0m 

                            Total steps: 8749056 
                       Steps per second: 15710 
                        Collection time: 5.981s 
                          Learning time: 0.276s 
                        Mean value loss: 0.0169
                    Mean surrogate loss: -0.0057
                      Mean entropy loss: 15.7297
                            Mean reward: -0.96
                    Mean episode length: 40.47
                        Mean action std: 0.92
    Episode_Reward/track_lin_vel_xy_exp: 0.0147
     Episode_Reward/track_ang_vel_z_exp: 0.0076
            Episode_Reward/lin_vel_z_l2: 0.0000
           Episode_Reward/ang_vel_xy_l2: -0.0359
          Episode_Reward/dof_torques_l2: -0.0028
              Episode_Reward/dof_acc_l2: -0.0168
          Episode_Reward/action_rate_l2: -0.0087
      Episode_Reward/undesired_contacts: -0.0032
     Episode_Reward/flat_orientation_l2: -0.0212
          Episode_Reward/dof_pos_limits: 0.0000
   Episode_Reward/disabled_legs_contact: -0.0102
    Episode_Reward/disabled_legs_height: 0.0243
     Episode_Reward/single_leg_air_time: -0.0000
         Episode_Reward/base_height_exp: 0.0025
              Curriculum/terrain_levels: 0.0000
                   Metrics/success_rate: 0.0000
     Metrics/base_velocity/error_vel_xy: 0.8446
    Metrics/base_velocity/error_vel_yaw: 1.0773
           Episode_Termination/time_out: 0.0000
       Episode_Termination/base_contact: 1.0000
--------------------------------------------------------------------------------
                         Iteration time: 6.26s
                           Time elapsed: 00:09:21
                                    ETA: 02:28:25

################################################################################
[1m                           Learning iteration 89/1500                           [0m 

                            Total steps: 8847360 
                       Steps per second: 15563 
                        Collection time: 6.038s 
                          Learning time: 0.278s 
                        Mean value loss: 0.0139
                    Mean surrogate loss: -0.0061
                      Mean entropy loss: 15.6922
                            Mean reward: -0.91
                    Mean episode length: 40.65
                        Mean action std: 0.91
    Episode_Reward/track_lin_vel_xy_exp: 0.0158
     Episode_Reward/track_ang_vel_z_exp: 0.0077
            Episode_Reward/lin_vel_z_l2: 0.0000
           Episode_Reward/ang_vel_xy_l2: -0.0359
          Episode_Reward/dof_torques_l2: -0.0028
              Episode_Reward/dof_acc_l2: -0.0168
          Episode_Reward/action_rate_l2: -0.0087
      Episode_Reward/undesired_contacts: -0.0031
     Episode_Reward/flat_orientation_l2: -0.0211
          Episode_Reward/dof_pos_limits: 0.0000
   Episode_Reward/disabled_legs_contact: -0.0094
    Episode_Reward/disabled_legs_height: 0.0244
     Episode_Reward/single_leg_air_time: 0.0000
         Episode_Reward/base_height_exp: 0.0026
              Curriculum/terrain_levels: 0.0000
                   Metrics/success_rate: 0.0000
     Metrics/base_velocity/error_vel_xy: 0.8289
    Metrics/base_velocity/error_vel_yaw: 1.0817
           Episode_Termination/time_out: 0.0000
       Episode_Termination/base_contact: 1.0000
--------------------------------------------------------------------------------
                         Iteration time: 6.32s
                           Time elapsed: 00:09:28
                                    ETA: 02:28:18

################################################################################
[1m                           Learning iteration 90/1500                           [0m 

                            Total steps: 8945664 
                       Steps per second: 15640 
                        Collection time: 6.007s 
                          Learning time: 0.278s 
                        Mean value loss: 0.0127
                    Mean surrogate loss: -0.0043
                      Mean entropy loss: 15.6511
                            Mean reward: -0.94
                    Mean episode length: 42.60
                        Mean action std: 0.91
    Episode_Reward/track_lin_vel_xy_exp: 0.0155
     Episode_Reward/track_ang_vel_z_exp: 0.0076
            Episode_Reward/lin_vel_z_l2: 0.0000
           Episode_Reward/ang_vel_xy_l2: -0.0357
          Episode_Reward/dof_torques_l2: -0.0028
              Episode_Reward/dof_acc_l2: -0.0170
          Episode_Reward/action_rate_l2: -0.0086
      Episode_Reward/undesired_contacts: -0.0030
     Episode_Reward/flat_orientation_l2: -0.0210
          Episode_Reward/dof_pos_limits: 0.0000
   Episode_Reward/disabled_legs_contact: -0.0086
    Episode_Reward/disabled_legs_height: 0.0244
     Episode_Reward/single_leg_air_time: 0.0000
         Episode_Reward/base_height_exp: 0.0025
              Curriculum/terrain_levels: 0.0000
                   Metrics/success_rate: 0.0000
     Metrics/base_velocity/error_vel_xy: 0.8333
    Metrics/base_velocity/error_vel_yaw: 1.0852
           Episode_Termination/time_out: 0.0000
       Episode_Termination/base_contact: 1.0000
--------------------------------------------------------------------------------
                         Iteration time: 6.29s
                           Time elapsed: 00:09:34
                                    ETA: 02:28:12

################################################################################
[1m                           Learning iteration 91/1500                           [0m 

                            Total steps: 9043968 
                       Steps per second: 15709 
                        Collection time: 5.979s 
                          Learning time: 0.279s 
                        Mean value loss: 0.0166
                    Mean surrogate loss: -0.0036
                      Mean entropy loss: 15.6112
                            Mean reward: -0.86
                    Mean episode length: 41.86
                        Mean action std: 0.91
    Episode_Reward/track_lin_vel_xy_exp: 0.0157
     Episode_Reward/track_ang_vel_z_exp: 0.0078
            Episode_Reward/lin_vel_z_l2: 0.0000
           Episode_Reward/ang_vel_xy_l2: -0.0350
          Episode_Reward/dof_torques_l2: -0.0029
              Episode_Reward/dof_acc_l2: -0.0173
          Episode_Reward/action_rate_l2: -0.0087
      Episode_Reward/undesired_contacts: -0.0032
     Episode_Reward/flat_orientation_l2: -0.0216
          Episode_Reward/dof_pos_limits: 0.0000
   Episode_Reward/disabled_legs_contact: -0.0084
    Episode_Reward/disabled_legs_height: 0.0248
     Episode_Reward/single_leg_air_time: 0.0000
         Episode_Reward/base_height_exp: 0.0026
              Curriculum/terrain_levels: 0.0000
                   Metrics/success_rate: 0.0000
     Metrics/base_velocity/error_vel_xy: 0.8327
    Metrics/base_velocity/error_vel_yaw: 1.0782
           Episode_Termination/time_out: 0.0000
       Episode_Termination/base_contact: 1.0000
--------------------------------------------------------------------------------
                         Iteration time: 6.26s
                           Time elapsed: 00:09:40
                                    ETA: 02:28:05

################################################################################
[1m                           Learning iteration 92/1500                           [0m 

                            Total steps: 9142272 
                       Steps per second: 15649 
                        Collection time: 6.005s 
                          Learning time: 0.277s 
                        Mean value loss: 0.0128
                    Mean surrogate loss: -0.0047
                      Mean entropy loss: 15.5688
                            Mean reward: -0.95
                    Mean episode length: 40.63
                        Mean action std: 0.91
    Episode_Reward/track_lin_vel_xy_exp: 0.0153
     Episode_Reward/track_ang_vel_z_exp: 0.0077
            Episode_Reward/lin_vel_z_l2: 0.0000
           Episode_Reward/ang_vel_xy_l2: -0.0348
          Episode_Reward/dof_torques_l2: -0.0028
              Episode_Reward/dof_acc_l2: -0.0168
          Episode_Reward/action_rate_l2: -0.0086
      Episode_Reward/undesired_contacts: -0.0031
     Episode_Reward/flat_orientation_l2: -0.0216
          Episode_Reward/dof_pos_limits: 0.0000
   Episode_Reward/disabled_legs_contact: -0.0076
    Episode_Reward/disabled_legs_height: 0.0251
     Episode_Reward/single_leg_air_time: 0.0000
         Episode_Reward/base_height_exp: 0.0025
              Curriculum/terrain_levels: 0.0000
                   Metrics/success_rate: 0.0000
     Metrics/base_velocity/error_vel_xy: 0.8416
    Metrics/base_velocity/error_vel_yaw: 1.0824
           Episode_Termination/time_out: 0.0000
       Episode_Termination/base_contact: 1.0000
--------------------------------------------------------------------------------
                         Iteration time: 6.28s
                           Time elapsed: 00:09:46
                                    ETA: 02:27:58

################################################################################
[1m                           Learning iteration 93/1500                           [0m 

                            Total steps: 9240576 
                       Steps per second: 15717 
                        Collection time: 5.977s 
                          Learning time: 0.277s 
                        Mean value loss: 0.0184
                    Mean surrogate loss: -0.0058
                      Mean entropy loss: 15.5177
                            Mean reward: -0.92
                    Mean episode length: 41.94
                        Mean action std: 0.90
    Episode_Reward/track_lin_vel_xy_exp: 0.0165
     Episode_Reward/track_ang_vel_z_exp: 0.0079
            Episode_Reward/lin_vel_z_l2: 0.0000
           Episode_Reward/ang_vel_xy_l2: -0.0343
          Episode_Reward/dof_torques_l2: -0.0029
              Episode_Reward/dof_acc_l2: -0.0170
          Episode_Reward/action_rate_l2: -0.0087
      Episode_Reward/undesired_contacts: -0.0035
     Episode_Reward/flat_orientation_l2: -0.0220
          Episode_Reward/dof_pos_limits: 0.0000
   Episode_Reward/disabled_legs_contact: -0.0072
    Episode_Reward/disabled_legs_height: 0.0252
     Episode_Reward/single_leg_air_time: 0.0000
         Episode_Reward/base_height_exp: 0.0026
              Curriculum/terrain_levels: 0.0000
                   Metrics/success_rate: 0.0000
     Metrics/base_velocity/error_vel_xy: 0.8261
    Metrics/base_velocity/error_vel_yaw: 1.0845
           Episode_Termination/time_out: 0.0000
       Episode_Termination/base_contact: 1.0000
--------------------------------------------------------------------------------
                         Iteration time: 6.25s
                           Time elapsed: 00:09:53
                                    ETA: 02:27:51

################################################################################
[1m                           Learning iteration 94/1500                           [0m 

                            Total steps: 9338880 
                       Steps per second: 15670 
                        Collection time: 5.996s 
                          Learning time: 0.278s 
                        Mean value loss: 0.0133
                    Mean surrogate loss: -0.0076
                      Mean entropy loss: 15.4718
                            Mean reward: -0.90
                    Mean episode length: 39.01
                        Mean action std: 0.90
    Episode_Reward/track_lin_vel_xy_exp: 0.0164
     Episode_Reward/track_ang_vel_z_exp: 0.0078
            Episode_Reward/lin_vel_z_l2: 0.0000
           Episode_Reward/ang_vel_xy_l2: -0.0342
          Episode_Reward/dof_torques_l2: -0.0028
              Episode_Reward/dof_acc_l2: -0.0168
          Episode_Reward/action_rate_l2: -0.0086
      Episode_Reward/undesired_contacts: -0.0033
     Episode_Reward/flat_orientation_l2: -0.0217
          Episode_Reward/dof_pos_limits: 0.0000
   Episode_Reward/disabled_legs_contact: -0.0065
    Episode_Reward/disabled_legs_height: 0.0255
     Episode_Reward/single_leg_air_time: 0.0000
         Episode_Reward/base_height_exp: 0.0024
              Curriculum/terrain_levels: 0.0000
                   Metrics/success_rate: 0.0000
     Metrics/base_velocity/error_vel_xy: 0.8270
    Metrics/base_velocity/error_vel_yaw: 1.0879
           Episode_Termination/time_out: 0.0000
       Episode_Termination/base_contact: 1.0000
--------------------------------------------------------------------------------
                         Iteration time: 6.27s
                           Time elapsed: 00:09:59
                                    ETA: 02:27:44

################################################################################
[1m                           Learning iteration 95/1500                           [0m 

                            Total steps: 9437184 
                       Steps per second: 15799 
                        Collection time: 5.944s 
                          Learning time: 0.277s 
                        Mean value loss: 0.0119
                    Mean surrogate loss: -0.0038
                      Mean entropy loss: 15.4227
                            Mean reward: -0.88
                    Mean episode length: 41.07
                        Mean action std: 0.90
    Episode_Reward/track_lin_vel_xy_exp: 0.0156
     Episode_Reward/track_ang_vel_z_exp: 0.0079
            Episode_Reward/lin_vel_z_l2: 0.0000
           Episode_Reward/ang_vel_xy_l2: -0.0344
          Episode_Reward/dof_torques_l2: -0.0028
              Episode_Reward/dof_acc_l2: -0.0169
          Episode_Reward/action_rate_l2: -0.0085
      Episode_Reward/undesired_contacts: -0.0030
     Episode_Reward/flat_orientation_l2: -0.0215
          Episode_Reward/dof_pos_limits: 0.0000
   Episode_Reward/disabled_legs_contact: -0.0062
    Episode_Reward/disabled_legs_height: 0.0250
     Episode_Reward/single_leg_air_time: 0.0000
         Episode_Reward/base_height_exp: 0.0025
              Curriculum/terrain_levels: 0.0000
                   Metrics/success_rate: 0.0000
     Metrics/base_velocity/error_vel_xy: 0.8358
    Metrics/base_velocity/error_vel_yaw: 1.0739
           Episode_Termination/time_out: 0.0000
       Episode_Termination/base_contact: 1.0000
--------------------------------------------------------------------------------
                         Iteration time: 6.22s
                           Time elapsed: 00:10:05
                                    ETA: 02:27:36

################################################################################
[1m                           Learning iteration 96/1500                           [0m 

                            Total steps: 9535488 
                       Steps per second: 15695 
                        Collection time: 5.987s 
                          Learning time: 0.276s 
                        Mean value loss: 0.0140
                    Mean surrogate loss: -0.0022
                      Mean entropy loss: 15.3875
                            Mean reward: -0.82
                    Mean episode length: 39.99
                        Mean action std: 0.89
    Episode_Reward/track_lin_vel_xy_exp: 0.0156
     Episode_Reward/track_ang_vel_z_exp: 0.0078
            Episode_Reward/lin_vel_z_l2: 0.0000
           Episode_Reward/ang_vel_xy_l2: -0.0343
          Episode_Reward/dof_torques_l2: -0.0028
              Episode_Reward/dof_acc_l2: -0.0166
          Episode_Reward/action_rate_l2: -0.0084
      Episode_Reward/undesired_contacts: -0.0032
     Episode_Reward/flat_orientation_l2: -0.0213
          Episode_Reward/dof_pos_limits: 0.0000
   Episode_Reward/disabled_legs_contact: -0.0057
    Episode_Reward/disabled_legs_height: 0.0253
     Episode_Reward/single_leg_air_time: 0.0000
         Episode_Reward/base_height_exp: 0.0025
              Curriculum/terrain_levels: 0.0000
                   Metrics/success_rate: 0.0000
     Metrics/base_velocity/error_vel_xy: 0.8369
    Metrics/base_velocity/error_vel_yaw: 1.0846
           Episode_Termination/time_out: 0.0000
       Episode_Termination/base_contact: 1.0000
--------------------------------------------------------------------------------
                         Iteration time: 6.26s
                           Time elapsed: 00:10:11
                                    ETA: 02:27:29

################################################################################
[1m                           Learning iteration 97/1500                           [0m 

                            Total steps: 9633792 
                       Steps per second: 15726 
                        Collection time: 5.973s 
                          Learning time: 0.278s 
                        Mean value loss: 0.0118
                    Mean surrogate loss: -0.0058
                      Mean entropy loss: 15.3477
                            Mean reward: -0.79
                    Mean episode length: 41.93
                        Mean action std: 0.89
    Episode_Reward/track_lin_vel_xy_exp: 0.0158
     Episode_Reward/track_ang_vel_z_exp: 0.0079
            Episode_Reward/lin_vel_z_l2: 0.0000
           Episode_Reward/ang_vel_xy_l2: -0.0342
          Episode_Reward/dof_torques_l2: -0.0028
              Episode_Reward/dof_acc_l2: -0.0165
          Episode_Reward/action_rate_l2: -0.0084
      Episode_Reward/undesired_contacts: -0.0030
     Episode_Reward/flat_orientation_l2: -0.0215
          Episode_Reward/dof_pos_limits: 0.0000
   Episode_Reward/disabled_legs_contact: -0.0053
    Episode_Reward/disabled_legs_height: 0.0255
     Episode_Reward/single_leg_air_time: 0.0000
         Episode_Reward/base_height_exp: 0.0025
              Curriculum/terrain_levels: 0.0000
                   Metrics/success_rate: 0.0000
     Metrics/base_velocity/error_vel_xy: 0.8379
    Metrics/base_velocity/error_vel_yaw: 1.0721
           Episode_Termination/time_out: 0.0000
       Episode_Termination/base_contact: 1.0000
--------------------------------------------------------------------------------
                         Iteration time: 6.25s
                           Time elapsed: 00:10:18
                                    ETA: 02:27:22

################################################################################
[1m                           Learning iteration 98/1500                           [0m 

                            Total steps: 9732096 
                       Steps per second: 15693 
                        Collection time: 5.984s 
                          Learning time: 0.280s 
                        Mean value loss: 0.0120
                    Mean surrogate loss: -0.0055
                      Mean entropy loss: 15.3028
                            Mean reward: -0.74
                    Mean episode length: 42.61
                        Mean action std: 0.89
    Episode_Reward/track_lin_vel_xy_exp: 0.0162
     Episode_Reward/track_ang_vel_z_exp: 0.0079
            Episode_Reward/lin_vel_z_l2: 0.0000
           Episode_Reward/ang_vel_xy_l2: -0.0338
          Episode_Reward/dof_torques_l2: -0.0028
              Episode_Reward/dof_acc_l2: -0.0164
          Episode_Reward/action_rate_l2: -0.0084
      Episode_Reward/undesired_contacts: -0.0028
     Episode_Reward/flat_orientation_l2: -0.0216
          Episode_Reward/dof_pos_limits: 0.0000
   Episode_Reward/disabled_legs_contact: -0.0048
    Episode_Reward/disabled_legs_height: 0.0253
     Episode_Reward/single_leg_air_time: 0.0000
         Episode_Reward/base_height_exp: 0.0025
              Curriculum/terrain_levels: 0.0000
                   Metrics/success_rate: 0.0000
     Metrics/base_velocity/error_vel_xy: 0.8249
    Metrics/base_velocity/error_vel_yaw: 1.0794
           Episode_Termination/time_out: 0.0000
       Episode_Termination/base_contact: 1.0000
--------------------------------------------------------------------------------
                         Iteration time: 6.26s
                           Time elapsed: 00:10:24
                                    ETA: 02:27:15

################################################################################
[1m                           Learning iteration 99/1500                           [0m 

                            Total steps: 9830400 
                       Steps per second: 15787 
                        Collection time: 5.950s 
                          Learning time: 0.277s 
                        Mean value loss: 0.0271
                    Mean surrogate loss: -0.0050
                      Mean entropy loss: 15.2450
                            Mean reward: -0.68
                    Mean episode length: 42.32
                        Mean action std: 0.88
    Episode_Reward/track_lin_vel_xy_exp: 0.0169
     Episode_Reward/track_ang_vel_z_exp: 0.0080
            Episode_Reward/lin_vel_z_l2: 0.0000
           Episode_Reward/ang_vel_xy_l2: -0.0335
          Episode_Reward/dof_torques_l2: -0.0029
              Episode_Reward/dof_acc_l2: -0.0166
          Episode_Reward/action_rate_l2: -0.0084
      Episode_Reward/undesired_contacts: -0.0030
     Episode_Reward/flat_orientation_l2: -0.0221
          Episode_Reward/dof_pos_limits: 0.0000
   Episode_Reward/disabled_legs_contact: -0.0048
    Episode_Reward/disabled_legs_height: 0.0262
     Episode_Reward/single_leg_air_time: 0.0000
         Episode_Reward/base_height_exp: 0.0026
              Curriculum/terrain_levels: 0.0000
                   Metrics/success_rate: 0.0000
     Metrics/base_velocity/error_vel_xy: 0.8265
    Metrics/base_velocity/error_vel_yaw: 1.0820
           Episode_Termination/time_out: 0.0000
       Episode_Termination/base_contact: 1.0000
--------------------------------------------------------------------------------
                         Iteration time: 6.23s
                           Time elapsed: 00:10:30
                                    ETA: 02:27:08

################################################################################
[1m                          Learning iteration 100/1500                           [0m 

                            Total steps: 9928704 
                       Steps per second: 15654 
                        Collection time: 6.003s 
                          Learning time: 0.277s 
                        Mean value loss: 0.0122
                    Mean surrogate loss: -0.0023
                      Mean entropy loss: 15.1875
                            Mean reward: -0.59
                    Mean episode length: 43.63
                        Mean action std: 0.88
    Episode_Reward/track_lin_vel_xy_exp: 0.0173
     Episode_Reward/track_ang_vel_z_exp: 0.0082
            Episode_Reward/lin_vel_z_l2: 0.0000
           Episode_Reward/ang_vel_xy_l2: -0.0328
          Episode_Reward/dof_torques_l2: -0.0029
              Episode_Reward/dof_acc_l2: -0.0167
          Episode_Reward/action_rate_l2: -0.0086
      Episode_Reward/undesired_contacts: -0.0033
     Episode_Reward/flat_orientation_l2: -0.0229
          Episode_Reward/dof_pos_limits: 0.0000
   Episode_Reward/disabled_legs_contact: -0.0044
    Episode_Reward/disabled_legs_height: 0.0269
     Episode_Reward/single_leg_air_time: 0.0000
         Episode_Reward/base_height_exp: 0.0026
              Curriculum/terrain_levels: 0.0000
                   Metrics/success_rate: 0.0000
     Metrics/base_velocity/error_vel_xy: 0.8220
    Metrics/base_velocity/error_vel_yaw: 1.0770
           Episode_Termination/time_out: 0.0000
       Episode_Termination/base_contact: 1.0000
--------------------------------------------------------------------------------
                         Iteration time: 6.28s
                           Time elapsed: 00:10:36
                                    ETA: 02:27:01

################################################################################
[1m                          Learning iteration 101/1500                           [0m 

                            Total steps: 10027008 
                       Steps per second: 15734 
                        Collection time: 5.971s 
                          Learning time: 0.277s 
                        Mean value loss: 0.0114
                    Mean surrogate loss: -0.0054
                      Mean entropy loss: 15.1531
                            Mean reward: -0.78
                    Mean episode length: 43.54
                        Mean action std: 0.88
    Episode_Reward/track_lin_vel_xy_exp: 0.0167
     Episode_Reward/track_ang_vel_z_exp: 0.0083
            Episode_Reward/lin_vel_z_l2: 0.0000
           Episode_Reward/ang_vel_xy_l2: -0.0325
          Episode_Reward/dof_torques_l2: -0.0029
              Episode_Reward/dof_acc_l2: -0.0167
          Episode_Reward/action_rate_l2: -0.0086
      Episode_Reward/undesired_contacts: -0.0033
     Episode_Reward/flat_orientation_l2: -0.0229
          Episode_Reward/dof_pos_limits: 0.0000
   Episode_Reward/disabled_legs_contact: -0.0038
    Episode_Reward/disabled_legs_height: 0.0269
     Episode_Reward/single_leg_air_time: 0.0000
         Episode_Reward/base_height_exp: 0.0026
              Curriculum/terrain_levels: 0.0000
                   Metrics/success_rate: 0.0000
     Metrics/base_velocity/error_vel_xy: 0.8351
    Metrics/base_velocity/error_vel_yaw: 1.0799
           Episode_Termination/time_out: 0.0000
       Episode_Termination/base_contact: 1.0000
--------------------------------------------------------------------------------
                         Iteration time: 6.25s
                           Time elapsed: 00:10:43
                                    ETA: 02:26:54

################################################################################
[1m                          Learning iteration 102/1500                           [0m 

                            Total steps: 10125312 
                       Steps per second: 15693 
                        Collection time: 5.986s 
                          Learning time: 0.278s 
                        Mean value loss: 0.0115
                    Mean surrogate loss: -0.0066
                      Mean entropy loss: 15.1008
                            Mean reward: -0.69
                    Mean episode length: 42.27
                        Mean action std: 0.87
    Episode_Reward/track_lin_vel_xy_exp: 0.0173
     Episode_Reward/track_ang_vel_z_exp: 0.0085
            Episode_Reward/lin_vel_z_l2: 0.0000
           Episode_Reward/ang_vel_xy_l2: -0.0321
          Episode_Reward/dof_torques_l2: -0.0029
              Episode_Reward/dof_acc_l2: -0.0167
          Episode_Reward/action_rate_l2: -0.0086
      Episode_Reward/undesired_contacts: -0.0035
     Episode_Reward/flat_orientation_l2: -0.0234
          Episode_Reward/dof_pos_limits: 0.0000
   Episode_Reward/disabled_legs_contact: -0.0036
    Episode_Reward/disabled_legs_height: 0.0272
     Episode_Reward/single_leg_air_time: -0.0000
         Episode_Reward/base_height_exp: 0.0027
              Curriculum/terrain_levels: 0.0000
                   Metrics/success_rate: 0.0000
     Metrics/base_velocity/error_vel_xy: 0.8237
    Metrics/base_velocity/error_vel_yaw: 1.0711
           Episode_Termination/time_out: 0.0000
       Episode_Termination/base_contact: 1.0000
--------------------------------------------------------------------------------
                         Iteration time: 6.26s
                           Time elapsed: 00:10:49
                                    ETA: 02:26:47

################################################################################
[1m                          Learning iteration 103/1500                           [0m 

                            Total steps: 10223616 
                       Steps per second: 15719 
                        Collection time: 5.976s 
                          Learning time: 0.277s 
                        Mean value loss: 0.0185
                    Mean surrogate loss: -0.0044
                      Mean entropy loss: 15.0545
                            Mean reward: -0.63
                    Mean episode length: 46.20
                        Mean action std: 0.87
    Episode_Reward/track_lin_vel_xy_exp: 0.0178
     Episode_Reward/track_ang_vel_z_exp: 0.0088
            Episode_Reward/lin_vel_z_l2: 0.0000
           Episode_Reward/ang_vel_xy_l2: -0.0316
          Episode_Reward/dof_torques_l2: -0.0029
              Episode_Reward/dof_acc_l2: -0.0168
          Episode_Reward/action_rate_l2: -0.0088
      Episode_Reward/undesired_contacts: -0.0032
     Episode_Reward/flat_orientation_l2: -0.0241
          Episode_Reward/dof_pos_limits: 0.0000
   Episode_Reward/disabled_legs_contact: -0.0037
    Episode_Reward/disabled_legs_height: 0.0286
     Episode_Reward/single_leg_air_time: -0.0000
         Episode_Reward/base_height_exp: 0.0028
              Curriculum/terrain_levels: 0.0000
                   Metrics/success_rate: 0.0000
     Metrics/base_velocity/error_vel_xy: 0.8279
    Metrics/base_velocity/error_vel_yaw: 1.0653
           Episode_Termination/time_out: 0.0000
       Episode_Termination/base_contact: 1.0000
--------------------------------------------------------------------------------
                         Iteration time: 6.25s
                           Time elapsed: 00:10:55
                                    ETA: 02:26:40

################################################################################
[1m                          Learning iteration 104/1500                           [0m 

                            Total steps: 10321920 
                       Steps per second: 15708 
                        Collection time: 5.981s 
                          Learning time: 0.277s 
                        Mean value loss: 0.0135
                    Mean surrogate loss: -0.0053
                      Mean entropy loss: 15.0105
                            Mean reward: -0.72
                    Mean episode length: 44.69
                        Mean action std: 0.87
    Episode_Reward/track_lin_vel_xy_exp: 0.0177
     Episode_Reward/track_ang_vel_z_exp: 0.0090
            Episode_Reward/lin_vel_z_l2: 0.0000
           Episode_Reward/ang_vel_xy_l2: -0.0312
          Episode_Reward/dof_torques_l2: -0.0030
              Episode_Reward/dof_acc_l2: -0.0171
          Episode_Reward/action_rate_l2: -0.0090
      Episode_Reward/undesired_contacts: -0.0032
     Episode_Reward/flat_orientation_l2: -0.0249
          Episode_Reward/dof_pos_limits: 0.0000
   Episode_Reward/disabled_legs_contact: -0.0037
    Episode_Reward/disabled_legs_height: 0.0292
     Episode_Reward/single_leg_air_time: -0.0000
         Episode_Reward/base_height_exp: 0.0030
              Curriculum/terrain_levels: 0.0000
                   Metrics/success_rate: 0.0000
     Metrics/base_velocity/error_vel_xy: 0.8286
    Metrics/base_velocity/error_vel_yaw: 1.0625
           Episode_Termination/time_out: 0.0000
       Episode_Termination/base_contact: 1.0000
--------------------------------------------------------------------------------
                         Iteration time: 6.26s
                           Time elapsed: 00:11:01
                                    ETA: 02:26:33

################################################################################
[1m                          Learning iteration 105/1500                           [0m 

                            Total steps: 10420224 
                       Steps per second: 15671 
                        Collection time: 5.995s 
                          Learning time: 0.278s 
                        Mean value loss: 0.0122
                    Mean surrogate loss: -0.0060
                      Mean entropy loss: 14.9604
                            Mean reward: -0.59
                    Mean episode length: 46.84
                        Mean action std: 0.86
    Episode_Reward/track_lin_vel_xy_exp: 0.0180
     Episode_Reward/track_ang_vel_z_exp: 0.0092
            Episode_Reward/lin_vel_z_l2: 0.0000
           Episode_Reward/ang_vel_xy_l2: -0.0313
          Episode_Reward/dof_torques_l2: -0.0030
              Episode_Reward/dof_acc_l2: -0.0170
          Episode_Reward/action_rate_l2: -0.0089
      Episode_Reward/undesired_contacts: -0.0030
     Episode_Reward/flat_orientation_l2: -0.0249
          Episode_Reward/dof_pos_limits: 0.0000
   Episode_Reward/disabled_legs_contact: -0.0038
    Episode_Reward/disabled_legs_height: 0.0295
     Episode_Reward/single_leg_air_time: -0.0000
         Episode_Reward/base_height_exp: 0.0032
              Curriculum/terrain_levels: 0.0000
                   Metrics/success_rate: 0.0000
     Metrics/base_velocity/error_vel_xy: 0.8287
    Metrics/base_velocity/error_vel_yaw: 1.0629
           Episode_Termination/time_out: 0.0000
       Episode_Termination/base_contact: 1.0000
--------------------------------------------------------------------------------
                         Iteration time: 6.27s
                           Time elapsed: 00:11:08
                                    ETA: 02:26:27

################################################################################
[1m                          Learning iteration 106/1500                           [0m 

                            Total steps: 10518528 
                       Steps per second: 15723 
                        Collection time: 5.975s 
                          Learning time: 0.277s 
                        Mean value loss: 0.0118
                    Mean surrogate loss: -0.0029
                      Mean entropy loss: 14.9193
                            Mean reward: -0.59
                    Mean episode length: 49.39
                        Mean action std: 0.86
    Episode_Reward/track_lin_vel_xy_exp: 0.0182
     Episode_Reward/track_ang_vel_z_exp: 0.0094
            Episode_Reward/lin_vel_z_l2: 0.0000
           Episode_Reward/ang_vel_xy_l2: -0.0307
          Episode_Reward/dof_torques_l2: -0.0030
              Episode_Reward/dof_acc_l2: -0.0170
          Episode_Reward/action_rate_l2: -0.0090
      Episode_Reward/undesired_contacts: -0.0033
     Episode_Reward/flat_orientation_l2: -0.0254
          Episode_Reward/dof_pos_limits: 0.0000
   Episode_Reward/disabled_legs_contact: -0.0038
    Episode_Reward/disabled_legs_height: 0.0298
     Episode_Reward/single_leg_air_time: -0.0000
         Episode_Reward/base_height_exp: 0.0031
              Curriculum/terrain_levels: 0.0000
                   Metrics/success_rate: 0.0000
     Metrics/base_velocity/error_vel_xy: 0.8288
    Metrics/base_velocity/error_vel_yaw: 1.0592
           Episode_Termination/time_out: 0.0000
       Episode_Termination/base_contact: 1.0000
--------------------------------------------------------------------------------
                         Iteration time: 6.25s
                           Time elapsed: 00:11:14
                                    ETA: 02:26:20

################################################################################
[1m                          Learning iteration 107/1500                           [0m 

                            Total steps: 10616832 
                       Steps per second: 15654 
                        Collection time: 6.001s 
                          Learning time: 0.278s 
                        Mean value loss: 0.0123
                    Mean surrogate loss: -0.0051
                      Mean entropy loss: 14.8845
                            Mean reward: -0.45
                    Mean episode length: 49.47
                        Mean action std: 0.86
    Episode_Reward/track_lin_vel_xy_exp: 0.0192
     Episode_Reward/track_ang_vel_z_exp: 0.0095
            Episode_Reward/lin_vel_z_l2: 0.0000
           Episode_Reward/ang_vel_xy_l2: -0.0304
          Episode_Reward/dof_torques_l2: -0.0031
              Episode_Reward/dof_acc_l2: -0.0174
          Episode_Reward/action_rate_l2: -0.0092
      Episode_Reward/undesired_contacts: -0.0030
     Episode_Reward/flat_orientation_l2: -0.0262
          Episode_Reward/dof_pos_limits: 0.0000
   Episode_Reward/disabled_legs_contact: -0.0038
    Episode_Reward/disabled_legs_height: 0.0307
     Episode_Reward/single_leg_air_time: -0.0000
         Episode_Reward/base_height_exp: 0.0034
              Curriculum/terrain_levels: 0.0000
                   Metrics/success_rate: 0.0000
     Metrics/base_velocity/error_vel_xy: 0.8200
    Metrics/base_velocity/error_vel_yaw: 1.0604
           Episode_Termination/time_out: 0.0000
       Episode_Termination/base_contact: 1.0000
--------------------------------------------------------------------------------
                         Iteration time: 6.28s
                           Time elapsed: 00:11:20
                                    ETA: 02:26:13

################################################################################
[1m                          Learning iteration 108/1500                           [0m 

                            Total steps: 10715136 
                       Steps per second: 15731 
                        Collection time: 5.972s 
                          Learning time: 0.277s 
                        Mean value loss: 0.0138
                    Mean surrogate loss: -0.0057
                      Mean entropy loss: 14.8408
                            Mean reward: -0.57
                    Mean episode length: 49.18
                        Mean action std: 0.86
    Episode_Reward/track_lin_vel_xy_exp: 0.0194
     Episode_Reward/track_ang_vel_z_exp: 0.0097
            Episode_Reward/lin_vel_z_l2: 0.0000
           Episode_Reward/ang_vel_xy_l2: -0.0300
          Episode_Reward/dof_torques_l2: -0.0031
              Episode_Reward/dof_acc_l2: -0.0174
          Episode_Reward/action_rate_l2: -0.0093
      Episode_Reward/undesired_contacts: -0.0028
     Episode_Reward/flat_orientation_l2: -0.0266
          Episode_Reward/dof_pos_limits: 0.0000
   Episode_Reward/disabled_legs_contact: -0.0036
    Episode_Reward/disabled_legs_height: 0.0313
     Episode_Reward/single_leg_air_time: -0.0000
         Episode_Reward/base_height_exp: 0.0035
              Curriculum/terrain_levels: 0.0000
                   Metrics/success_rate: 0.0000
     Metrics/base_velocity/error_vel_xy: 0.8165
    Metrics/base_velocity/error_vel_yaw: 1.0563
           Episode_Termination/time_out: 0.0000
       Episode_Termination/base_contact: 1.0000
--------------------------------------------------------------------------------
                         Iteration time: 6.25s
                           Time elapsed: 00:11:26
                                    ETA: 02:26:06

################################################################################
[1m                          Learning iteration 109/1500                           [0m 

                            Total steps: 10813440 
                       Steps per second: 15785 
                        Collection time: 5.950s 
                          Learning time: 0.277s 
                        Mean value loss: 0.0130
                    Mean surrogate loss: -0.0044
                      Mean entropy loss: 14.8056
                            Mean reward: -0.48
                    Mean episode length: 52.07
                        Mean action std: 0.86
    Episode_Reward/track_lin_vel_xy_exp: 0.0205
     Episode_Reward/track_ang_vel_z_exp: 0.0100
            Episode_Reward/lin_vel_z_l2: 0.0000
           Episode_Reward/ang_vel_xy_l2: -0.0296
          Episode_Reward/dof_torques_l2: -0.0031
              Episode_Reward/dof_acc_l2: -0.0176
          Episode_Reward/action_rate_l2: -0.0094
      Episode_Reward/undesired_contacts: -0.0031
     Episode_Reward/flat_orientation_l2: -0.0271
          Episode_Reward/dof_pos_limits: 0.0000
   Episode_Reward/disabled_legs_contact: -0.0038
    Episode_Reward/disabled_legs_height: 0.0320
     Episode_Reward/single_leg_air_time: -0.0000
         Episode_Reward/base_height_exp: 0.0036
              Curriculum/terrain_levels: 0.0000
                   Metrics/success_rate: 0.0000
     Metrics/base_velocity/error_vel_xy: 0.8002
    Metrics/base_velocity/error_vel_yaw: 1.0405
           Episode_Termination/time_out: 0.0000
       Episode_Termination/base_contact: 1.0000
--------------------------------------------------------------------------------
                         Iteration time: 6.23s
                           Time elapsed: 00:11:33
                                    ETA: 02:25:59

################################################################################
[1m                          Learning iteration 110/1500                           [0m 

                            Total steps: 10911744 
                       Steps per second: 15684 
                        Collection time: 5.989s 
                          Learning time: 0.278s 
                        Mean value loss: 0.0121
                    Mean surrogate loss: -0.0036
                      Mean entropy loss: 14.7696
                            Mean reward: -0.54
                    Mean episode length: 48.67
                        Mean action std: 0.85
    Episode_Reward/track_lin_vel_xy_exp: 0.0196
     Episode_Reward/track_ang_vel_z_exp: 0.0100
            Episode_Reward/lin_vel_z_l2: 0.0000
           Episode_Reward/ang_vel_xy_l2: -0.0296
          Episode_Reward/dof_torques_l2: -0.0031
              Episode_Reward/dof_acc_l2: -0.0175
          Episode_Reward/action_rate_l2: -0.0094
      Episode_Reward/undesired_contacts: -0.0032
     Episode_Reward/flat_orientation_l2: -0.0271
          Episode_Reward/dof_pos_limits: 0.0000
   Episode_Reward/disabled_legs_contact: -0.0039
    Episode_Reward/disabled_legs_height: 0.0316
     Episode_Reward/single_leg_air_time: -0.0000
         Episode_Reward/base_height_exp: 0.0035
              Curriculum/terrain_levels: 0.0000
                   Metrics/success_rate: 0.0000
     Metrics/base_velocity/error_vel_xy: 0.8229
    Metrics/base_velocity/error_vel_yaw: 1.0498
           Episode_Termination/time_out: 0.0000
       Episode_Termination/base_contact: 1.0000
--------------------------------------------------------------------------------
                         Iteration time: 6.27s
                           Time elapsed: 00:11:39
                                    ETA: 02:25:52

################################################################################
[1m                          Learning iteration 111/1500                           [0m 

                            Total steps: 11010048 
                       Steps per second: 15704 
                        Collection time: 5.982s 
                          Learning time: 0.277s 
                        Mean value loss: 0.0124
                    Mean surrogate loss: -0.0023
                      Mean entropy loss: 14.7382
                            Mean reward: -0.48
                    Mean episode length: 51.24
                        Mean action std: 0.85
    Episode_Reward/track_lin_vel_xy_exp: 0.0209
     Episode_Reward/track_ang_vel_z_exp: 0.0101
            Episode_Reward/lin_vel_z_l2: 0.0000
           Episode_Reward/ang_vel_xy_l2: -0.0289
          Episode_Reward/dof_torques_l2: -0.0032
              Episode_Reward/dof_acc_l2: -0.0179
          Episode_Reward/action_rate_l2: -0.0094
      Episode_Reward/undesired_contacts: -0.0031
     Episode_Reward/flat_orientation_l2: -0.0276
          Episode_Reward/dof_pos_limits: 0.0000
   Episode_Reward/disabled_legs_contact: -0.0039
    Episode_Reward/disabled_legs_height: 0.0327
     Episode_Reward/single_leg_air_time: -0.0000
         Episode_Reward/base_height_exp: 0.0037
              Curriculum/terrain_levels: 0.0000
                   Metrics/success_rate: 0.0000
     Metrics/base_velocity/error_vel_xy: 0.8092
    Metrics/base_velocity/error_vel_yaw: 1.0518
           Episode_Termination/time_out: 0.0000
       Episode_Termination/base_contact: 1.0000
--------------------------------------------------------------------------------
                         Iteration time: 6.26s
                           Time elapsed: 00:11:45
                                    ETA: 02:25:45

################################################################################
[1m                          Learning iteration 112/1500                           [0m 

                            Total steps: 11108352 
                       Steps per second: 15808 
                        Collection time: 5.942s 
                          Learning time: 0.277s 
                        Mean value loss: 0.0123
                    Mean surrogate loss: -0.0063
                      Mean entropy loss: 14.7079
                            Mean reward: -0.56
                    Mean episode length: 49.69
                        Mean action std: 0.85
    Episode_Reward/track_lin_vel_xy_exp: 0.0212
     Episode_Reward/track_ang_vel_z_exp: 0.0101
            Episode_Reward/lin_vel_z_l2: 0.0000
           Episode_Reward/ang_vel_xy_l2: -0.0289
          Episode_Reward/dof_torques_l2: -0.0032
              Episode_Reward/dof_acc_l2: -0.0176
          Episode_Reward/action_rate_l2: -0.0094
      Episode_Reward/undesired_contacts: -0.0029
     Episode_Reward/flat_orientation_l2: -0.0276
          Episode_Reward/dof_pos_limits: 0.0000
   Episode_Reward/disabled_legs_contact: -0.0034
    Episode_Reward/disabled_legs_height: 0.0328
     Episode_Reward/single_leg_air_time: -0.0000
         Episode_Reward/base_height_exp: 0.0036
              Curriculum/terrain_levels: 0.0000
                   Metrics/success_rate: 0.0000
     Metrics/base_velocity/error_vel_xy: 0.8092
    Metrics/base_velocity/error_vel_yaw: 1.0508
           Episode_Termination/time_out: 0.0000
       Episode_Termination/base_contact: 1.0000
--------------------------------------------------------------------------------
                         Iteration time: 6.22s
                           Time elapsed: 00:11:51
                                    ETA: 02:25:38

################################################################################
[1m                          Learning iteration 113/1500                           [0m 

                            Total steps: 11206656 
                       Steps per second: 15792 
                        Collection time: 5.948s 
                          Learning time: 0.277s 
                        Mean value loss: 0.0185
                    Mean surrogate loss: -0.0040
                      Mean entropy loss: 14.6598
                            Mean reward: -0.64
                    Mean episode length: 51.66
                        Mean action std: 0.85
    Episode_Reward/track_lin_vel_xy_exp: 0.0210
     Episode_Reward/track_ang_vel_z_exp: 0.0104
            Episode_Reward/lin_vel_z_l2: 0.0000
           Episode_Reward/ang_vel_xy_l2: -0.0289
          Episode_Reward/dof_torques_l2: -0.0032
              Episode_Reward/dof_acc_l2: -0.0175
          Episode_Reward/action_rate_l2: -0.0094
      Episode_Reward/undesired_contacts: -0.0029
     Episode_Reward/flat_orientation_l2: -0.0276
          Episode_Reward/dof_pos_limits: 0.0000
   Episode_Reward/disabled_legs_contact: -0.0034
    Episode_Reward/disabled_legs_height: 0.0326
     Episode_Reward/single_leg_air_time: -0.0000
         Episode_Reward/base_height_exp: 0.0038
              Curriculum/terrain_levels: 0.0000
                   Metrics/success_rate: 0.0000
     Metrics/base_velocity/error_vel_xy: 0.8130
    Metrics/base_velocity/error_vel_yaw: 1.0483
           Episode_Termination/time_out: 0.0000
       Episode_Termination/base_contact: 1.0000
--------------------------------------------------------------------------------
                         Iteration time: 6.22s
                           Time elapsed: 00:11:58
                                    ETA: 02:25:31

################################################################################
[1m                          Learning iteration 114/1500                           [0m 

                            Total steps: 11304960 
                       Steps per second: 15796 
                        Collection time: 5.946s 
                          Learning time: 0.277s 
                        Mean value loss: 0.0129
                    Mean surrogate loss: 0.0002
                      Mean entropy loss: 14.6280
                            Mean reward: -0.46
                    Mean episode length: 53.65
                        Mean action std: 0.84
    Episode_Reward/track_lin_vel_xy_exp: 0.0202
     Episode_Reward/track_ang_vel_z_exp: 0.0102
            Episode_Reward/lin_vel_z_l2: 0.0000
           Episode_Reward/ang_vel_xy_l2: -0.0287
          Episode_Reward/dof_torques_l2: -0.0032
              Episode_Reward/dof_acc_l2: -0.0179
          Episode_Reward/action_rate_l2: -0.0095
      Episode_Reward/undesired_contacts: -0.0027
     Episode_Reward/flat_orientation_l2: -0.0279
          Episode_Reward/dof_pos_limits: 0.0000
   Episode_Reward/disabled_legs_contact: -0.0036
    Episode_Reward/disabled_legs_height: 0.0334
     Episode_Reward/single_leg_air_time: -0.0000
         Episode_Reward/base_height_exp: 0.0038
              Curriculum/terrain_levels: 0.0000
                   Metrics/success_rate: 0.0000
     Metrics/base_velocity/error_vel_xy: 0.8208
    Metrics/base_velocity/error_vel_yaw: 1.0657
           Episode_Termination/time_out: 0.0000
       Episode_Termination/base_contact: 1.0000
--------------------------------------------------------------------------------
                         Iteration time: 6.22s
                           Time elapsed: 00:12:04
                                    ETA: 02:25:23

################################################################################
[1m                          Learning iteration 115/1500                           [0m 

                            Total steps: 11403264 
                       Steps per second: 15723 
                        Collection time: 5.975s 
                          Learning time: 0.277s 
                        Mean value loss: 0.0126
                    Mean surrogate loss: -0.0059
                      Mean entropy loss: 14.6058
                            Mean reward: -0.53
                    Mean episode length: 52.27
                        Mean action std: 0.84
    Episode_Reward/track_lin_vel_xy_exp: 0.0220
     Episode_Reward/track_ang_vel_z_exp: 0.0103
            Episode_Reward/lin_vel_z_l2: 0.0000
           Episode_Reward/ang_vel_xy_l2: -0.0284
          Episode_Reward/dof_torques_l2: -0.0033
              Episode_Reward/dof_acc_l2: -0.0179
          Episode_Reward/action_rate_l2: -0.0095
      Episode_Reward/undesired_contacts: -0.0026
     Episode_Reward/flat_orientation_l2: -0.0282
          Episode_Reward/dof_pos_limits: 0.0000
   Episode_Reward/disabled_legs_contact: -0.0032
    Episode_Reward/disabled_legs_height: 0.0336
     Episode_Reward/single_leg_air_time: -0.0000
         Episode_Reward/base_height_exp: 0.0038
              Curriculum/terrain_levels: 0.0000
                   Metrics/success_rate: 0.0000
     Metrics/base_velocity/error_vel_xy: 0.8062
    Metrics/base_velocity/error_vel_yaw: 1.0606
           Episode_Termination/time_out: 0.0000
       Episode_Termination/base_contact: 1.0000
--------------------------------------------------------------------------------
                         Iteration time: 6.25s
                           Time elapsed: 00:12:10
                                    ETA: 02:25:17

################################################################################
[1m                          Learning iteration 116/1500                           [0m 

                            Total steps: 11501568 
                       Steps per second: 15803 
                        Collection time: 5.944s 
                          Learning time: 0.277s 
                        Mean value loss: 0.0157
                    Mean surrogate loss: -0.0026
                      Mean entropy loss: 14.5804
                            Mean reward: -0.39
                    Mean episode length: 52.71
                        Mean action std: 0.84
    Episode_Reward/track_lin_vel_xy_exp: 0.0218
     Episode_Reward/track_ang_vel_z_exp: 0.0106
            Episode_Reward/lin_vel_z_l2: 0.0000
           Episode_Reward/ang_vel_xy_l2: -0.0282
          Episode_Reward/dof_torques_l2: -0.0033
              Episode_Reward/dof_acc_l2: -0.0180
          Episode_Reward/action_rate_l2: -0.0096
      Episode_Reward/undesired_contacts: -0.0027
     Episode_Reward/flat_orientation_l2: -0.0282
          Episode_Reward/dof_pos_limits: 0.0000
   Episode_Reward/disabled_legs_contact: -0.0036
    Episode_Reward/disabled_legs_height: 0.0345
     Episode_Reward/single_leg_air_time: -0.0000
         Episode_Reward/base_height_exp: 0.0041
              Curriculum/terrain_levels: 0.0000
                   Metrics/success_rate: 0.0000
     Metrics/base_velocity/error_vel_xy: 0.8029
    Metrics/base_velocity/error_vel_yaw: 1.0547
           Episode_Termination/time_out: 0.0000
       Episode_Termination/base_contact: 1.0000
--------------------------------------------------------------------------------
                         Iteration time: 6.22s
                           Time elapsed: 00:12:16
                                    ETA: 02:25:09

################################################################################
[1m                          Learning iteration 117/1500                           [0m 

                            Total steps: 11599872 
                       Steps per second: 15801 
                        Collection time: 5.944s 
                          Learning time: 0.277s 
                        Mean value loss: 0.0141
                    Mean surrogate loss: -0.0015
                      Mean entropy loss: 14.5543
                            Mean reward: -0.46
                    Mean episode length: 54.25
                        Mean action std: 0.84
    Episode_Reward/track_lin_vel_xy_exp: 0.0215
     Episode_Reward/track_ang_vel_z_exp: 0.0104
            Episode_Reward/lin_vel_z_l2: 0.0000
           Episode_Reward/ang_vel_xy_l2: -0.0282
          Episode_Reward/dof_torques_l2: -0.0033
              Episode_Reward/dof_acc_l2: -0.0181
          Episode_Reward/action_rate_l2: -0.0096
      Episode_Reward/undesired_contacts: -0.0025
     Episode_Reward/flat_orientation_l2: -0.0284
          Episode_Reward/dof_pos_limits: 0.0000
   Episode_Reward/disabled_legs_contact: -0.0036
    Episode_Reward/disabled_legs_height: 0.0344
     Episode_Reward/single_leg_air_time: -0.0000
         Episode_Reward/base_height_exp: 0.0040
              Curriculum/terrain_levels: 0.0000
                   Metrics/success_rate: 0.0000
     Metrics/base_velocity/error_vel_xy: 0.8091
    Metrics/base_velocity/error_vel_yaw: 1.0628
           Episode_Termination/time_out: 0.0000
       Episode_Termination/base_contact: 1.0000
--------------------------------------------------------------------------------
                         Iteration time: 6.22s
                           Time elapsed: 00:12:23
                                    ETA: 02:25:02

################################################################################
[1m                          Learning iteration 118/1500                           [0m 

                            Total steps: 11698176 
                       Steps per second: 15696 
                        Collection time: 5.984s 
                          Learning time: 0.279s 
                        Mean value loss: 0.0140
                    Mean surrogate loss: -0.0050
                      Mean entropy loss: 14.5255
                            Mean reward: -0.46
                    Mean episode length: 57.11
                        Mean action std: 0.84
    Episode_Reward/track_lin_vel_xy_exp: 0.0218
     Episode_Reward/track_ang_vel_z_exp: 0.0108
            Episode_Reward/lin_vel_z_l2: 0.0000
           Episode_Reward/ang_vel_xy_l2: -0.0277
          Episode_Reward/dof_torques_l2: -0.0033
              Episode_Reward/dof_acc_l2: -0.0180
          Episode_Reward/action_rate_l2: -0.0096
      Episode_Reward/undesired_contacts: -0.0027
     Episode_Reward/flat_orientation_l2: -0.0290
          Episode_Reward/dof_pos_limits: 0.0000
   Episode_Reward/disabled_legs_contact: -0.0034
    Episode_Reward/disabled_legs_height: 0.0350
     Episode_Reward/single_leg_air_time: -0.0000
         Episode_Reward/base_height_exp: 0.0043
              Curriculum/terrain_levels: 0.0000
                   Metrics/success_rate: 0.0000
     Metrics/base_velocity/error_vel_xy: 0.8032
    Metrics/base_velocity/error_vel_yaw: 1.0628
           Episode_Termination/time_out: 0.0000
       Episode_Termination/base_contact: 1.0000
--------------------------------------------------------------------------------
                         Iteration time: 6.26s
                           Time elapsed: 00:12:29
                                    ETA: 02:24:55

################################################################################
[1m                          Learning iteration 119/1500                           [0m 

                            Total steps: 11796480 
                       Steps per second: 15675 
                        Collection time: 5.995s 
                          Learning time: 0.277s 
                        Mean value loss: 0.0152
                    Mean surrogate loss: -0.0024
                      Mean entropy loss: 14.4977
                            Mean reward: -0.46
                    Mean episode length: 57.39
                        Mean action std: 0.84
    Episode_Reward/track_lin_vel_xy_exp: 0.0216
     Episode_Reward/track_ang_vel_z_exp: 0.0109
            Episode_Reward/lin_vel_z_l2: 0.0000
           Episode_Reward/ang_vel_xy_l2: -0.0275
          Episode_Reward/dof_torques_l2: -0.0034
              Episode_Reward/dof_acc_l2: -0.0182
          Episode_Reward/action_rate_l2: -0.0098
      Episode_Reward/undesired_contacts: -0.0025
     Episode_Reward/flat_orientation_l2: -0.0296
          Episode_Reward/dof_pos_limits: 0.0000
   Episode_Reward/disabled_legs_contact: -0.0032
    Episode_Reward/disabled_legs_height: 0.0362
     Episode_Reward/single_leg_air_time: -0.0000
         Episode_Reward/base_height_exp: 0.0042
              Curriculum/terrain_levels: 0.0000
                   Metrics/success_rate: 0.0000
     Metrics/base_velocity/error_vel_xy: 0.8150
    Metrics/base_velocity/error_vel_yaw: 1.0614
           Episode_Termination/time_out: 0.0000
       Episode_Termination/base_contact: 1.0000
--------------------------------------------------------------------------------
                         Iteration time: 6.27s
                           Time elapsed: 00:12:35
                                    ETA: 02:24:49

################################################################################
[1m                          Learning iteration 120/1500                           [0m 

                            Total steps: 11894784 
                       Steps per second: 15731 
                        Collection time: 5.972s 
                          Learning time: 0.276s 
                        Mean value loss: 0.0143
                    Mean surrogate loss: -0.0039
                      Mean entropy loss: 14.4659
                            Mean reward: -0.41
                    Mean episode length: 57.80
                        Mean action std: 0.83
    Episode_Reward/track_lin_vel_xy_exp: 0.0216
     Episode_Reward/track_ang_vel_z_exp: 0.0113
            Episode_Reward/lin_vel_z_l2: 0.0000
           Episode_Reward/ang_vel_xy_l2: -0.0273
          Episode_Reward/dof_torques_l2: -0.0034
              Episode_Reward/dof_acc_l2: -0.0182
          Episode_Reward/action_rate_l2: -0.0097
      Episode_Reward/undesired_contacts: -0.0024
     Episode_Reward/flat_orientation_l2: -0.0294
          Episode_Reward/dof_pos_limits: 0.0000
   Episode_Reward/disabled_legs_contact: -0.0040
    Episode_Reward/disabled_legs_height: 0.0356
     Episode_Reward/single_leg_air_time: -0.0000
         Episode_Reward/base_height_exp: 0.0046
              Curriculum/terrain_levels: 0.0000
                   Metrics/success_rate: 0.0000
     Metrics/base_velocity/error_vel_xy: 0.8163
    Metrics/base_velocity/error_vel_yaw: 1.0553
           Episode_Termination/time_out: 0.0000
       Episode_Termination/base_contact: 1.0000
--------------------------------------------------------------------------------
                         Iteration time: 6.25s
                           Time elapsed: 00:12:41
                                    ETA: 02:24:42

################################################################################
[1m                          Learning iteration 121/1500                           [0m 

                            Total steps: 11993088 
                       Steps per second: 15814 
                        Collection time: 5.939s 
                          Learning time: 0.276s 
                        Mean value loss: 0.0155
                    Mean surrogate loss: -0.0021
                      Mean entropy loss: 14.4277
                            Mean reward: -0.40
                    Mean episode length: 53.93
                        Mean action std: 0.83
    Episode_Reward/track_lin_vel_xy_exp: 0.0217
     Episode_Reward/track_ang_vel_z_exp: 0.0110
            Episode_Reward/lin_vel_z_l2: 0.0000
           Episode_Reward/ang_vel_xy_l2: -0.0273
          Episode_Reward/dof_torques_l2: -0.0033
              Episode_Reward/dof_acc_l2: -0.0181
          Episode_Reward/action_rate_l2: -0.0096
      Episode_Reward/undesired_contacts: -0.0024
     Episode_Reward/flat_orientation_l2: -0.0292
          Episode_Reward/dof_pos_limits: 0.0000
   Episode_Reward/disabled_legs_contact: -0.0038
    Episode_Reward/disabled_legs_height: 0.0358
     Episode_Reward/single_leg_air_time: -0.0000
         Episode_Reward/base_height_exp: 0.0043
              Curriculum/terrain_levels: 0.0000
                   Metrics/success_rate: 0.0000
     Metrics/base_velocity/error_vel_xy: 0.8215
    Metrics/base_velocity/error_vel_yaw: 1.0483
           Episode_Termination/time_out: 0.0000
       Episode_Termination/base_contact: 1.0000
--------------------------------------------------------------------------------
                         Iteration time: 6.22s
                           Time elapsed: 00:12:48
                                    ETA: 02:24:35

################################################################################
[1m                          Learning iteration 122/1500                           [0m 

                            Total steps: 12091392 
                       Steps per second: 15679 
                        Collection time: 5.992s 
                          Learning time: 0.278s 
                        Mean value loss: 0.0178
                    Mean surrogate loss: -0.0042
                      Mean entropy loss: 14.3940
                            Mean reward: -0.37
                    Mean episode length: 57.12
                        Mean action std: 0.83
    Episode_Reward/track_lin_vel_xy_exp: 0.0214
     Episode_Reward/track_ang_vel_z_exp: 0.0110
            Episode_Reward/lin_vel_z_l2: 0.0000
           Episode_Reward/ang_vel_xy_l2: -0.0273
          Episode_Reward/dof_torques_l2: -0.0034
              Episode_Reward/dof_acc_l2: -0.0183
          Episode_Reward/action_rate_l2: -0.0097
      Episode_Reward/undesired_contacts: -0.0023
     Episode_Reward/flat_orientation_l2: -0.0297
          Episode_Reward/dof_pos_limits: 0.0000
   Episode_Reward/disabled_legs_contact: -0.0040
    Episode_Reward/disabled_legs_height: 0.0356
     Episode_Reward/single_leg_air_time: -0.0000
         Episode_Reward/base_height_exp: 0.0044
              Curriculum/terrain_levels: 0.0000
                   Metrics/success_rate: 0.0000
     Metrics/base_velocity/error_vel_xy: 0.8266
    Metrics/base_velocity/error_vel_yaw: 1.0536
           Episode_Termination/time_out: 0.0000
       Episode_Termination/base_contact: 1.0000
--------------------------------------------------------------------------------
                         Iteration time: 6.27s
                           Time elapsed: 00:12:54
                                    ETA: 02:24:28

################################################################################
[1m                          Learning iteration 123/1500                           [0m 

                            Total steps: 12189696 
                       Steps per second: 15871 
                        Collection time: 5.916s 
                          Learning time: 0.277s 
                        Mean value loss: 0.0176
                    Mean surrogate loss: -0.0008
                      Mean entropy loss: 14.3657
                            Mean reward: -0.36
                    Mean episode length: 57.35
                        Mean action std: 0.83
    Episode_Reward/track_lin_vel_xy_exp: 0.0233
     Episode_Reward/track_ang_vel_z_exp: 0.0114
            Episode_Reward/lin_vel_z_l2: 0.0000
           Episode_Reward/ang_vel_xy_l2: -0.0268
          Episode_Reward/dof_torques_l2: -0.0035
              Episode_Reward/dof_acc_l2: -0.0185
          Episode_Reward/action_rate_l2: -0.0099
      Episode_Reward/undesired_contacts: -0.0025
     Episode_Reward/flat_orientation_l2: -0.0305
          Episode_Reward/dof_pos_limits: 0.0000
   Episode_Reward/disabled_legs_contact: -0.0045
    Episode_Reward/disabled_legs_height: 0.0374
     Episode_Reward/single_leg_air_time: -0.0000
         Episode_Reward/base_height_exp: 0.0047
              Curriculum/terrain_levels: 0.0000
                   Metrics/success_rate: 0.0000
     Metrics/base_velocity/error_vel_xy: 0.8139
    Metrics/base_velocity/error_vel_yaw: 1.0511
           Episode_Termination/time_out: 0.0000
       Episode_Termination/base_contact: 1.0000
--------------------------------------------------------------------------------
                         Iteration time: 6.19s
                           Time elapsed: 00:13:00
                                    ETA: 02:24:21

################################################################################
[1m                          Learning iteration 124/1500                           [0m 

                            Total steps: 12288000 
                       Steps per second: 15774 
                        Collection time: 5.955s 
                          Learning time: 0.277s 
                        Mean value loss: 0.0163
                    Mean surrogate loss: -0.0022
                      Mean entropy loss: 14.3509
                            Mean reward: -0.30
                    Mean episode length: 57.67
                        Mean action std: 0.83
    Episode_Reward/track_lin_vel_xy_exp: 0.0227
     Episode_Reward/track_ang_vel_z_exp: 0.0115
            Episode_Reward/lin_vel_z_l2: 0.0000
           Episode_Reward/ang_vel_xy_l2: -0.0267
          Episode_Reward/dof_torques_l2: -0.0035
              Episode_Reward/dof_acc_l2: -0.0189
          Episode_Reward/action_rate_l2: -0.0101
      Episode_Reward/undesired_contacts: -0.0025
     Episode_Reward/flat_orientation_l2: -0.0309
          Episode_Reward/dof_pos_limits: 0.0000
   Episode_Reward/disabled_legs_contact: -0.0053
    Episode_Reward/disabled_legs_height: 0.0378
     Episode_Reward/single_leg_air_time: -0.0000
         Episode_Reward/base_height_exp: 0.0047
              Curriculum/terrain_levels: 0.0000
                   Metrics/success_rate: 0.0000
     Metrics/base_velocity/error_vel_xy: 0.8137
    Metrics/base_velocity/error_vel_yaw: 1.0532
           Episode_Termination/time_out: 0.0000
       Episode_Termination/base_contact: 1.0000
--------------------------------------------------------------------------------
                         Iteration time: 6.23s
                           Time elapsed: 00:13:06
                                    ETA: 02:24:14

################################################################################
[1m                          Learning iteration 125/1500                           [0m 

                            Total steps: 12386304 
                       Steps per second: 15694 
                        Collection time: 5.986s 
                          Learning time: 0.277s 
                        Mean value loss: 0.0174
                    Mean surrogate loss: 0.0015
                      Mean entropy loss: 14.3371
                            Mean reward: -0.30
                    Mean episode length: 56.58
                        Mean action std: 0.83
    Episode_Reward/track_lin_vel_xy_exp: 0.0227
     Episode_Reward/track_ang_vel_z_exp: 0.0118
            Episode_Reward/lin_vel_z_l2: 0.0000
           Episode_Reward/ang_vel_xy_l2: -0.0264
          Episode_Reward/dof_torques_l2: -0.0035
              Episode_Reward/dof_acc_l2: -0.0185
          Episode_Reward/action_rate_l2: -0.0100
      Episode_Reward/undesired_contacts: -0.0026
     Episode_Reward/flat_orientation_l2: -0.0311
          Episode_Reward/dof_pos_limits: 0.0000
   Episode_Reward/disabled_legs_contact: -0.0039
    Episode_Reward/disabled_legs_height: 0.0376
     Episode_Reward/single_leg_air_time: -0.0000
         Episode_Reward/base_height_exp: 0.0046
              Curriculum/terrain_levels: 0.0000
                   Metrics/success_rate: 0.0000
     Metrics/base_velocity/error_vel_xy: 0.8099
    Metrics/base_velocity/error_vel_yaw: 1.0416
           Episode_Termination/time_out: 0.0000
       Episode_Termination/base_contact: 1.0000
--------------------------------------------------------------------------------
                         Iteration time: 6.26s
                           Time elapsed: 00:13:13
                                    ETA: 02:24:07

################################################################################
[1m                          Learning iteration 126/1500                           [0m 

                            Total steps: 12484608 
                       Steps per second: 15695 
                        Collection time: 5.986s 
                          Learning time: 0.277s 
                        Mean value loss: 0.0129
                    Mean surrogate loss: -0.0043
                      Mean entropy loss: 14.3248
                            Mean reward: -0.49
                    Mean episode length: 61.13
                        Mean action std: 0.83
    Episode_Reward/track_lin_vel_xy_exp: 0.0242
     Episode_Reward/track_ang_vel_z_exp: 0.0119
            Episode_Reward/lin_vel_z_l2: 0.0000
           Episode_Reward/ang_vel_xy_l2: -0.0261
          Episode_Reward/dof_torques_l2: -0.0035
              Episode_Reward/dof_acc_l2: -0.0185
          Episode_Reward/action_rate_l2: -0.0100
      Episode_Reward/undesired_contacts: -0.0030
     Episode_Reward/flat_orientation_l2: -0.0313
          Episode_Reward/dof_pos_limits: 0.0000
   Episode_Reward/disabled_legs_contact: -0.0035
    Episode_Reward/disabled_legs_height: 0.0379
     Episode_Reward/single_leg_air_time: -0.0000
         Episode_Reward/base_height_exp: 0.0046
              Curriculum/terrain_levels: 0.0000
                   Metrics/success_rate: 0.0000
     Metrics/base_velocity/error_vel_xy: 0.7987
    Metrics/base_velocity/error_vel_yaw: 1.0368
           Episode_Termination/time_out: 0.0000
       Episode_Termination/base_contact: 1.0000
--------------------------------------------------------------------------------
                         Iteration time: 6.26s
                           Time elapsed: 00:13:19
                                    ETA: 02:24:01

################################################################################
[1m                          Learning iteration 127/1500                           [0m 

                            Total steps: 12582912 
                       Steps per second: 15819 
                        Collection time: 5.936s 
                          Learning time: 0.278s 
                        Mean value loss: 0.0133
                    Mean surrogate loss: -0.0038
                      Mean entropy loss: 14.3031
                            Mean reward: -0.34
                    Mean episode length: 58.09
                        Mean action std: 0.82
    Episode_Reward/track_lin_vel_xy_exp: 0.0242
     Episode_Reward/track_ang_vel_z_exp: 0.0124
            Episode_Reward/lin_vel_z_l2: 0.0000
           Episode_Reward/ang_vel_xy_l2: -0.0262
          Episode_Reward/dof_torques_l2: -0.0036
              Episode_Reward/dof_acc_l2: -0.0189
          Episode_Reward/action_rate_l2: -0.0103
      Episode_Reward/undesired_contacts: -0.0031
     Episode_Reward/flat_orientation_l2: -0.0317
          Episode_Reward/dof_pos_limits: 0.0000
   Episode_Reward/disabled_legs_contact: -0.0045
    Episode_Reward/disabled_legs_height: 0.0382
     Episode_Reward/single_leg_air_time: -0.0000
         Episode_Reward/base_height_exp: 0.0049
              Curriculum/terrain_levels: 0.0000
                   Metrics/success_rate: 0.0000
     Metrics/base_velocity/error_vel_xy: 0.8119
    Metrics/base_velocity/error_vel_yaw: 1.0219
           Episode_Termination/time_out: 0.0000
       Episode_Termination/base_contact: 1.0000
--------------------------------------------------------------------------------
                         Iteration time: 6.21s
                           Time elapsed: 00:13:25
                                    ETA: 02:23:53

################################################################################
[1m                          Learning iteration 128/1500                           [0m 

                            Total steps: 12681216 
                       Steps per second: 15860 
                        Collection time: 5.919s 
                          Learning time: 0.279s 
                        Mean value loss: 0.0138
                    Mean surrogate loss: 0.0027
                      Mean entropy loss: 14.2862
                            Mean reward: -0.37
                    Mean episode length: 59.89
                        Mean action std: 0.82
    Episode_Reward/track_lin_vel_xy_exp: 0.0230
     Episode_Reward/track_ang_vel_z_exp: 0.0120
            Episode_Reward/lin_vel_z_l2: 0.0000
           Episode_Reward/ang_vel_xy_l2: -0.0260
          Episode_Reward/dof_torques_l2: -0.0035
              Episode_Reward/dof_acc_l2: -0.0185
          Episode_Reward/action_rate_l2: -0.0100
      Episode_Reward/undesired_contacts: -0.0027
     Episode_Reward/flat_orientation_l2: -0.0314
          Episode_Reward/dof_pos_limits: 0.0000
   Episode_Reward/disabled_legs_contact: -0.0035
    Episode_Reward/disabled_legs_height: 0.0397
     Episode_Reward/single_leg_air_time: -0.0000
         Episode_Reward/base_height_exp: 0.0048
              Curriculum/terrain_levels: 0.0000
                   Metrics/success_rate: 0.0000
     Metrics/base_velocity/error_vel_xy: 0.8137
    Metrics/base_velocity/error_vel_yaw: 1.0321
           Episode_Termination/time_out: 0.0000
       Episode_Termination/base_contact: 1.0000
--------------------------------------------------------------------------------
                         Iteration time: 6.20s
                           Time elapsed: 00:13:31
                                    ETA: 02:23:46

################################################################################
[1m                          Learning iteration 129/1500                           [0m 

                            Total steps: 12779520 
                       Steps per second: 15852 
                        Collection time: 5.924s 
                          Learning time: 0.277s 
                        Mean value loss: 0.0141
                    Mean surrogate loss: -0.0039
                      Mean entropy loss: 14.2667
                            Mean reward: -0.20
                    Mean episode length: 63.11
                        Mean action std: 0.82
    Episode_Reward/track_lin_vel_xy_exp: 0.0233
     Episode_Reward/track_ang_vel_z_exp: 0.0121
            Episode_Reward/lin_vel_z_l2: 0.0000
           Episode_Reward/ang_vel_xy_l2: -0.0260
          Episode_Reward/dof_torques_l2: -0.0035
              Episode_Reward/dof_acc_l2: -0.0189
          Episode_Reward/action_rate_l2: -0.0101
      Episode_Reward/undesired_contacts: -0.0021
     Episode_Reward/flat_orientation_l2: -0.0316
          Episode_Reward/dof_pos_limits: 0.0000
   Episode_Reward/disabled_legs_contact: -0.0034
    Episode_Reward/disabled_legs_height: 0.0385
     Episode_Reward/single_leg_air_time: -0.0001
         Episode_Reward/base_height_exp: 0.0050
              Curriculum/terrain_levels: 0.0000
                   Metrics/success_rate: 0.0000
     Metrics/base_velocity/error_vel_xy: 0.8175
    Metrics/base_velocity/error_vel_yaw: 1.0267
           Episode_Termination/time_out: 0.0000
       Episode_Termination/base_contact: 1.0000
--------------------------------------------------------------------------------
                         Iteration time: 6.20s
                           Time elapsed: 00:13:37
                                    ETA: 02:23:39

################################################################################
[1m                          Learning iteration 130/1500                           [0m 

                            Total steps: 12877824 
                       Steps per second: 15969 
                        Collection time: 5.878s 
                          Learning time: 0.278s 
                        Mean value loss: 0.0134
                    Mean surrogate loss: -0.0014
                      Mean entropy loss: 14.2360
                            Mean reward: -0.20
                    Mean episode length: 60.49
                        Mean action std: 0.82
    Episode_Reward/track_lin_vel_xy_exp: 0.0247
     Episode_Reward/track_ang_vel_z_exp: 0.0128
            Episode_Reward/lin_vel_z_l2: 0.0000
           Episode_Reward/ang_vel_xy_l2: -0.0260
          Episode_Reward/dof_torques_l2: -0.0037
              Episode_Reward/dof_acc_l2: -0.0192
          Episode_Reward/action_rate_l2: -0.0104
      Episode_Reward/undesired_contacts: -0.0019
     Episode_Reward/flat_orientation_l2: -0.0326
          Episode_Reward/dof_pos_limits: 0.0000
   Episode_Reward/disabled_legs_contact: -0.0043
    Episode_Reward/disabled_legs_height: 0.0398
     Episode_Reward/single_leg_air_time: -0.0001
         Episode_Reward/base_height_exp: 0.0054
              Curriculum/terrain_levels: 0.0000
                   Metrics/success_rate: 0.0000
     Metrics/base_velocity/error_vel_xy: 0.8001
    Metrics/base_velocity/error_vel_yaw: 1.0142
           Episode_Termination/time_out: 0.0000
       Episode_Termination/base_contact: 1.0000
--------------------------------------------------------------------------------
                         Iteration time: 6.16s
                           Time elapsed: 00:13:44
                                    ETA: 02:23:31

################################################################################
[1m                          Learning iteration 131/1500                           [0m 

                            Total steps: 12976128 
                       Steps per second: 15957 
                        Collection time: 5.883s 
                          Learning time: 0.277s 
                        Mean value loss: 0.0155
                    Mean surrogate loss: -0.0027
                      Mean entropy loss: 14.2117
                            Mean reward: -0.43
                    Mean episode length: 61.35
                        Mean action std: 0.82
    Episode_Reward/track_lin_vel_xy_exp: 0.0248
     Episode_Reward/track_ang_vel_z_exp: 0.0128
            Episode_Reward/lin_vel_z_l2: 0.0000
           Episode_Reward/ang_vel_xy_l2: -0.0259
          Episode_Reward/dof_torques_l2: -0.0037
              Episode_Reward/dof_acc_l2: -0.0194
          Episode_Reward/action_rate_l2: -0.0104
      Episode_Reward/undesired_contacts: -0.0018
     Episode_Reward/flat_orientation_l2: -0.0327
          Episode_Reward/dof_pos_limits: 0.0000
   Episode_Reward/disabled_legs_contact: -0.0045
    Episode_Reward/disabled_legs_height: 0.0399
     Episode_Reward/single_leg_air_time: -0.0001
         Episode_Reward/base_height_exp: 0.0056
              Curriculum/terrain_levels: 0.0000
                   Metrics/success_rate: 0.0000
     Metrics/base_velocity/error_vel_xy: 0.8021
    Metrics/base_velocity/error_vel_yaw: 1.0163
           Episode_Termination/time_out: 0.0000
       Episode_Termination/base_contact: 1.0000
--------------------------------------------------------------------------------
                         Iteration time: 6.16s
                           Time elapsed: 00:13:50
                                    ETA: 02:23:24

################################################################################
[1m                          Learning iteration 132/1500                           [0m 

                            Total steps: 13074432 
                       Steps per second: 15834 
                        Collection time: 5.930s 
                          Learning time: 0.278s 
                        Mean value loss: 0.0144
                    Mean surrogate loss: -0.0033
                      Mean entropy loss: 14.1856
                            Mean reward: -0.36
                    Mean episode length: 59.15
                        Mean action std: 0.82
    Episode_Reward/track_lin_vel_xy_exp: 0.0246
     Episode_Reward/track_ang_vel_z_exp: 0.0134
            Episode_Reward/lin_vel_z_l2: 0.0000
           Episode_Reward/ang_vel_xy_l2: -0.0259
          Episode_Reward/dof_torques_l2: -0.0038
              Episode_Reward/dof_acc_l2: -0.0194
          Episode_Reward/action_rate_l2: -0.0106
      Episode_Reward/undesired_contacts: -0.0018
     Episode_Reward/flat_orientation_l2: -0.0331
          Episode_Reward/dof_pos_limits: 0.0000
   Episode_Reward/disabled_legs_contact: -0.0060
    Episode_Reward/disabled_legs_height: 0.0407
     Episode_Reward/single_leg_air_time: -0.0001
         Episode_Reward/base_height_exp: 0.0057
              Curriculum/terrain_levels: 0.0000
                   Metrics/success_rate: 0.0000
     Metrics/base_velocity/error_vel_xy: 0.8082
    Metrics/base_velocity/error_vel_yaw: 1.0084
           Episode_Termination/time_out: 0.0000
       Episode_Termination/base_contact: 1.0000
--------------------------------------------------------------------------------
                         Iteration time: 6.21s
                           Time elapsed: 00:13:56
                                    ETA: 02:23:16

################################################################################
[1m                          Learning iteration 133/1500                           [0m 

                            Total steps: 13172736 
                       Steps per second: 15925 
                        Collection time: 5.895s 
                          Learning time: 0.277s 
                        Mean value loss: 0.0160
                    Mean surrogate loss: -0.0031
                      Mean entropy loss: 14.1552
                            Mean reward: -0.26
                    Mean episode length: 64.38
                        Mean action std: 0.81
    Episode_Reward/track_lin_vel_xy_exp: 0.0272
     Episode_Reward/track_ang_vel_z_exp: 0.0132
            Episode_Reward/lin_vel_z_l2: 0.0000
           Episode_Reward/ang_vel_xy_l2: -0.0258
          Episode_Reward/dof_torques_l2: -0.0039
              Episode_Reward/dof_acc_l2: -0.0199
          Episode_Reward/action_rate_l2: -0.0109
      Episode_Reward/undesired_contacts: -0.0018
     Episode_Reward/flat_orientation_l2: -0.0339
          Episode_Reward/dof_pos_limits: 0.0000
   Episode_Reward/disabled_legs_contact: -0.0057
    Episode_Reward/disabled_legs_height: 0.0421
     Episode_Reward/single_leg_air_time: -0.0001
         Episode_Reward/base_height_exp: 0.0062
              Curriculum/terrain_levels: 0.0000
                   Metrics/success_rate: 0.0000
     Metrics/base_velocity/error_vel_xy: 0.7935
    Metrics/base_velocity/error_vel_yaw: 1.0171
           Episode_Termination/time_out: 0.0000
       Episode_Termination/base_contact: 1.0000
--------------------------------------------------------------------------------
                         Iteration time: 6.17s
                           Time elapsed: 00:14:02
                                    ETA: 02:23:09

################################################################################
[1m                          Learning iteration 134/1500                           [0m 

                            Total steps: 13271040 
                       Steps per second: 15866 
                        Collection time: 5.919s 
                          Learning time: 0.277s 
                        Mean value loss: 0.0163
                    Mean surrogate loss: -0.0007
                      Mean entropy loss: 14.1283
                            Mean reward: -0.04
                    Mean episode length: 67.77
                        Mean action std: 0.81
    Episode_Reward/track_lin_vel_xy_exp: 0.0275
     Episode_Reward/track_ang_vel_z_exp: 0.0136
            Episode_Reward/lin_vel_z_l2: 0.0000
           Episode_Reward/ang_vel_xy_l2: -0.0258
          Episode_Reward/dof_torques_l2: -0.0039
              Episode_Reward/dof_acc_l2: -0.0197
          Episode_Reward/action_rate_l2: -0.0108
      Episode_Reward/undesired_contacts: -0.0019
     Episode_Reward/flat_orientation_l2: -0.0339
          Episode_Reward/dof_pos_limits: 0.0000
   Episode_Reward/disabled_legs_contact: -0.0065
    Episode_Reward/disabled_legs_height: 0.0423
     Episode_Reward/single_leg_air_time: -0.0001
         Episode_Reward/base_height_exp: 0.0058
              Curriculum/terrain_levels: 0.0000
                   Metrics/success_rate: 0.0000
     Metrics/base_velocity/error_vel_xy: 0.7909
    Metrics/base_velocity/error_vel_yaw: 1.0105
           Episode_Termination/time_out: 0.0000
       Episode_Termination/base_contact: 1.0000
--------------------------------------------------------------------------------
                         Iteration time: 6.20s
                           Time elapsed: 00:14:08
                                    ETA: 02:23:02

################################################################################
[1m                          Learning iteration 135/1500                           [0m 

                            Total steps: 13369344 
                       Steps per second: 15955 
                        Collection time: 5.883s 
                          Learning time: 0.278s 
                        Mean value loss: 0.0146
                    Mean surrogate loss: -0.0009
                      Mean entropy loss: 14.1118
                            Mean reward: -0.16
                    Mean episode length: 66.18
                        Mean action std: 0.81
    Episode_Reward/track_lin_vel_xy_exp: 0.0260
     Episode_Reward/track_ang_vel_z_exp: 0.0136
            Episode_Reward/lin_vel_z_l2: 0.0000
           Episode_Reward/ang_vel_xy_l2: -0.0257
          Episode_Reward/dof_torques_l2: -0.0038
              Episode_Reward/dof_acc_l2: -0.0196
          Episode_Reward/action_rate_l2: -0.0106
      Episode_Reward/undesired_contacts: -0.0018
     Episode_Reward/flat_orientation_l2: -0.0338
          Episode_Reward/dof_pos_limits: 0.0000
   Episode_Reward/disabled_legs_contact: -0.0048
    Episode_Reward/disabled_legs_height: 0.0416
     Episode_Reward/single_leg_air_time: -0.0001
         Episode_Reward/base_height_exp: 0.0060
              Curriculum/terrain_levels: 0.0000
                   Metrics/success_rate: 0.0000
     Metrics/base_velocity/error_vel_xy: 0.8032
    Metrics/base_velocity/error_vel_yaw: 0.9999
           Episode_Termination/time_out: 0.0000
       Episode_Termination/base_contact: 1.0000
--------------------------------------------------------------------------------
                         Iteration time: 6.16s
                           Time elapsed: 00:14:14
                                    ETA: 02:22:54

################################################################################
[1m                          Learning iteration 136/1500                           [0m 

                            Total steps: 13467648 
                       Steps per second: 15917 
                        Collection time: 5.897s 
                          Learning time: 0.279s 
                        Mean value loss: 0.0146
                    Mean surrogate loss: -0.0002
                      Mean entropy loss: 14.1021
                            Mean reward: -0.20
                    Mean episode length: 63.06
                        Mean action std: 0.81
    Episode_Reward/track_lin_vel_xy_exp: 0.0270
     Episode_Reward/track_ang_vel_z_exp: 0.0136
            Episode_Reward/lin_vel_z_l2: 0.0000
           Episode_Reward/ang_vel_xy_l2: -0.0258
          Episode_Reward/dof_torques_l2: -0.0038
              Episode_Reward/dof_acc_l2: -0.0195
          Episode_Reward/action_rate_l2: -0.0107
      Episode_Reward/undesired_contacts: -0.0018
     Episode_Reward/flat_orientation_l2: -0.0340
          Episode_Reward/dof_pos_limits: 0.0000
   Episode_Reward/disabled_legs_contact: -0.0049
    Episode_Reward/disabled_legs_height: 0.0419
     Episode_Reward/single_leg_air_time: -0.0001
         Episode_Reward/base_height_exp: 0.0060
              Curriculum/terrain_levels: 0.0000
                   Metrics/success_rate: 0.0000
     Metrics/base_velocity/error_vel_xy: 0.7892
    Metrics/base_velocity/error_vel_yaw: 1.0021
           Episode_Termination/time_out: 0.0000
       Episode_Termination/base_contact: 1.0000
--------------------------------------------------------------------------------
                         Iteration time: 6.18s
                           Time elapsed: 00:14:21
                                    ETA: 02:22:47

################################################################################
[1m                          Learning iteration 137/1500                           [0m 

                            Total steps: 13565952 
                       Steps per second: 15944 
                        Collection time: 5.888s 
                          Learning time: 0.277s 
                        Mean value loss: 0.0159
                    Mean surrogate loss: -0.0015
                      Mean entropy loss: 14.0846
                            Mean reward: -0.27
                    Mean episode length: 70.20
                        Mean action std: 0.81
    Episode_Reward/track_lin_vel_xy_exp: 0.0258
     Episode_Reward/track_ang_vel_z_exp: 0.0138
            Episode_Reward/lin_vel_z_l2: 0.0000
           Episode_Reward/ang_vel_xy_l2: -0.0258
          Episode_Reward/dof_torques_l2: -0.0039
              Episode_Reward/dof_acc_l2: -0.0197
          Episode_Reward/action_rate_l2: -0.0108
      Episode_Reward/undesired_contacts: -0.0016
     Episode_Reward/flat_orientation_l2: -0.0343
          Episode_Reward/dof_pos_limits: 0.0000
   Episode_Reward/disabled_legs_contact: -0.0056
    Episode_Reward/disabled_legs_height: 0.0421
     Episode_Reward/single_leg_air_time: -0.0001
         Episode_Reward/base_height_exp: 0.0064
              Curriculum/terrain_levels: 0.0000
                   Metrics/success_rate: 0.0000
     Metrics/base_velocity/error_vel_xy: 0.8084
    Metrics/base_velocity/error_vel_yaw: 0.9922
           Episode_Termination/time_out: 0.0000
       Episode_Termination/base_contact: 1.0000
--------------------------------------------------------------------------------
                         Iteration time: 6.17s
                           Time elapsed: 00:14:27
                                    ETA: 02:22:39

################################################################################
[1m                          Learning iteration 138/1500                           [0m 

                            Total steps: 13664256 
                       Steps per second: 15829 
                        Collection time: 5.932s 
                          Learning time: 0.278s 
                        Mean value loss: 0.0164
                    Mean surrogate loss: -0.0022
                      Mean entropy loss: 14.0660
                            Mean reward: -0.26
                    Mean episode length: 66.71
                        Mean action std: 0.81
    Episode_Reward/track_lin_vel_xy_exp: 0.0261
     Episode_Reward/track_ang_vel_z_exp: 0.0140
            Episode_Reward/lin_vel_z_l2: 0.0000
           Episode_Reward/ang_vel_xy_l2: -0.0257
          Episode_Reward/dof_torques_l2: -0.0040
              Episode_Reward/dof_acc_l2: -0.0200
          Episode_Reward/action_rate_l2: -0.0110
      Episode_Reward/undesired_contacts: -0.0014
     Episode_Reward/flat_orientation_l2: -0.0349
          Episode_Reward/dof_pos_limits: 0.0000
   Episode_Reward/disabled_legs_contact: -0.0054
    Episode_Reward/disabled_legs_height: 0.0429
     Episode_Reward/single_leg_air_time: -0.0001
         Episode_Reward/base_height_exp: 0.0066
              Curriculum/terrain_levels: 0.0000
                   Metrics/success_rate: 0.0000
     Metrics/base_velocity/error_vel_xy: 0.8117
    Metrics/base_velocity/error_vel_yaw: 0.9924
           Episode_Termination/time_out: 0.0000
       Episode_Termination/base_contact: 1.0000
--------------------------------------------------------------------------------
                         Iteration time: 6.21s
                           Time elapsed: 00:14:33
                                    ETA: 02:22:32

################################################################################
[1m                          Learning iteration 139/1500                           [0m 

                            Total steps: 13762560 
                       Steps per second: 15905 
                        Collection time: 5.904s 
                          Learning time: 0.277s 
                        Mean value loss: 0.0220
                    Mean surrogate loss: -0.0027
                      Mean entropy loss: 14.0539
                            Mean reward: -0.19
                    Mean episode length: 67.23
                        Mean action std: 0.81
    Episode_Reward/track_lin_vel_xy_exp: 0.0289
     Episode_Reward/track_ang_vel_z_exp: 0.0139
            Episode_Reward/lin_vel_z_l2: 0.0000
           Episode_Reward/ang_vel_xy_l2: -0.0255
          Episode_Reward/dof_torques_l2: -0.0040
              Episode_Reward/dof_acc_l2: -0.0203
          Episode_Reward/action_rate_l2: -0.0112
      Episode_Reward/undesired_contacts: -0.0015
     Episode_Reward/flat_orientation_l2: -0.0357
          Episode_Reward/dof_pos_limits: 0.0000
   Episode_Reward/disabled_legs_contact: -0.0054
    Episode_Reward/disabled_legs_height: 0.0441
     Episode_Reward/single_leg_air_time: -0.0001
         Episode_Reward/base_height_exp: 0.0067
              Curriculum/terrain_levels: 0.0000
                   Metrics/success_rate: 0.0000
     Metrics/base_velocity/error_vel_xy: 0.7909
    Metrics/base_velocity/error_vel_yaw: 1.0016
           Episode_Termination/time_out: 0.0000
       Episode_Termination/base_contact: 1.0000
--------------------------------------------------------------------------------
                         Iteration time: 6.18s
                           Time elapsed: 00:14:39
                                    ETA: 02:22:25

################################################################################
[1m                          Learning iteration 140/1500                           [0m 

                            Total steps: 13860864 
                       Steps per second: 15922 
                        Collection time: 5.898s 
                          Learning time: 0.276s 
                        Mean value loss: 0.0263
                    Mean surrogate loss: -0.0039
                      Mean entropy loss: 14.0395
                            Mean reward: -0.26
                    Mean episode length: 69.83
                        Mean action std: 0.81
    Episode_Reward/track_lin_vel_xy_exp: 0.0272
     Episode_Reward/track_ang_vel_z_exp: 0.0143
            Episode_Reward/lin_vel_z_l2: 0.0000
           Episode_Reward/ang_vel_xy_l2: -0.0258
          Episode_Reward/dof_torques_l2: -0.0041
              Episode_Reward/dof_acc_l2: -0.0205
          Episode_Reward/action_rate_l2: -0.0112
      Episode_Reward/undesired_contacts: -0.0014
     Episode_Reward/flat_orientation_l2: -0.0356
          Episode_Reward/dof_pos_limits: 0.0000
   Episode_Reward/disabled_legs_contact: -0.0058
    Episode_Reward/disabled_legs_height: 0.0451
     Episode_Reward/single_leg_air_time: -0.0001
         Episode_Reward/base_height_exp: 0.0070
              Curriculum/terrain_levels: 0.0000
                   Metrics/success_rate: 0.0000
     Metrics/base_velocity/error_vel_xy: 0.7992
    Metrics/base_velocity/error_vel_yaw: 0.9950
           Episode_Termination/time_out: 0.0000
       Episode_Termination/base_contact: 1.0000
--------------------------------------------------------------------------------
                         Iteration time: 6.17s
                           Time elapsed: 00:14:45
                                    ETA: 02:22:18

################################################################################
[1m                          Learning iteration 141/1500                           [0m 

                            Total steps: 13959168 
                       Steps per second: 15974 
                        Collection time: 5.877s 
                          Learning time: 0.277s 
                        Mean value loss: 0.0156
                    Mean surrogate loss: 0.0024
                      Mean entropy loss: 14.0244
                            Mean reward: -0.30
                    Mean episode length: 68.11
                        Mean action std: 0.81
    Episode_Reward/track_lin_vel_xy_exp: 0.0297
     Episode_Reward/track_ang_vel_z_exp: 0.0154
            Episode_Reward/lin_vel_z_l2: 0.0000
           Episode_Reward/ang_vel_xy_l2: -0.0257
          Episode_Reward/dof_torques_l2: -0.0043
              Episode_Reward/dof_acc_l2: -0.0213
          Episode_Reward/action_rate_l2: -0.0117
      Episode_Reward/undesired_contacts: -0.0014
     Episode_Reward/flat_orientation_l2: -0.0369
          Episode_Reward/dof_pos_limits: 0.0000
   Episode_Reward/disabled_legs_contact: -0.0070
    Episode_Reward/disabled_legs_height: 0.0465
     Episode_Reward/single_leg_air_time: -0.0001
         Episode_Reward/base_height_exp: 0.0075
              Curriculum/terrain_levels: 0.0000
                   Metrics/success_rate: 0.0000
     Metrics/base_velocity/error_vel_xy: 0.7908
    Metrics/base_velocity/error_vel_yaw: 0.9738
           Episode_Termination/time_out: 0.0000
       Episode_Termination/base_contact: 1.0000
--------------------------------------------------------------------------------
                         Iteration time: 6.15s
                           Time elapsed: 00:14:52
                                    ETA: 02:22:10

################################################################################
[1m                          Learning iteration 142/1500                           [0m 

                            Total steps: 14057472 
                       Steps per second: 16121 
                        Collection time: 5.820s 
                          Learning time: 0.278s 
                        Mean value loss: 0.0152
                    Mean surrogate loss: -0.0019
                      Mean entropy loss: 14.0138
                            Mean reward: 0.02
                    Mean episode length: 78.32
                        Mean action std: 0.81
    Episode_Reward/track_lin_vel_xy_exp: 0.0294
     Episode_Reward/track_ang_vel_z_exp: 0.0151
            Episode_Reward/lin_vel_z_l2: 0.0000
           Episode_Reward/ang_vel_xy_l2: -0.0262
          Episode_Reward/dof_torques_l2: -0.0043
              Episode_Reward/dof_acc_l2: -0.0210
          Episode_Reward/action_rate_l2: -0.0117
      Episode_Reward/undesired_contacts: -0.0013
     Episode_Reward/flat_orientation_l2: -0.0363
          Episode_Reward/dof_pos_limits: 0.0000
   Episode_Reward/disabled_legs_contact: -0.0071
    Episode_Reward/disabled_legs_height: 0.0460
     Episode_Reward/single_leg_air_time: -0.0001
         Episode_Reward/base_height_exp: 0.0078
              Curriculum/terrain_levels: 0.0000
                   Metrics/success_rate: 0.0000
     Metrics/base_velocity/error_vel_xy: 0.8027
    Metrics/base_velocity/error_vel_yaw: 0.9834
           Episode_Termination/time_out: 0.0000
       Episode_Termination/base_contact: 1.0000
--------------------------------------------------------------------------------
                         Iteration time: 6.10s
                           Time elapsed: 00:14:58
                                    ETA: 02:22:02

################################################################################
[1m                          Learning iteration 143/1500                           [0m 

                            Total steps: 14155776 
                       Steps per second: 16040 
                        Collection time: 5.851s 
                          Learning time: 0.277s 
                        Mean value loss: 0.0177
                    Mean surrogate loss: -0.0023
                      Mean entropy loss: 13.9917
                            Mean reward: -0.22
                    Mean episode length: 72.75
                        Mean action std: 0.80
    Episode_Reward/track_lin_vel_xy_exp: 0.0271
     Episode_Reward/track_ang_vel_z_exp: 0.0146
            Episode_Reward/lin_vel_z_l2: 0.0000
           Episode_Reward/ang_vel_xy_l2: -0.0261
          Episode_Reward/dof_torques_l2: -0.0042
              Episode_Reward/dof_acc_l2: -0.0205
          Episode_Reward/action_rate_l2: -0.0114
      Episode_Reward/undesired_contacts: -0.0009
     Episode_Reward/flat_orientation_l2: -0.0356
          Episode_Reward/dof_pos_limits: 0.0000
   Episode_Reward/disabled_legs_contact: -0.0071
    Episode_Reward/disabled_legs_height: 0.0448
     Episode_Reward/single_leg_air_time: -0.0001
         Episode_Reward/base_height_exp: 0.0074
              Curriculum/terrain_levels: 0.0000
                   Metrics/success_rate: 0.0000
     Metrics/base_velocity/error_vel_xy: 0.8062
    Metrics/base_velocity/error_vel_yaw: 0.9760
           Episode_Termination/time_out: 0.0000
       Episode_Termination/base_contact: 1.0000
--------------------------------------------------------------------------------
                         Iteration time: 6.13s
                           Time elapsed: 00:15:04
                                    ETA: 02:21:54

################################################################################
[1m                          Learning iteration 144/1500                           [0m 

                            Total steps: 14254080 
                       Steps per second: 15952 
                        Collection time: 5.885s 
                          Learning time: 0.277s 
                        Mean value loss: 0.0146
                    Mean surrogate loss: 0.0020
                      Mean entropy loss: 13.9708
                            Mean reward: -0.27
                    Mean episode length: 71.23
                        Mean action std: 0.80
    Episode_Reward/track_lin_vel_xy_exp: 0.0292
     Episode_Reward/track_ang_vel_z_exp: 0.0150
            Episode_Reward/lin_vel_z_l2: 0.0000
           Episode_Reward/ang_vel_xy_l2: -0.0261
          Episode_Reward/dof_torques_l2: -0.0042
              Episode_Reward/dof_acc_l2: -0.0206
          Episode_Reward/action_rate_l2: -0.0113
      Episode_Reward/undesired_contacts: -0.0010
     Episode_Reward/flat_orientation_l2: -0.0353
          Episode_Reward/dof_pos_limits: 0.0000
   Episode_Reward/disabled_legs_contact: -0.0072
    Episode_Reward/disabled_legs_height: 0.0448
     Episode_Reward/single_leg_air_time: -0.0001
         Episode_Reward/base_height_exp: 0.0073
              Curriculum/terrain_levels: 0.0000
                   Metrics/success_rate: 0.0000
     Metrics/base_velocity/error_vel_xy: 0.7986
    Metrics/base_velocity/error_vel_yaw: 0.9754
           Episode_Termination/time_out: 0.0000
       Episode_Termination/base_contact: 1.0000
--------------------------------------------------------------------------------
                         Iteration time: 6.16s
                           Time elapsed: 00:15:10
                                    ETA: 02:21:47

################################################################################
[1m                          Learning iteration 145/1500                           [0m 

                            Total steps: 14352384 
                       Steps per second: 15994 
                        Collection time: 5.865s 
                          Learning time: 0.282s 
                        Mean value loss: 0.0209
                    Mean surrogate loss: -0.0026
                      Mean entropy loss: 13.9447
                            Mean reward: -0.07
                    Mean episode length: 74.36
                        Mean action std: 0.80
    Episode_Reward/track_lin_vel_xy_exp: 0.0286
     Episode_Reward/track_ang_vel_z_exp: 0.0150
            Episode_Reward/lin_vel_z_l2: 0.0000
           Episode_Reward/ang_vel_xy_l2: -0.0260
          Episode_Reward/dof_torques_l2: -0.0043
              Episode_Reward/dof_acc_l2: -0.0207
          Episode_Reward/action_rate_l2: -0.0115
      Episode_Reward/undesired_contacts: -0.0012
     Episode_Reward/flat_orientation_l2: -0.0361
          Episode_Reward/dof_pos_limits: 0.0000
   Episode_Reward/disabled_legs_contact: -0.0069
    Episode_Reward/disabled_legs_height: 0.0461
     Episode_Reward/single_leg_air_time: -0.0001
         Episode_Reward/base_height_exp: 0.0077
              Curriculum/terrain_levels: 0.0000
                   Metrics/success_rate: 0.0000
     Metrics/base_velocity/error_vel_xy: 0.7988
    Metrics/base_velocity/error_vel_yaw: 0.9769
           Episode_Termination/time_out: 0.0000
       Episode_Termination/base_contact: 1.0000
--------------------------------------------------------------------------------
                         Iteration time: 6.15s
                           Time elapsed: 00:15:16
                                    ETA: 02:21:40

################################################################################
[1m                          Learning iteration 146/1500                           [0m 

                            Total steps: 14450688 
                       Steps per second: 15940 
                        Collection time: 5.889s 
                          Learning time: 0.277s 
                        Mean value loss: 0.0135
                    Mean surrogate loss: -0.0023
                      Mean entropy loss: 13.9176
                            Mean reward: -0.04
                    Mean episode length: 69.76
                        Mean action std: 0.80
    Episode_Reward/track_lin_vel_xy_exp: 0.0287
     Episode_Reward/track_ang_vel_z_exp: 0.0149
            Episode_Reward/lin_vel_z_l2: 0.0000
           Episode_Reward/ang_vel_xy_l2: -0.0264
          Episode_Reward/dof_torques_l2: -0.0043
              Episode_Reward/dof_acc_l2: -0.0206
          Episode_Reward/action_rate_l2: -0.0114
      Episode_Reward/undesired_contacts: -0.0011
     Episode_Reward/flat_orientation_l2: -0.0359
          Episode_Reward/dof_pos_limits: 0.0000
   Episode_Reward/disabled_legs_contact: -0.0068
    Episode_Reward/disabled_legs_height: 0.0460
     Episode_Reward/single_leg_air_time: -0.0001
         Episode_Reward/base_height_exp: 0.0073
              Curriculum/terrain_levels: 0.0000
                   Metrics/success_rate: 0.0000
     Metrics/base_velocity/error_vel_xy: 0.7996
    Metrics/base_velocity/error_vel_yaw: 0.9843
           Episode_Termination/time_out: 0.0000
       Episode_Termination/base_contact: 1.0000
--------------------------------------------------------------------------------
                         Iteration time: 6.17s
                           Time elapsed: 00:15:22
                                    ETA: 02:21:32

################################################################################
[1m                          Learning iteration 147/1500                           [0m 

                            Total steps: 14548992 
                       Steps per second: 16060 
                        Collection time: 5.842s 
                          Learning time: 0.278s 
                        Mean value loss: 0.0136
                    Mean surrogate loss: -0.0031
                      Mean entropy loss: 13.8886
                            Mean reward: -0.12
                    Mean episode length: 60.60
                        Mean action std: 0.80
    Episode_Reward/track_lin_vel_xy_exp: 0.0284
     Episode_Reward/track_ang_vel_z_exp: 0.0141
            Episode_Reward/lin_vel_z_l2: 0.0000
           Episode_Reward/ang_vel_xy_l2: -0.0258
          Episode_Reward/dof_torques_l2: -0.0040
              Episode_Reward/dof_acc_l2: -0.0198
          Episode_Reward/action_rate_l2: -0.0107
      Episode_Reward/undesired_contacts: -0.0012
     Episode_Reward/flat_orientation_l2: -0.0346
          Episode_Reward/dof_pos_limits: 0.0000
   Episode_Reward/disabled_legs_contact: -0.0052
    Episode_Reward/disabled_legs_height: 0.0429
     Episode_Reward/single_leg_air_time: -0.0001
         Episode_Reward/base_height_exp: 0.0066
              Curriculum/terrain_levels: 0.0000
                   Metrics/success_rate: 0.0000
     Metrics/base_velocity/error_vel_xy: 0.7898
    Metrics/base_velocity/error_vel_yaw: 0.9814
           Episode_Termination/time_out: 0.0000
       Episode_Termination/base_contact: 1.0000
--------------------------------------------------------------------------------
                         Iteration time: 6.12s
                           Time elapsed: 00:15:28
                                    ETA: 02:21:25

################################################################################
[1m                          Learning iteration 148/1500                           [0m 

                            Total steps: 14647296 
                       Steps per second: 16080 
                        Collection time: 5.836s 
                          Learning time: 0.277s 
                        Mean value loss: 0.0145
                    Mean surrogate loss: -0.0040
                      Mean entropy loss: 13.8531
                            Mean reward: -0.10
                    Mean episode length: 67.84
                        Mean action std: 0.80
    Episode_Reward/track_lin_vel_xy_exp: 0.0277
     Episode_Reward/track_ang_vel_z_exp: 0.0145
            Episode_Reward/lin_vel_z_l2: 0.0000
           Episode_Reward/ang_vel_xy_l2: -0.0259
          Episode_Reward/dof_torques_l2: -0.0042
              Episode_Reward/dof_acc_l2: -0.0203
          Episode_Reward/action_rate_l2: -0.0111
      Episode_Reward/undesired_contacts: -0.0014
     Episode_Reward/flat_orientation_l2: -0.0358
          Episode_Reward/dof_pos_limits: 0.0000
   Episode_Reward/disabled_legs_contact: -0.0070
    Episode_Reward/disabled_legs_height: 0.0451
     Episode_Reward/single_leg_air_time: -0.0001
         Episode_Reward/base_height_exp: 0.0073
              Curriculum/terrain_levels: 0.0000
                   Metrics/success_rate: 0.0000
     Metrics/base_velocity/error_vel_xy: 0.7986
    Metrics/base_velocity/error_vel_yaw: 0.9969
           Episode_Termination/time_out: 0.0000
       Episode_Termination/base_contact: 1.0000
--------------------------------------------------------------------------------
                         Iteration time: 6.11s
                           Time elapsed: 00:15:34
                                    ETA: 02:21:17

################################################################################
[1m                          Learning iteration 149/1500                           [0m 

                            Total steps: 14745600 
                       Steps per second: 16064 
                        Collection time: 5.844s 
                          Learning time: 0.276s 
                        Mean value loss: 0.0139
                    Mean surrogate loss: -0.0002
                      Mean entropy loss: 13.8288
                            Mean reward: -0.26
                    Mean episode length: 68.88
                        Mean action std: 0.79
    Episode_Reward/track_lin_vel_xy_exp: 0.0270
     Episode_Reward/track_ang_vel_z_exp: 0.0141
            Episode_Reward/lin_vel_z_l2: 0.0000
           Episode_Reward/ang_vel_xy_l2: -0.0257
          Episode_Reward/dof_torques_l2: -0.0041
              Episode_Reward/dof_acc_l2: -0.0198
          Episode_Reward/action_rate_l2: -0.0108
      Episode_Reward/undesired_contacts: -0.0012
     Episode_Reward/flat_orientation_l2: -0.0351
          Episode_Reward/dof_pos_limits: 0.0000
   Episode_Reward/disabled_legs_contact: -0.0051
    Episode_Reward/disabled_legs_height: 0.0443
     Episode_Reward/single_leg_air_time: -0.0001
         Episode_Reward/base_height_exp: 0.0071
              Curriculum/terrain_levels: 0.0000
                   Metrics/success_rate: 0.0000
     Metrics/base_velocity/error_vel_xy: 0.7973
    Metrics/base_velocity/error_vel_yaw: 0.9864
           Episode_Termination/time_out: 0.0000
       Episode_Termination/base_contact: 1.0000
--------------------------------------------------------------------------------
                         Iteration time: 6.12s
                           Time elapsed: 00:15:41
                                    ETA: 02:21:09

################################################################################
[1m                          Learning iteration 150/1500                           [0m 

                            Total steps: 14843904 
                       Steps per second: 15931 
                        Collection time: 5.895s 
                          Learning time: 0.276s 
                        Mean value loss: 0.0141
                    Mean surrogate loss: -0.0032
                      Mean entropy loss: 13.8059
                            Mean reward: 0.00
                    Mean episode length: 64.10
                        Mean action std: 0.79
    Episode_Reward/track_lin_vel_xy_exp: 0.0266
     Episode_Reward/track_ang_vel_z_exp: 0.0143
            Episode_Reward/lin_vel_z_l2: 0.0000
           Episode_Reward/ang_vel_xy_l2: -0.0255
          Episode_Reward/dof_torques_l2: -0.0040
              Episode_Reward/dof_acc_l2: -0.0193
          Episode_Reward/action_rate_l2: -0.0106
      Episode_Reward/undesired_contacts: -0.0012
     Episode_Reward/flat_orientation_l2: -0.0347
          Episode_Reward/dof_pos_limits: 0.0000
   Episode_Reward/disabled_legs_contact: -0.0053
    Episode_Reward/disabled_legs_height: 0.0447
     Episode_Reward/single_leg_air_time: -0.0001
         Episode_Reward/base_height_exp: 0.0068
              Curriculum/terrain_levels: 0.0000
                   Metrics/success_rate: 0.0000
     Metrics/base_velocity/error_vel_xy: 0.7988
    Metrics/base_velocity/error_vel_yaw: 0.9804
           Episode_Termination/time_out: 0.0000
       Episode_Termination/base_contact: 1.0000
--------------------------------------------------------------------------------
                         Iteration time: 6.17s
                           Time elapsed: 00:15:47
                                    ETA: 02:21:02

################################################################################
[1m                          Learning iteration 151/1500                           [0m 

                            Total steps: 14942208 
                       Steps per second: 15953 
                        Collection time: 5.883s 
                          Learning time: 0.279s 
                        Mean value loss: 0.0142
                    Mean surrogate loss: -0.0018
                      Mean entropy loss: 13.7761
                            Mean reward: -0.24
                    Mean episode length: 69.68
                        Mean action std: 0.79
    Episode_Reward/track_lin_vel_xy_exp: 0.0290
     Episode_Reward/track_ang_vel_z_exp: 0.0140
            Episode_Reward/lin_vel_z_l2: 0.0000
           Episode_Reward/ang_vel_xy_l2: -0.0251
          Episode_Reward/dof_torques_l2: -0.0041
              Episode_Reward/dof_acc_l2: -0.0198
          Episode_Reward/action_rate_l2: -0.0108
      Episode_Reward/undesired_contacts: -0.0012
     Episode_Reward/flat_orientation_l2: -0.0356
          Episode_Reward/dof_pos_limits: 0.0000
   Episode_Reward/disabled_legs_contact: -0.0047
    Episode_Reward/disabled_legs_height: 0.0448
     Episode_Reward/single_leg_air_time: -0.0001
         Episode_Reward/base_height_exp: 0.0070
              Curriculum/terrain_levels: 0.0000
                   Metrics/success_rate: 0.0000
     Metrics/base_velocity/error_vel_xy: 0.7874
    Metrics/base_velocity/error_vel_yaw: 0.9927
           Episode_Termination/time_out: 0.0000
       Episode_Termination/base_contact: 1.0000
--------------------------------------------------------------------------------
                         Iteration time: 6.16s
                           Time elapsed: 00:15:53
                                    ETA: 02:20:55

################################################################################
[1m                          Learning iteration 152/1500                           [0m 

                            Total steps: 15040512 
                       Steps per second: 16148 
                        Collection time: 5.808s 
                          Learning time: 0.279s 
                        Mean value loss: 0.0145
                    Mean surrogate loss: 0.0105
                      Mean entropy loss: 13.7628
                            Mean reward: -0.22
                    Mean episode length: 62.69
                        Mean action std: 0.79
    Episode_Reward/track_lin_vel_xy_exp: 0.0260
     Episode_Reward/track_ang_vel_z_exp: 0.0138
            Episode_Reward/lin_vel_z_l2: 0.0000
           Episode_Reward/ang_vel_xy_l2: -0.0252
          Episode_Reward/dof_torques_l2: -0.0039
              Episode_Reward/dof_acc_l2: -0.0194
          Episode_Reward/action_rate_l2: -0.0105
      Episode_Reward/undesired_contacts: -0.0013
     Episode_Reward/flat_orientation_l2: -0.0347
          Episode_Reward/dof_pos_limits: 0.0000
   Episode_Reward/disabled_legs_contact: -0.0040
    Episode_Reward/disabled_legs_height: 0.0438
     Episode_Reward/single_leg_air_time: -0.0001
         Episode_Reward/base_height_exp: 0.0066
              Curriculum/terrain_levels: 0.0000
                   Metrics/success_rate: 0.0000
     Metrics/base_velocity/error_vel_xy: 0.8013
    Metrics/base_velocity/error_vel_yaw: 0.9804
           Episode_Termination/time_out: 0.0000
       Episode_Termination/base_contact: 1.0000
--------------------------------------------------------------------------------
                         Iteration time: 6.09s
                           Time elapsed: 00:15:59
                                    ETA: 02:20:47

################################################################################
[1m                          Learning iteration 153/1500                           [0m 

                            Total steps: 15138816 
                       Steps per second: 16113 
                        Collection time: 5.823s 
                          Learning time: 0.278s 
                        Mean value loss: 0.0150
                    Mean surrogate loss: -0.0000
                      Mean entropy loss: 13.7582
                            Mean reward: -0.19
                    Mean episode length: 66.87
                        Mean action std: 0.79
    Episode_Reward/track_lin_vel_xy_exp: 0.0292
     Episode_Reward/track_ang_vel_z_exp: 0.0141
            Episode_Reward/lin_vel_z_l2: 0.0000
           Episode_Reward/ang_vel_xy_l2: -0.0250
          Episode_Reward/dof_torques_l2: -0.0040
              Episode_Reward/dof_acc_l2: -0.0190
          Episode_Reward/action_rate_l2: -0.0104
      Episode_Reward/undesired_contacts: -0.0012
     Episode_Reward/flat_orientation_l2: -0.0343
          Episode_Reward/dof_pos_limits: 0.0000
   Episode_Reward/disabled_legs_contact: -0.0055
    Episode_Reward/disabled_legs_height: 0.0435
     Episode_Reward/single_leg_air_time: -0.0001
         Episode_Reward/base_height_exp: 0.0065
              Curriculum/terrain_levels: 0.0000
                   Metrics/success_rate: 0.0000
     Metrics/base_velocity/error_vel_xy: 0.7816
    Metrics/base_velocity/error_vel_yaw: 0.9705
           Episode_Termination/time_out: 0.0000
       Episode_Termination/base_contact: 1.0000
--------------------------------------------------------------------------------
                         Iteration time: 6.10s
                           Time elapsed: 00:16:05
                                    ETA: 02:20:39

################################################################################
[1m                          Learning iteration 154/1500                           [0m 

                            Total steps: 15237120 
                       Steps per second: 16164 
                        Collection time: 5.804s 
                          Learning time: 0.277s 
                        Mean value loss: 0.0152
                    Mean surrogate loss: 0.0035
                      Mean entropy loss: 13.7490
                            Mean reward: -0.09
                    Mean episode length: 65.40
                        Mean action std: 0.79
    Episode_Reward/track_lin_vel_xy_exp: 0.0271
     Episode_Reward/track_ang_vel_z_exp: 0.0143
            Episode_Reward/lin_vel_z_l2: 0.0000
           Episode_Reward/ang_vel_xy_l2: -0.0249
          Episode_Reward/dof_torques_l2: -0.0039
              Episode_Reward/dof_acc_l2: -0.0191
          Episode_Reward/action_rate_l2: -0.0104
      Episode_Reward/undesired_contacts: -0.0009
     Episode_Reward/flat_orientation_l2: -0.0348
          Episode_Reward/dof_pos_limits: 0.0000
   Episode_Reward/disabled_legs_contact: -0.0040
    Episode_Reward/disabled_legs_height: 0.0441
     Episode_Reward/single_leg_air_time: -0.0001
         Episode_Reward/base_height_exp: 0.0064
              Curriculum/terrain_levels: 0.0000
                   Metrics/success_rate: 0.0000
     Metrics/base_velocity/error_vel_xy: 0.7986
    Metrics/base_velocity/error_vel_yaw: 0.9752
           Episode_Termination/time_out: 0.0002
       Episode_Termination/base_contact: 0.9998
--------------------------------------------------------------------------------
                         Iteration time: 6.08s
                           Time elapsed: 00:16:11
                                    ETA: 02:20:31

################################################################################
[1m                          Learning iteration 155/1500                           [0m 

                            Total steps: 15335424 
                       Steps per second: 16134 
                        Collection time: 5.815s 
                          Learning time: 0.277s 
                        Mean value loss: 0.0157
                    Mean surrogate loss: -0.0018
                      Mean entropy loss: 13.7413
                            Mean reward: -0.01
                    Mean episode length: 76.59
                        Mean action std: 0.79
    Episode_Reward/track_lin_vel_xy_exp: 0.0273
     Episode_Reward/track_ang_vel_z_exp: 0.0148
            Episode_Reward/lin_vel_z_l2: 0.0000
           Episode_Reward/ang_vel_xy_l2: -0.0251
          Episode_Reward/dof_torques_l2: -0.0040
              Episode_Reward/dof_acc_l2: -0.0201
          Episode_Reward/action_rate_l2: -0.0108
      Episode_Reward/undesired_contacts: -0.0008
     Episode_Reward/flat_orientation_l2: -0.0361
          Episode_Reward/dof_pos_limits: 0.0000
   Episode_Reward/disabled_legs_contact: -0.0044
    Episode_Reward/disabled_legs_height: 0.0467
     Episode_Reward/single_leg_air_time: -0.0001
         Episode_Reward/base_height_exp: 0.0077
              Curriculum/terrain_levels: 0.0000
                   Metrics/success_rate: 0.0006
     Metrics/base_velocity/error_vel_xy: 0.8010
    Metrics/base_velocity/error_vel_yaw: 0.9645
           Episode_Termination/time_out: 0.0002
       Episode_Termination/base_contact: 0.9998
--------------------------------------------------------------------------------
                         Iteration time: 6.09s
                           Time elapsed: 00:16:17
                                    ETA: 02:20:23

################################################################################
[1m                          Learning iteration 156/1500                           [0m 

                            Total steps: 15433728 
                       Steps per second: 15988 
                        Collection time: 5.872s 
                          Learning time: 0.276s 
                        Mean value loss: 0.0154
                    Mean surrogate loss: -0.0022
                      Mean entropy loss: 13.7281
                            Mean reward: -0.03
                    Mean episode length: 69.75
                        Mean action std: 0.79
    Episode_Reward/track_lin_vel_xy_exp: 0.0303
     Episode_Reward/track_ang_vel_z_exp: 0.0152
            Episode_Reward/lin_vel_z_l2: 0.0000
           Episode_Reward/ang_vel_xy_l2: -0.0250
          Episode_Reward/dof_torques_l2: -0.0041
              Episode_Reward/dof_acc_l2: -0.0197
          Episode_Reward/action_rate_l2: -0.0109
      Episode_Reward/undesired_contacts: -0.0007
     Episode_Reward/flat_orientation_l2: -0.0366
          Episode_Reward/dof_pos_limits: 0.0000
   Episode_Reward/disabled_legs_contact: -0.0047
    Episode_Reward/disabled_legs_height: 0.0465
     Episode_Reward/single_leg_air_time: -0.0001
         Episode_Reward/base_height_exp: 0.0073
              Curriculum/terrain_levels: 0.0000
                   Metrics/success_rate: 0.0000
     Metrics/base_velocity/error_vel_xy: 0.7850
    Metrics/base_velocity/error_vel_yaw: 0.9575
           Episode_Termination/time_out: 0.0002
       Episode_Termination/base_contact: 0.9998
--------------------------------------------------------------------------------
                         Iteration time: 6.15s
                           Time elapsed: 00:16:23
                                    ETA: 02:20:16

################################################################################
[1m                          Learning iteration 157/1500                           [0m 

                            Total steps: 15532032 
                       Steps per second: 16012 
                        Collection time: 5.864s 
                          Learning time: 0.276s 
                        Mean value loss: 0.0161
                    Mean surrogate loss: -0.0013
                      Mean entropy loss: 13.7162
                            Mean reward: -0.12
                    Mean episode length: 79.64
                        Mean action std: 0.79
    Episode_Reward/track_lin_vel_xy_exp: 0.0297
     Episode_Reward/track_ang_vel_z_exp: 0.0156
            Episode_Reward/lin_vel_z_l2: 0.0000
           Episode_Reward/ang_vel_xy_l2: -0.0252
          Episode_Reward/dof_torques_l2: -0.0043
              Episode_Reward/dof_acc_l2: -0.0205
          Episode_Reward/action_rate_l2: -0.0113
      Episode_Reward/undesired_contacts: -0.0008
     Episode_Reward/flat_orientation_l2: -0.0377
          Episode_Reward/dof_pos_limits: 0.0000
   Episode_Reward/disabled_legs_contact: -0.0053
    Episode_Reward/disabled_legs_height: 0.0478
     Episode_Reward/single_leg_air_time: -0.0001
         Episode_Reward/base_height_exp: 0.0083
              Curriculum/terrain_levels: 0.0000
                   Metrics/success_rate: 0.0000
     Metrics/base_velocity/error_vel_xy: 0.7867
    Metrics/base_velocity/error_vel_yaw: 0.9540
           Episode_Termination/time_out: 0.0002
       Episode_Termination/base_contact: 0.9998
--------------------------------------------------------------------------------
                         Iteration time: 6.14s
                           Time elapsed: 00:16:30
                                    ETA: 02:20:09

################################################################################
[1m                          Learning iteration 158/1500                           [0m 

                            Total steps: 15630336 
                       Steps per second: 15979 
                        Collection time: 5.874s 
                          Learning time: 0.277s 
                        Mean value loss: 0.0294
                    Mean surrogate loss: 0.0027
                      Mean entropy loss: 13.7003
                            Mean reward: -0.20
                    Mean episode length: 73.92
                        Mean action std: 0.79
    Episode_Reward/track_lin_vel_xy_exp: 0.0283
     Episode_Reward/track_ang_vel_z_exp: 0.0158
            Episode_Reward/lin_vel_z_l2: 0.0000
           Episode_Reward/ang_vel_xy_l2: -0.0249
          Episode_Reward/dof_torques_l2: -0.0043
              Episode_Reward/dof_acc_l2: -0.0205
          Episode_Reward/action_rate_l2: -0.0114
      Episode_Reward/undesired_contacts: -0.0007
     Episode_Reward/flat_orientation_l2: -0.0387
          Episode_Reward/dof_pos_limits: 0.0000
   Episode_Reward/disabled_legs_contact: -0.0053
    Episode_Reward/disabled_legs_height: 0.0481
     Episode_Reward/single_leg_air_time: -0.0001
         Episode_Reward/base_height_exp: 0.0077
              Curriculum/terrain_levels: 0.0000
                   Metrics/success_rate: 0.0000
     Metrics/base_velocity/error_vel_xy: 0.8063
    Metrics/base_velocity/error_vel_yaw: 0.9604
           Episode_Termination/time_out: 0.0002
       Episode_Termination/base_contact: 0.9998
--------------------------------------------------------------------------------
                         Iteration time: 6.15s
                           Time elapsed: 00:16:36
                                    ETA: 02:20:01

################################################################################
[1m                          Learning iteration 159/1500                           [0m 

                            Total steps: 15728640 
                       Steps per second: 16000 
                        Collection time: 5.866s 
                          Learning time: 0.278s 
                        Mean value loss: 0.0143
                    Mean surrogate loss: 0.0024
                      Mean entropy loss: 13.6917
                            Mean reward: 0.10
                    Mean episode length: 80.40
                        Mean action std: 0.79
    Episode_Reward/track_lin_vel_xy_exp: 0.0299
     Episode_Reward/track_ang_vel_z_exp: 0.0162
            Episode_Reward/lin_vel_z_l2: 0.0000
           Episode_Reward/ang_vel_xy_l2: -0.0251
          Episode_Reward/dof_torques_l2: -0.0044
              Episode_Reward/dof_acc_l2: -0.0207
          Episode_Reward/action_rate_l2: -0.0116
      Episode_Reward/undesired_contacts: -0.0007
     Episode_Reward/flat_orientation_l2: -0.0388
          Episode_Reward/dof_pos_limits: 0.0000
   Episode_Reward/disabled_legs_contact: -0.0054
    Episode_Reward/disabled_legs_height: 0.0497
     Episode_Reward/single_leg_air_time: -0.0001
         Episode_Reward/base_height_exp: 0.0081
              Curriculum/terrain_levels: 0.0000
                   Metrics/success_rate: 0.0000
     Metrics/base_velocity/error_vel_xy: 0.7958
    Metrics/base_velocity/error_vel_yaw: 0.9549
           Episode_Termination/time_out: 0.0002
       Episode_Termination/base_contact: 0.9998
--------------------------------------------------------------------------------
                         Iteration time: 6.14s
                           Time elapsed: 00:16:42
                                    ETA: 02:19:54

################################################################################
[1m                          Learning iteration 160/1500                           [0m 

                            Total steps: 15826944 
                       Steps per second: 16036 
                        Collection time: 5.851s 
                          Learning time: 0.279s 
                        Mean value loss: 0.0151
                    Mean surrogate loss: -0.0032
                      Mean entropy loss: 13.6792
                            Mean reward: -0.20
                    Mean episode length: 69.65
                        Mean action std: 0.79
    Episode_Reward/track_lin_vel_xy_exp: 0.0287
     Episode_Reward/track_ang_vel_z_exp: 0.0166
            Episode_Reward/lin_vel_z_l2: 0.0000
           Episode_Reward/ang_vel_xy_l2: -0.0250
          Episode_Reward/dof_torques_l2: -0.0045
              Episode_Reward/dof_acc_l2: -0.0209
          Episode_Reward/action_rate_l2: -0.0117
      Episode_Reward/undesired_contacts: -0.0007
     Episode_Reward/flat_orientation_l2: -0.0390
          Episode_Reward/dof_pos_limits: 0.0000
   Episode_Reward/disabled_legs_contact: -0.0058
    Episode_Reward/disabled_legs_height: 0.0491
     Episode_Reward/single_leg_air_time: -0.0001
         Episode_Reward/base_height_exp: 0.0081
              Curriculum/terrain_levels: 0.0000
                   Metrics/success_rate: 0.0000
     Metrics/base_velocity/error_vel_xy: 0.7973
    Metrics/base_velocity/error_vel_yaw: 0.9450
           Episode_Termination/time_out: 0.0000
       Episode_Termination/base_contact: 1.0000
--------------------------------------------------------------------------------
                         Iteration time: 6.13s
                           Time elapsed: 00:16:48
                                    ETA: 02:19:47

################################################################################
[1m                          Learning iteration 161/1500                           [0m 

                            Total steps: 15925248 
                       Steps per second: 16020 
                        Collection time: 5.858s 
                          Learning time: 0.278s 
                        Mean value loss: 0.0164
                    Mean surrogate loss: -0.0004
                      Mean entropy loss: 13.6604
                            Mean reward: -0.07
                    Mean episode length: 74.11
                        Mean action std: 0.78
    Episode_Reward/track_lin_vel_xy_exp: 0.0308
     Episode_Reward/track_ang_vel_z_exp: 0.0161
            Episode_Reward/lin_vel_z_l2: 0.0000
           Episode_Reward/ang_vel_xy_l2: -0.0249
          Episode_Reward/dof_torques_l2: -0.0044
              Episode_Reward/dof_acc_l2: -0.0206
          Episode_Reward/action_rate_l2: -0.0115
      Episode_Reward/undesired_contacts: -0.0007
     Episode_Reward/flat_orientation_l2: -0.0385
          Episode_Reward/dof_pos_limits: 0.0000
   Episode_Reward/disabled_legs_contact: -0.0059
    Episode_Reward/disabled_legs_height: 0.0489
     Episode_Reward/single_leg_air_time: -0.0001
         Episode_Reward/base_height_exp: 0.0082
              Curriculum/terrain_levels: 0.0000
                   Metrics/success_rate: 0.0007
     Metrics/base_velocity/error_vel_xy: 0.7924
    Metrics/base_velocity/error_vel_yaw: 0.9585
           Episode_Termination/time_out: 0.0000
       Episode_Termination/base_contact: 1.0000
--------------------------------------------------------------------------------
                         Iteration time: 6.14s
                           Time elapsed: 00:16:54
                                    ETA: 02:19:39

################################################################################
[1m                          Learning iteration 162/1500                           [0m 

                            Total steps: 16023552 
                       Steps per second: 16042 
                        Collection time: 5.852s 
                          Learning time: 0.276s 
                        Mean value loss: 0.0207
                    Mean surrogate loss: 0.0008
                      Mean entropy loss: 13.6504
                            Mean reward: 0.02
                    Mean episode length: 76.73
                        Mean action std: 0.78
    Episode_Reward/track_lin_vel_xy_exp: 0.0331
     Episode_Reward/track_ang_vel_z_exp: 0.0160
            Episode_Reward/lin_vel_z_l2: 0.0000
           Episode_Reward/ang_vel_xy_l2: -0.0248
          Episode_Reward/dof_torques_l2: -0.0045
              Episode_Reward/dof_acc_l2: -0.0210
          Episode_Reward/action_rate_l2: -0.0118
      Episode_Reward/undesired_contacts: -0.0007
     Episode_Reward/flat_orientation_l2: -0.0395
          Episode_Reward/dof_pos_limits: 0.0000
   Episode_Reward/disabled_legs_contact: -0.0060
    Episode_Reward/disabled_legs_height: 0.0507
     Episode_Reward/single_leg_air_time: -0.0001
         Episode_Reward/base_height_exp: 0.0089
              Curriculum/terrain_levels: 0.0000
                   Metrics/success_rate: 0.0000
     Metrics/base_velocity/error_vel_xy: 0.7799
    Metrics/base_velocity/error_vel_yaw: 0.9658
           Episode_Termination/time_out: 0.0002
       Episode_Termination/base_contact: 0.9998
--------------------------------------------------------------------------------
                         Iteration time: 6.13s
                           Time elapsed: 00:17:00
                                    ETA: 02:19:32

################################################################################
[1m                          Learning iteration 163/1500                           [0m 

                            Total steps: 16121856 
                       Steps per second: 15914 
                        Collection time: 5.900s 
                          Learning time: 0.277s 
                        Mean value loss: 0.0313
                    Mean surrogate loss: -0.0024
                      Mean entropy loss: 13.6396
                            Mean reward: -0.13
                    Mean episode length: 70.94
                        Mean action std: 0.78
    Episode_Reward/track_lin_vel_xy_exp: 0.0321
     Episode_Reward/track_ang_vel_z_exp: 0.0164
            Episode_Reward/lin_vel_z_l2: 0.0000
           Episode_Reward/ang_vel_xy_l2: -0.0247
          Episode_Reward/dof_torques_l2: -0.0045
              Episode_Reward/dof_acc_l2: -0.0208
          Episode_Reward/action_rate_l2: -0.0117
      Episode_Reward/undesired_contacts: -0.0009
     Episode_Reward/flat_orientation_l2: -0.0397
          Episode_Reward/dof_pos_limits: 0.0000
   Episode_Reward/disabled_legs_contact: -0.0056
    Episode_Reward/disabled_legs_height: 0.0508
     Episode_Reward/single_leg_air_time: -0.0001
         Episode_Reward/base_height_exp: 0.0084
              Curriculum/terrain_levels: 0.0000
                   Metrics/success_rate: 0.0000
     Metrics/base_velocity/error_vel_xy: 0.7871
    Metrics/base_velocity/error_vel_yaw: 0.9679
           Episode_Termination/time_out: 0.0002
       Episode_Termination/base_contact: 0.9998
--------------------------------------------------------------------------------
                         Iteration time: 6.18s
                           Time elapsed: 00:17:06
                                    ETA: 02:19:25

################################################################################
[1m                          Learning iteration 164/1500                           [0m 

                            Total steps: 16220160 
                       Steps per second: 15934 
                        Collection time: 5.892s 
                          Learning time: 0.277s 
                        Mean value loss: 0.0199
                    Mean surrogate loss: -0.0012
                      Mean entropy loss: 13.6257
                            Mean reward: -0.15
                    Mean episode length: 73.06
                        Mean action std: 0.78
    Episode_Reward/track_lin_vel_xy_exp: 0.0312
     Episode_Reward/track_ang_vel_z_exp: 0.0162
            Episode_Reward/lin_vel_z_l2: 0.0000
           Episode_Reward/ang_vel_xy_l2: -0.0246
          Episode_Reward/dof_torques_l2: -0.0045
              Episode_Reward/dof_acc_l2: -0.0208
          Episode_Reward/action_rate_l2: -0.0118
      Episode_Reward/undesired_contacts: -0.0010
     Episode_Reward/flat_orientation_l2: -0.0400
          Episode_Reward/dof_pos_limits: 0.0000
   Episode_Reward/disabled_legs_contact: -0.0056
    Episode_Reward/disabled_legs_height: 0.0503
     Episode_Reward/single_leg_air_time: -0.0001
         Episode_Reward/base_height_exp: 0.0084
              Curriculum/terrain_levels: 0.0000
                   Metrics/success_rate: 0.0000
     Metrics/base_velocity/error_vel_xy: 0.8104
    Metrics/base_velocity/error_vel_yaw: 0.9688
           Episode_Termination/time_out: 0.0002
       Episode_Termination/base_contact: 0.9998
--------------------------------------------------------------------------------
                         Iteration time: 6.17s
                           Time elapsed: 00:17:13
                                    ETA: 02:19:18

################################################################################
[1m                          Learning iteration 165/1500                           [0m 

                            Total steps: 16318464 
                       Steps per second: 15927 
                        Collection time: 5.895s 
                          Learning time: 0.277s 
                        Mean value loss: 0.0156
                    Mean surrogate loss: -0.0042
                      Mean entropy loss: 13.6056
                            Mean reward: -0.25
                    Mean episode length: 71.95
                        Mean action std: 0.78
    Episode_Reward/track_lin_vel_xy_exp: 0.0327
     Episode_Reward/track_ang_vel_z_exp: 0.0169
            Episode_Reward/lin_vel_z_l2: 0.0000
           Episode_Reward/ang_vel_xy_l2: -0.0243
          Episode_Reward/dof_torques_l2: -0.0045
              Episode_Reward/dof_acc_l2: -0.0210
          Episode_Reward/action_rate_l2: -0.0119
      Episode_Reward/undesired_contacts: -0.0014
     Episode_Reward/flat_orientation_l2: -0.0401
          Episode_Reward/dof_pos_limits: 0.0000
   Episode_Reward/disabled_legs_contact: -0.0058
    Episode_Reward/disabled_legs_height: 0.0522
     Episode_Reward/single_leg_air_time: -0.0001
         Episode_Reward/base_height_exp: 0.0082
              Curriculum/terrain_levels: 0.0000
                   Metrics/success_rate: 0.0000
     Metrics/base_velocity/error_vel_xy: 0.7850
    Metrics/base_velocity/error_vel_yaw: 0.9550
           Episode_Termination/time_out: 0.0002
       Episode_Termination/base_contact: 0.9998
--------------------------------------------------------------------------------
                         Iteration time: 6.17s
                           Time elapsed: 00:17:19
                                    ETA: 02:19:11

################################################################################
[1m                          Learning iteration 166/1500                           [0m 

                            Total steps: 16416768 
                       Steps per second: 15797 
                        Collection time: 5.945s 
                          Learning time: 0.278s 
                        Mean value loss: 0.0152
                    Mean surrogate loss: -0.0021
                      Mean entropy loss: 13.5862
                            Mean reward: -0.06
                    Mean episode length: 78.70
                        Mean action std: 0.78
    Episode_Reward/track_lin_vel_xy_exp: 0.0293
     Episode_Reward/track_ang_vel_z_exp: 0.0167
            Episode_Reward/lin_vel_z_l2: 0.0000
           Episode_Reward/ang_vel_xy_l2: -0.0242
          Episode_Reward/dof_torques_l2: -0.0044
              Episode_Reward/dof_acc_l2: -0.0207
          Episode_Reward/action_rate_l2: -0.0117
      Episode_Reward/undesired_contacts: -0.0016
     Episode_Reward/flat_orientation_l2: -0.0398
          Episode_Reward/dof_pos_limits: 0.0000
   Episode_Reward/disabled_legs_contact: -0.0054
    Episode_Reward/disabled_legs_height: 0.0510
     Episode_Reward/single_leg_air_time: -0.0001
         Episode_Reward/base_height_exp: 0.0073
              Curriculum/terrain_levels: 0.0000
                   Metrics/success_rate: 0.0000
     Metrics/base_velocity/error_vel_xy: 0.8031
    Metrics/base_velocity/error_vel_yaw: 0.9444
           Episode_Termination/time_out: 0.0000
       Episode_Termination/base_contact: 1.0000
--------------------------------------------------------------------------------
                         Iteration time: 6.22s
                           Time elapsed: 00:17:25
                                    ETA: 02:19:05

################################################################################
[1m                          Learning iteration 167/1500                           [0m 

                            Total steps: 16515072 
                       Steps per second: 15818 
                        Collection time: 5.938s 
                          Learning time: 0.277s 
                        Mean value loss: 0.0156
                    Mean surrogate loss: -0.0035
                      Mean entropy loss: 13.5676
                            Mean reward: -0.12
                    Mean episode length: 80.67
                        Mean action std: 0.78
    Episode_Reward/track_lin_vel_xy_exp: 0.0324
     Episode_Reward/track_ang_vel_z_exp: 0.0170
            Episode_Reward/lin_vel_z_l2: 0.0000
           Episode_Reward/ang_vel_xy_l2: -0.0244
          Episode_Reward/dof_torques_l2: -0.0046
              Episode_Reward/dof_acc_l2: -0.0212
          Episode_Reward/action_rate_l2: -0.0122
      Episode_Reward/undesired_contacts: -0.0016
     Episode_Reward/flat_orientation_l2: -0.0411
          Episode_Reward/dof_pos_limits: 0.0000
   Episode_Reward/disabled_legs_contact: -0.0059
    Episode_Reward/disabled_legs_height: 0.0524
     Episode_Reward/single_leg_air_time: -0.0001
         Episode_Reward/base_height_exp: 0.0083
              Curriculum/terrain_levels: 0.0000
                   Metrics/success_rate: 0.0000
     Metrics/base_velocity/error_vel_xy: 0.7909
    Metrics/base_velocity/error_vel_yaw: 0.9491
           Episode_Termination/time_out: 0.0000
       Episode_Termination/base_contact: 1.0000
--------------------------------------------------------------------------------
                         Iteration time: 6.21s
                           Time elapsed: 00:17:31
                                    ETA: 02:18:58

################################################################################
[1m                          Learning iteration 168/1500                           [0m 

                            Total steps: 16613376 
                       Steps per second: 15866 
                        Collection time: 5.918s 
                          Learning time: 0.277s 
                        Mean value loss: 0.0254
                    Mean surrogate loss: -0.0016
                      Mean entropy loss: 13.5508
                            Mean reward: -0.06
                    Mean episode length: 76.15
                        Mean action std: 0.78
    Episode_Reward/track_lin_vel_xy_exp: 0.0324
     Episode_Reward/track_ang_vel_z_exp: 0.0163
            Episode_Reward/lin_vel_z_l2: 0.0000
           Episode_Reward/ang_vel_xy_l2: -0.0242
          Episode_Reward/dof_torques_l2: -0.0044
              Episode_Reward/dof_acc_l2: -0.0207
          Episode_Reward/action_rate_l2: -0.0118
      Episode_Reward/undesired_contacts: -0.0015
     Episode_Reward/flat_orientation_l2: -0.0406
          Episode_Reward/dof_pos_limits: 0.0000
   Episode_Reward/disabled_legs_contact: -0.0049
    Episode_Reward/disabled_legs_height: 0.0512
     Episode_Reward/single_leg_air_time: -0.0001
         Episode_Reward/base_height_exp: 0.0076
              Curriculum/terrain_levels: 0.0000
                   Metrics/success_rate: 0.0000
     Metrics/base_velocity/error_vel_xy: 0.7844
    Metrics/base_velocity/error_vel_yaw: 0.9566
           Episode_Termination/time_out: 0.0000
       Episode_Termination/base_contact: 1.0000
--------------------------------------------------------------------------------
                         Iteration time: 6.20s
                           Time elapsed: 00:17:37
                                    ETA: 02:18:51

################################################################################
[1m                          Learning iteration 169/1500                           [0m 

                            Total steps: 16711680 
                       Steps per second: 15888 
                        Collection time: 5.909s 
                          Learning time: 0.278s 
                        Mean value loss: 0.0224
                    Mean surrogate loss: 0.0010
                      Mean entropy loss: 13.5438
                            Mean reward: 0.04
                    Mean episode length: 76.75
                        Mean action std: 0.78
    Episode_Reward/track_lin_vel_xy_exp: 0.0297
     Episode_Reward/track_ang_vel_z_exp: 0.0163
            Episode_Reward/lin_vel_z_l2: 0.0000
           Episode_Reward/ang_vel_xy_l2: -0.0240
          Episode_Reward/dof_torques_l2: -0.0043
              Episode_Reward/dof_acc_l2: -0.0204
          Episode_Reward/action_rate_l2: -0.0115
      Episode_Reward/undesired_contacts: -0.0017
     Episode_Reward/flat_orientation_l2: -0.0395
          Episode_Reward/dof_pos_limits: 0.0000
   Episode_Reward/disabled_legs_contact: -0.0039
    Episode_Reward/disabled_legs_height: 0.0512
     Episode_Reward/single_leg_air_time: -0.0001
         Episode_Reward/base_height_exp: 0.0075
              Curriculum/terrain_levels: 0.0000
                   Metrics/success_rate: 0.0000
     Metrics/base_velocity/error_vel_xy: 0.7888
    Metrics/base_velocity/error_vel_yaw: 0.9465
           Episode_Termination/time_out: 0.0000
       Episode_Termination/base_contact: 1.0000
--------------------------------------------------------------------------------
                         Iteration time: 6.19s
                           Time elapsed: 00:17:44
                                    ETA: 02:18:44

################################################################################
[1m                          Learning iteration 170/1500                           [0m 

                            Total steps: 16809984 
                       Steps per second: 15829 
                        Collection time: 5.934s 
                          Learning time: 0.276s 
                        Mean value loss: 0.0215
                    Mean surrogate loss: -0.0020
                      Mean entropy loss: 13.5291
                            Mean reward: -0.20
                    Mean episode length: 76.27
                        Mean action std: 0.78
    Episode_Reward/track_lin_vel_xy_exp: 0.0311
     Episode_Reward/track_ang_vel_z_exp: 0.0163
            Episode_Reward/lin_vel_z_l2: 0.0000
           Episode_Reward/ang_vel_xy_l2: -0.0241
          Episode_Reward/dof_torques_l2: -0.0045
              Episode_Reward/dof_acc_l2: -0.0207
          Episode_Reward/action_rate_l2: -0.0118
      Episode_Reward/undesired_contacts: -0.0018
     Episode_Reward/flat_orientation_l2: -0.0404
          Episode_Reward/dof_pos_limits: 0.0000
   Episode_Reward/disabled_legs_contact: -0.0059
    Episode_Reward/disabled_legs_height: 0.0510
     Episode_Reward/single_leg_air_time: -0.0001
         Episode_Reward/base_height_exp: 0.0078
              Curriculum/terrain_levels: 0.0000
                   Metrics/success_rate: 0.0000
     Metrics/base_velocity/error_vel_xy: 0.7951
    Metrics/base_velocity/error_vel_yaw: 0.9569
           Episode_Termination/time_out: 0.0000
       Episode_Termination/base_contact: 1.0000
--------------------------------------------------------------------------------
                         Iteration time: 6.21s
                           Time elapsed: 00:17:50
                                    ETA: 02:18:38

################################################################################
[1m                          Learning iteration 171/1500                           [0m 

                            Total steps: 16908288 
                       Steps per second: 15750 
                        Collection time: 5.966s 
                          Learning time: 0.275s 
                        Mean value loss: 0.0278
                    Mean surrogate loss: -0.0034
                      Mean entropy loss: 13.5023
                            Mean reward: -0.00
                    Mean episode length: 78.21
                        Mean action std: 0.78
    Episode_Reward/track_lin_vel_xy_exp: 0.0314
     Episode_Reward/track_ang_vel_z_exp: 0.0176
            Episode_Reward/lin_vel_z_l2: 0.0000
           Episode_Reward/ang_vel_xy_l2: -0.0242
          Episode_Reward/dof_torques_l2: -0.0047
              Episode_Reward/dof_acc_l2: -0.0211
          Episode_Reward/action_rate_l2: -0.0121
      Episode_Reward/undesired_contacts: -0.0020
     Episode_Reward/flat_orientation_l2: -0.0414
          Episode_Reward/dof_pos_limits: 0.0000
   Episode_Reward/disabled_legs_contact: -0.0064
    Episode_Reward/disabled_legs_height: 0.0535
     Episode_Reward/single_leg_air_time: -0.0001
         Episode_Reward/base_height_exp: 0.0084
              Curriculum/terrain_levels: 0.0000
                   Metrics/success_rate: 0.0000
     Metrics/base_velocity/error_vel_xy: 0.7945
    Metrics/base_velocity/error_vel_yaw: 0.9486
           Episode_Termination/time_out: 0.0003
       Episode_Termination/base_contact: 0.9997
--------------------------------------------------------------------------------
                         Iteration time: 6.24s
                           Time elapsed: 00:17:56
                                    ETA: 02:18:31

################################################################################
[1m                          Learning iteration 172/1500                           [0m 

                            Total steps: 17006592 
                       Steps per second: 15714 
                        Collection time: 5.978s 
                          Learning time: 0.278s 
                        Mean value loss: 0.0228
                    Mean surrogate loss: -0.0019
                      Mean entropy loss: 13.4861
                            Mean reward: 0.11
                    Mean episode length: 77.35
                        Mean action std: 0.78
    Episode_Reward/track_lin_vel_xy_exp: 0.0334
     Episode_Reward/track_ang_vel_z_exp: 0.0172
            Episode_Reward/lin_vel_z_l2: 0.0000
           Episode_Reward/ang_vel_xy_l2: -0.0239
          Episode_Reward/dof_torques_l2: -0.0044
              Episode_Reward/dof_acc_l2: -0.0208
          Episode_Reward/action_rate_l2: -0.0118
      Episode_Reward/undesired_contacts: -0.0018
     Episode_Reward/flat_orientation_l2: -0.0406
          Episode_Reward/dof_pos_limits: 0.0000
   Episode_Reward/disabled_legs_contact: -0.0045
    Episode_Reward/disabled_legs_height: 0.0523
     Episode_Reward/single_leg_air_time: -0.0001
         Episode_Reward/base_height_exp: 0.0068
              Curriculum/terrain_levels: 0.0000
                   Metrics/success_rate: 0.0008
     Metrics/base_velocity/error_vel_xy: 0.7905
    Metrics/base_velocity/error_vel_yaw: 0.9284
           Episode_Termination/time_out: 0.0005
       Episode_Termination/base_contact: 0.9995
--------------------------------------------------------------------------------
                         Iteration time: 6.26s
                           Time elapsed: 00:18:02
                                    ETA: 02:18:25

################################################################################
[1m                          Learning iteration 173/1500                           [0m 

                            Total steps: 17104896 
                       Steps per second: 15752 
                        Collection time: 5.966s 
                          Learning time: 0.274s 
                        Mean value loss: 0.0512
                    Mean surrogate loss: -0.0024
                      Mean entropy loss: 13.4771
                            Mean reward: -0.03
                    Mean episode length: 87.12
                        Mean action std: 0.78
    Episode_Reward/track_lin_vel_xy_exp: 0.0353
     Episode_Reward/track_ang_vel_z_exp: 0.0168
            Episode_Reward/lin_vel_z_l2: 0.0000
           Episode_Reward/ang_vel_xy_l2: -0.0238
          Episode_Reward/dof_torques_l2: -0.0045
              Episode_Reward/dof_acc_l2: -0.0208
          Episode_Reward/action_rate_l2: -0.0120
      Episode_Reward/undesired_contacts: -0.0022
     Episode_Reward/flat_orientation_l2: -0.0421
          Episode_Reward/dof_pos_limits: 0.0000
   Episode_Reward/disabled_legs_contact: -0.0044
    Episode_Reward/disabled_legs_height: 0.0529
     Episode_Reward/single_leg_air_time: -0.0001
         Episode_Reward/base_height_exp: 0.0075
              Curriculum/terrain_levels: 0.0000
                   Metrics/success_rate: 0.0000
     Metrics/base_velocity/error_vel_xy: 0.7674
    Metrics/base_velocity/error_vel_yaw: 0.9504
           Episode_Termination/time_out: 0.0005
       Episode_Termination/base_contact: 0.9995
--------------------------------------------------------------------------------
                         Iteration time: 6.24s
                           Time elapsed: 00:18:09
                                    ETA: 02:18:19

################################################################################
[1m                          Learning iteration 174/1500                           [0m 

                            Total steps: 17203200 
                       Steps per second: 15765 
                        Collection time: 5.958s 
                          Learning time: 0.277s 
                        Mean value loss: 0.0468
                    Mean surrogate loss: 0.0005
                      Mean entropy loss: 13.4741
                            Mean reward: 0.08
                    Mean episode length: 74.13
                        Mean action std: 0.78
    Episode_Reward/track_lin_vel_xy_exp: 0.0325
     Episode_Reward/track_ang_vel_z_exp: 0.0181
            Episode_Reward/lin_vel_z_l2: 0.0000
           Episode_Reward/ang_vel_xy_l2: -0.0238
          Episode_Reward/dof_torques_l2: -0.0046
              Episode_Reward/dof_acc_l2: -0.0214
          Episode_Reward/action_rate_l2: -0.0123
      Episode_Reward/undesired_contacts: -0.0026
     Episode_Reward/flat_orientation_l2: -0.0425
          Episode_Reward/dof_pos_limits: 0.0000
   Episode_Reward/disabled_legs_contact: -0.0052
    Episode_Reward/disabled_legs_height: 0.0552
     Episode_Reward/single_leg_air_time: -0.0001
         Episode_Reward/base_height_exp: 0.0079
              Curriculum/terrain_levels: 0.0000
                   Metrics/success_rate: 0.0000
     Metrics/base_velocity/error_vel_xy: 0.7861
    Metrics/base_velocity/error_vel_yaw: 0.9323
           Episode_Termination/time_out: 0.0003
       Episode_Termination/base_contact: 0.9997
--------------------------------------------------------------------------------
                         Iteration time: 6.24s
                           Time elapsed: 00:18:15
                                    ETA: 02:18:12

################################################################################
[1m                          Learning iteration 175/1500                           [0m 

                            Total steps: 17301504 
                       Steps per second: 15684 
                        Collection time: 5.991s 
                          Learning time: 0.277s 
                        Mean value loss: 0.0351
                    Mean surrogate loss: 0.0025
                      Mean entropy loss: 13.4766
                            Mean reward: 0.14
                    Mean episode length: 79.31
                        Mean action std: 0.78
    Episode_Reward/track_lin_vel_xy_exp: 0.0336
     Episode_Reward/track_ang_vel_z_exp: 0.0185
            Episode_Reward/lin_vel_z_l2: 0.0000
           Episode_Reward/ang_vel_xy_l2: -0.0239
          Episode_Reward/dof_torques_l2: -0.0047
              Episode_Reward/dof_acc_l2: -0.0218
          Episode_Reward/action_rate_l2: -0.0126
      Episode_Reward/undesired_contacts: -0.0021
     Episode_Reward/flat_orientation_l2: -0.0442
          Episode_Reward/dof_pos_limits: 0.0000
   Episode_Reward/disabled_legs_contact: -0.0050
    Episode_Reward/disabled_legs_height: 0.0561
     Episode_Reward/single_leg_air_time: -0.0001
         Episode_Reward/base_height_exp: 0.0086
              Curriculum/terrain_levels: 0.0000
                   Metrics/success_rate: 0.0000
     Metrics/base_velocity/error_vel_xy: 0.7848
    Metrics/base_velocity/error_vel_yaw: 0.9211
           Episode_Termination/time_out: 0.0002
       Episode_Termination/base_contact: 0.9998
--------------------------------------------------------------------------------
                         Iteration time: 6.27s
                           Time elapsed: 00:18:21
                                    ETA: 02:18:06

################################################################################
[1m                          Learning iteration 176/1500                           [0m 

                            Total steps: 17399808 
                       Steps per second: 15545 
                        Collection time: 6.048s 
                          Learning time: 0.276s 
                        Mean value loss: 0.0431
                    Mean surrogate loss: -0.0034
                      Mean entropy loss: 13.4779
                            Mean reward: 0.01
                    Mean episode length: 83.09
                        Mean action std: 0.78
    Episode_Reward/track_lin_vel_xy_exp: 0.0332
     Episode_Reward/track_ang_vel_z_exp: 0.0188
            Episode_Reward/lin_vel_z_l2: 0.0000
           Episode_Reward/ang_vel_xy_l2: -0.0239
          Episode_Reward/dof_torques_l2: -0.0048
              Episode_Reward/dof_acc_l2: -0.0218
          Episode_Reward/action_rate_l2: -0.0128
      Episode_Reward/undesired_contacts: -0.0024
     Episode_Reward/flat_orientation_l2: -0.0446
          Episode_Reward/dof_pos_limits: 0.0000
   Episode_Reward/disabled_legs_contact: -0.0053
    Episode_Reward/disabled_legs_height: 0.0553
     Episode_Reward/single_leg_air_time: -0.0001
         Episode_Reward/base_height_exp: 0.0078
              Curriculum/terrain_levels: 0.0000
                   Metrics/success_rate: 0.0000
     Metrics/base_velocity/error_vel_xy: 0.7870
    Metrics/base_velocity/error_vel_yaw: 0.9150
           Episode_Termination/time_out: 0.0002
       Episode_Termination/base_contact: 0.9998
--------------------------------------------------------------------------------
                         Iteration time: 6.32s
                           Time elapsed: 00:18:27
                                    ETA: 02:18:00

################################################################################
[1m                          Learning iteration 177/1500                           [0m 

                            Total steps: 17498112 
                       Steps per second: 15536 
                        Collection time: 6.051s 
                          Learning time: 0.277s 
                        Mean value loss: 0.0476
                    Mean surrogate loss: -0.0028
                      Mean entropy loss: 13.4837
                            Mean reward: 0.21
                    Mean episode length: 89.94
                        Mean action std: 0.78
    Episode_Reward/track_lin_vel_xy_exp: 0.0369
     Episode_Reward/track_ang_vel_z_exp: 0.0199
            Episode_Reward/lin_vel_z_l2: 0.0000
           Episode_Reward/ang_vel_xy_l2: -0.0240
          Episode_Reward/dof_torques_l2: -0.0050
              Episode_Reward/dof_acc_l2: -0.0225
          Episode_Reward/action_rate_l2: -0.0135
      Episode_Reward/undesired_contacts: -0.0025
     Episode_Reward/flat_orientation_l2: -0.0471
          Episode_Reward/dof_pos_limits: 0.0000
   Episode_Reward/disabled_legs_contact: -0.0057
    Episode_Reward/disabled_legs_height: 0.0581
     Episode_Reward/single_leg_air_time: -0.0001
         Episode_Reward/base_height_exp: 0.0086
              Curriculum/terrain_levels: 0.0000
                   Metrics/success_rate: 0.0000
     Metrics/base_velocity/error_vel_xy: 0.7844
    Metrics/base_velocity/error_vel_yaw: 0.9055
           Episode_Termination/time_out: 0.0004
       Episode_Termination/base_contact: 0.9996
--------------------------------------------------------------------------------
                         Iteration time: 6.33s
                           Time elapsed: 00:18:34
                                    ETA: 02:17:54

################################################################################
[1m                          Learning iteration 178/1500                           [0m 

                            Total steps: 17596416 
                       Steps per second: 15562 
                        Collection time: 6.039s 
                          Learning time: 0.277s 
                        Mean value loss: 0.0734
                    Mean surrogate loss: -0.0025
                      Mean entropy loss: 13.4905
                            Mean reward: 0.09
                    Mean episode length: 97.43
                        Mean action std: 0.78
    Episode_Reward/track_lin_vel_xy_exp: 0.0354
     Episode_Reward/track_ang_vel_z_exp: 0.0192
            Episode_Reward/lin_vel_z_l2: 0.0000
           Episode_Reward/ang_vel_xy_l2: -0.0241
          Episode_Reward/dof_torques_l2: -0.0050
              Episode_Reward/dof_acc_l2: -0.0231
          Episode_Reward/action_rate_l2: -0.0135
      Episode_Reward/undesired_contacts: -0.0025
     Episode_Reward/flat_orientation_l2: -0.0469
          Episode_Reward/dof_pos_limits: 0.0000
   Episode_Reward/disabled_legs_contact: -0.0060
    Episode_Reward/disabled_legs_height: 0.0617
     Episode_Reward/single_leg_air_time: -0.0001
         Episode_Reward/base_height_exp: 0.0084
              Curriculum/terrain_levels: 0.0000
                   Metrics/success_rate: 0.0000
     Metrics/base_velocity/error_vel_xy: 0.7972
    Metrics/base_velocity/error_vel_yaw: 0.9253
           Episode_Termination/time_out: 0.0005
       Episode_Termination/base_contact: 0.9995
--------------------------------------------------------------------------------
                         Iteration time: 6.32s
                           Time elapsed: 00:18:40
                                    ETA: 02:17:49

################################################################################
[1m                          Learning iteration 179/1500                           [0m 

                            Total steps: 17694720 
                       Steps per second: 15523 
                        Collection time: 6.055s 
                          Learning time: 0.278s 
                        Mean value loss: 0.0424
                    Mean surrogate loss: -0.0010
                      Mean entropy loss: 13.4934
                            Mean reward: 0.15
                    Mean episode length: 98.11
                        Mean action std: 0.78
    Episode_Reward/track_lin_vel_xy_exp: 0.0375
     Episode_Reward/track_ang_vel_z_exp: 0.0204
            Episode_Reward/lin_vel_z_l2: 0.0000
           Episode_Reward/ang_vel_xy_l2: -0.0240
          Episode_Reward/dof_torques_l2: -0.0052
              Episode_Reward/dof_acc_l2: -0.0228
          Episode_Reward/action_rate_l2: -0.0138
      Episode_Reward/undesired_contacts: -0.0020
     Episode_Reward/flat_orientation_l2: -0.0483
          Episode_Reward/dof_pos_limits: 0.0000
   Episode_Reward/disabled_legs_contact: -0.0051
    Episode_Reward/disabled_legs_height: 0.0593
     Episode_Reward/single_leg_air_time: -0.0002
         Episode_Reward/base_height_exp: 0.0089
              Curriculum/terrain_levels: 0.0000
                   Metrics/success_rate: 0.0000
     Metrics/base_velocity/error_vel_xy: 0.7802
    Metrics/base_velocity/error_vel_yaw: 0.8978
           Episode_Termination/time_out: 0.0005
       Episode_Termination/base_contact: 0.9995
--------------------------------------------------------------------------------
                         Iteration time: 6.33s
                           Time elapsed: 00:18:46
                                    ETA: 02:17:43

################################################################################
[1m                          Learning iteration 180/1500                           [0m 

                            Total steps: 17793024 
                       Steps per second: 15579 
                        Collection time: 6.033s 
                          Learning time: 0.277s 
                        Mean value loss: 0.0443
                    Mean surrogate loss: -0.0004
                      Mean entropy loss: 13.4998
                            Mean reward: 0.21
                    Mean episode length: 97.24
                        Mean action std: 0.78
    Episode_Reward/track_lin_vel_xy_exp: 0.0375
     Episode_Reward/track_ang_vel_z_exp: 0.0214
            Episode_Reward/lin_vel_z_l2: 0.0000
           Episode_Reward/ang_vel_xy_l2: -0.0247
          Episode_Reward/dof_torques_l2: -0.0057
              Episode_Reward/dof_acc_l2: -0.0249
          Episode_Reward/action_rate_l2: -0.0148
      Episode_Reward/undesired_contacts: -0.0024
     Episode_Reward/flat_orientation_l2: -0.0501
          Episode_Reward/dof_pos_limits: 0.0000
   Episode_Reward/disabled_legs_contact: -0.0080
    Episode_Reward/disabled_legs_height: 0.0663
     Episode_Reward/single_leg_air_time: -0.0002
         Episode_Reward/base_height_exp: 0.0099
              Curriculum/terrain_levels: 0.0000
                   Metrics/success_rate: 0.0000
     Metrics/base_velocity/error_vel_xy: 0.7839
    Metrics/base_velocity/error_vel_yaw: 0.8883
           Episode_Termination/time_out: 0.0006
       Episode_Termination/base_contact: 0.9994
--------------------------------------------------------------------------------
                         Iteration time: 6.31s
                           Time elapsed: 00:18:53
                                    ETA: 02:17:37

################################################################################
[1m                          Learning iteration 181/1500                           [0m 

                            Total steps: 17891328 
                       Steps per second: 15575 
                        Collection time: 6.034s 
                          Learning time: 0.278s 
                        Mean value loss: 0.0435
                    Mean surrogate loss: -0.0006
                      Mean entropy loss: 13.4967
                            Mean reward: 0.19
                    Mean episode length: 92.29
                        Mean action std: 0.78
    Episode_Reward/track_lin_vel_xy_exp: 0.0410
     Episode_Reward/track_ang_vel_z_exp: 0.0231
            Episode_Reward/lin_vel_z_l2: 0.0000
           Episode_Reward/ang_vel_xy_l2: -0.0252
          Episode_Reward/dof_torques_l2: -0.0058
              Episode_Reward/dof_acc_l2: -0.0256
          Episode_Reward/action_rate_l2: -0.0154
      Episode_Reward/undesired_contacts: -0.0024
     Episode_Reward/flat_orientation_l2: -0.0524
          Episode_Reward/dof_pos_limits: 0.0000
   Episode_Reward/disabled_legs_contact: -0.0077
    Episode_Reward/disabled_legs_height: 0.0674
     Episode_Reward/single_leg_air_time: -0.0002
         Episode_Reward/base_height_exp: 0.0107
              Curriculum/terrain_levels: 0.0000
                   Metrics/success_rate: 0.0000
     Metrics/base_velocity/error_vel_xy: 0.7892
    Metrics/base_velocity/error_vel_yaw: 0.8780
           Episode_Termination/time_out: 0.0007
       Episode_Termination/base_contact: 0.9993
--------------------------------------------------------------------------------
                         Iteration time: 6.31s
                           Time elapsed: 00:18:59
                                    ETA: 02:17:31

################################################################################
[1m                          Learning iteration 182/1500                           [0m 

                            Total steps: 17989632 
                       Steps per second: 15526 
                        Collection time: 6.053s 
                          Learning time: 0.278s 
                        Mean value loss: 0.0355
                    Mean surrogate loss: -0.0028
                      Mean entropy loss: 13.4966
                            Mean reward: 0.39
                    Mean episode length: 111.49
                        Mean action std: 0.78
    Episode_Reward/track_lin_vel_xy_exp: 0.0464
     Episode_Reward/track_ang_vel_z_exp: 0.0243
            Episode_Reward/lin_vel_z_l2: 0.0000
           Episode_Reward/ang_vel_xy_l2: -0.0253
          Episode_Reward/dof_torques_l2: -0.0061
              Episode_Reward/dof_acc_l2: -0.0260
          Episode_Reward/action_rate_l2: -0.0161
      Episode_Reward/undesired_contacts: -0.0032
     Episode_Reward/flat_orientation_l2: -0.0553
          Episode_Reward/dof_pos_limits: 0.0000
   Episode_Reward/disabled_legs_contact: -0.0081
    Episode_Reward/disabled_legs_height: 0.0675
     Episode_Reward/single_leg_air_time: -0.0002
         Episode_Reward/base_height_exp: 0.0107
              Curriculum/terrain_levels: 0.0000
                   Metrics/success_rate: 0.0000
     Metrics/base_velocity/error_vel_xy: 0.7503
    Metrics/base_velocity/error_vel_yaw: 0.8681
           Episode_Termination/time_out: 0.0007
       Episode_Termination/base_contact: 0.9993
--------------------------------------------------------------------------------
                         Iteration time: 6.33s
                           Time elapsed: 00:19:05
                                    ETA: 02:17:25

################################################################################
[1m                          Learning iteration 183/1500                           [0m 

                            Total steps: 18087936 
                       Steps per second: 15529 
                        Collection time: 6.056s 
                          Learning time: 0.275s 
                        Mean value loss: 0.0296
                    Mean surrogate loss: 0.0039
                      Mean entropy loss: 13.4969
                            Mean reward: 0.38
                    Mean episode length: 112.55
                        Mean action std: 0.78
    Episode_Reward/track_lin_vel_xy_exp: 0.0499
     Episode_Reward/track_ang_vel_z_exp: 0.0260
            Episode_Reward/lin_vel_z_l2: 0.0000
           Episode_Reward/ang_vel_xy_l2: -0.0256
          Episode_Reward/dof_torques_l2: -0.0065
              Episode_Reward/dof_acc_l2: -0.0269
          Episode_Reward/action_rate_l2: -0.0169
      Episode_Reward/undesired_contacts: -0.0025
     Episode_Reward/flat_orientation_l2: -0.0575
          Episode_Reward/dof_pos_limits: 0.0000
   Episode_Reward/disabled_legs_contact: -0.0084
    Episode_Reward/disabled_legs_height: 0.0750
     Episode_Reward/single_leg_air_time: -0.0002
         Episode_Reward/base_height_exp: 0.0104
              Curriculum/terrain_levels: 0.0000
                   Metrics/success_rate: 0.0043
     Metrics/base_velocity/error_vel_xy: 0.7629
    Metrics/base_velocity/error_vel_yaw: 0.8626
           Episode_Termination/time_out: 0.0007
       Episode_Termination/base_contact: 0.9993
--------------------------------------------------------------------------------
                         Iteration time: 6.33s
                           Time elapsed: 00:19:12
                                    ETA: 02:17:20

################################################################################
[1m                          Learning iteration 184/1500                           [0m 

                            Total steps: 18186240 
                       Steps per second: 15548 
                        Collection time: 6.045s 
                          Learning time: 0.277s 
                        Mean value loss: 0.0271
                    Mean surrogate loss: -0.0017
                      Mean entropy loss: 13.4929
                            Mean reward: 0.28
                    Mean episode length: 114.23
                        Mean action std: 0.78
    Episode_Reward/track_lin_vel_xy_exp: 0.0477
     Episode_Reward/track_ang_vel_z_exp: 0.0270
            Episode_Reward/lin_vel_z_l2: 0.0000
           Episode_Reward/ang_vel_xy_l2: -0.0261
          Episode_Reward/dof_torques_l2: -0.0067
              Episode_Reward/dof_acc_l2: -0.0287
          Episode_Reward/action_rate_l2: -0.0177
      Episode_Reward/undesired_contacts: -0.0027
     Episode_Reward/flat_orientation_l2: -0.0595
          Episode_Reward/dof_pos_limits: 0.0000
   Episode_Reward/disabled_legs_contact: -0.0095
    Episode_Reward/disabled_legs_height: 0.0791
     Episode_Reward/single_leg_air_time: -0.0002
         Episode_Reward/base_height_exp: 0.0142
              Curriculum/terrain_levels: 0.0000
                   Metrics/success_rate: 0.0000
     Metrics/base_velocity/error_vel_xy: 0.7762
    Metrics/base_velocity/error_vel_yaw: 0.8619
           Episode_Termination/time_out: 0.0009
       Episode_Termination/base_contact: 0.9991
--------------------------------------------------------------------------------
                         Iteration time: 6.32s
                           Time elapsed: 00:19:18
                                    ETA: 02:17:14

################################################################################
[1m                          Learning iteration 185/1500                           [0m 

                            Total steps: 18284544 
                       Steps per second: 15775 
                        Collection time: 5.955s 
                          Learning time: 0.277s 
                        Mean value loss: 0.0317
                    Mean surrogate loss: -0.0003
                      Mean entropy loss: 13.4845
                            Mean reward: 0.56
                    Mean episode length: 139.51
                        Mean action std: 0.78
    Episode_Reward/track_lin_vel_xy_exp: 0.0549
     Episode_Reward/track_ang_vel_z_exp: 0.0296
            Episode_Reward/lin_vel_z_l2: 0.0000
           Episode_Reward/ang_vel_xy_l2: -0.0271
          Episode_Reward/dof_torques_l2: -0.0074
              Episode_Reward/dof_acc_l2: -0.0310
          Episode_Reward/action_rate_l2: -0.0192
      Episode_Reward/undesired_contacts: -0.0016
     Episode_Reward/flat_orientation_l2: -0.0647
          Episode_Reward/dof_pos_limits: 0.0000
   Episode_Reward/disabled_legs_contact: -0.0099
    Episode_Reward/disabled_legs_height: 0.0813
     Episode_Reward/single_leg_air_time: -0.0002
         Episode_Reward/base_height_exp: 0.0156
              Curriculum/terrain_levels: 0.0000
                   Metrics/success_rate: 0.0000
     Metrics/base_velocity/error_vel_xy: 0.7817
    Metrics/base_velocity/error_vel_yaw: 0.8597
           Episode_Termination/time_out: 0.0010
       Episode_Termination/base_contact: 0.9990
--------------------------------------------------------------------------------
                         Iteration time: 6.23s
                           Time elapsed: 00:19:24
                                    ETA: 02:17:07

################################################################################
[1m                          Learning iteration 186/1500                           [0m 

                            Total steps: 18382848 
                       Steps per second: 15585 
                        Collection time: 6.032s 
                          Learning time: 0.276s 
                        Mean value loss: 0.0290
                    Mean surrogate loss: -0.0002
                      Mean entropy loss: 13.4824
                            Mean reward: 0.09
                    Mean episode length: 110.97
                        Mean action std: 0.78
    Episode_Reward/track_lin_vel_xy_exp: 0.0545
     Episode_Reward/track_ang_vel_z_exp: 0.0270
            Episode_Reward/lin_vel_z_l2: 0.0000
           Episode_Reward/ang_vel_xy_l2: -0.0270
          Episode_Reward/dof_torques_l2: -0.0070
              Episode_Reward/dof_acc_l2: -0.0296
          Episode_Reward/action_rate_l2: -0.0183
      Episode_Reward/undesired_contacts: -0.0021
     Episode_Reward/flat_orientation_l2: -0.0622
          Episode_Reward/dof_pos_limits: 0.0000
   Episode_Reward/disabled_legs_contact: -0.0095
    Episode_Reward/disabled_legs_height: 0.0842
     Episode_Reward/single_leg_air_time: -0.0002
         Episode_Reward/base_height_exp: 0.0120
              Curriculum/terrain_levels: 0.0000
                   Metrics/success_rate: 0.0000
     Metrics/base_velocity/error_vel_xy: 0.7563
    Metrics/base_velocity/error_vel_yaw: 0.8771
           Episode_Termination/time_out: 0.0010
       Episode_Termination/base_contact: 0.9990
--------------------------------------------------------------------------------
                         Iteration time: 6.31s
                           Time elapsed: 00:19:30
                                    ETA: 02:17:01

################################################################################
[1m                          Learning iteration 187/1500                           [0m 

                            Total steps: 18481152 
                       Steps per second: 15644 
                        Collection time: 6.006s 
                          Learning time: 0.277s 
                        Mean value loss: 0.0318
                    Mean surrogate loss: 0.0029
                      Mean entropy loss: 13.4860
                            Mean reward: 0.55
                    Mean episode length: 152.37
                        Mean action std: 0.78
    Episode_Reward/track_lin_vel_xy_exp: 0.0569
     Episode_Reward/track_ang_vel_z_exp: 0.0309
            Episode_Reward/lin_vel_z_l2: 0.0000
           Episode_Reward/ang_vel_xy_l2: -0.0282
          Episode_Reward/dof_torques_l2: -0.0079
              Episode_Reward/dof_acc_l2: -0.0322
          Episode_Reward/action_rate_l2: -0.0205
      Episode_Reward/undesired_contacts: -0.0025
     Episode_Reward/flat_orientation_l2: -0.0687
          Episode_Reward/dof_pos_limits: 0.0000
   Episode_Reward/disabled_legs_contact: -0.0114
    Episode_Reward/disabled_legs_height: 0.0884
     Episode_Reward/single_leg_air_time: -0.0002
         Episode_Reward/base_height_exp: 0.0154
              Curriculum/terrain_levels: 0.0000
                   Metrics/success_rate: 0.0000
     Metrics/base_velocity/error_vel_xy: 0.7531
    Metrics/base_velocity/error_vel_yaw: 0.8559
           Episode_Termination/time_out: 0.0011
       Episode_Termination/base_contact: 0.9989
--------------------------------------------------------------------------------
                         Iteration time: 6.28s
                           Time elapsed: 00:19:37
                                    ETA: 02:16:55

################################################################################
[1m                          Learning iteration 188/1500                           [0m 

                            Total steps: 18579456 
                       Steps per second: 15663 
                        Collection time: 6.001s 
                          Learning time: 0.275s 
                        Mean value loss: 0.0259
                    Mean surrogate loss: 0.0019
                      Mean entropy loss: 13.4844
                            Mean reward: 1.05
                    Mean episode length: 169.31
                        Mean action std: 0.78
    Episode_Reward/track_lin_vel_xy_exp: 0.0593
     Episode_Reward/track_ang_vel_z_exp: 0.0323
            Episode_Reward/lin_vel_z_l2: 0.0000
           Episode_Reward/ang_vel_xy_l2: -0.0294
          Episode_Reward/dof_torques_l2: -0.0086
              Episode_Reward/dof_acc_l2: -0.0339
          Episode_Reward/action_rate_l2: -0.0220
      Episode_Reward/undesired_contacts: -0.0017
     Episode_Reward/flat_orientation_l2: -0.0750
          Episode_Reward/dof_pos_limits: 0.0000
   Episode_Reward/disabled_legs_contact: -0.0103
    Episode_Reward/disabled_legs_height: 0.0986
     Episode_Reward/single_leg_air_time: -0.0002
         Episode_Reward/base_height_exp: 0.0175
              Curriculum/terrain_levels: 0.0000
                   Metrics/success_rate: 0.0000
     Metrics/base_velocity/error_vel_xy: 0.7808
    Metrics/base_velocity/error_vel_yaw: 0.8689
           Episode_Termination/time_out: 0.0015
       Episode_Termination/base_contact: 0.9985
--------------------------------------------------------------------------------
                         Iteration time: 6.28s
                           Time elapsed: 00:19:43
                                    ETA: 02:16:49

################################################################################
[1m                          Learning iteration 189/1500                           [0m 

                            Total steps: 18677760 
                       Steps per second: 15771 
                        Collection time: 5.958s 
                          Learning time: 0.275s 
                        Mean value loss: 0.0257
                    Mean surrogate loss: 0.0029
                      Mean entropy loss: 13.4831
                            Mean reward: 0.78
                    Mean episode length: 137.96
                        Mean action std: 0.78
    Episode_Reward/track_lin_vel_xy_exp: 0.0636
     Episode_Reward/track_ang_vel_z_exp: 0.0345
            Episode_Reward/lin_vel_z_l2: 0.0000
           Episode_Reward/ang_vel_xy_l2: -0.0295
          Episode_Reward/dof_torques_l2: -0.0086
              Episode_Reward/dof_acc_l2: -0.0343
          Episode_Reward/action_rate_l2: -0.0222
      Episode_Reward/undesired_contacts: -0.0017
     Episode_Reward/flat_orientation_l2: -0.0742
          Episode_Reward/dof_pos_limits: 0.0000
   Episode_Reward/disabled_legs_contact: -0.0100
    Episode_Reward/disabled_legs_height: 0.1024
     Episode_Reward/single_leg_air_time: -0.0002
         Episode_Reward/base_height_exp: 0.0177
              Curriculum/terrain_levels: 0.0000
                   Metrics/success_rate: 0.0026
     Metrics/base_velocity/error_vel_xy: 0.7743
    Metrics/base_velocity/error_vel_yaw: 0.8627
           Episode_Termination/time_out: 0.0015
       Episode_Termination/base_contact: 0.9985
--------------------------------------------------------------------------------
                         Iteration time: 6.23s
                           Time elapsed: 00:19:49
                                    ETA: 02:16:43

################################################################################
[1m                          Learning iteration 190/1500                           [0m 

                            Total steps: 18776064 
                       Steps per second: 15771 
                        Collection time: 5.956s 
                          Learning time: 0.277s 
                        Mean value loss: 0.0272
                    Mean surrogate loss: 0.0001
                      Mean entropy loss: 13.4831
                            Mean reward: 0.63
                    Mean episode length: 184.88
                        Mean action std: 0.78
    Episode_Reward/track_lin_vel_xy_exp: 0.0722
     Episode_Reward/track_ang_vel_z_exp: 0.0375
            Episode_Reward/lin_vel_z_l2: 0.0000
           Episode_Reward/ang_vel_xy_l2: -0.0308
          Episode_Reward/dof_torques_l2: -0.0098
              Episode_Reward/dof_acc_l2: -0.0371
          Episode_Reward/action_rate_l2: -0.0243
      Episode_Reward/undesired_contacts: -0.0026
     Episode_Reward/flat_orientation_l2: -0.0803
          Episode_Reward/dof_pos_limits: 0.0000
   Episode_Reward/disabled_legs_contact: -0.0153
    Episode_Reward/disabled_legs_height: 0.1006
     Episode_Reward/single_leg_air_time: -0.0003
         Episode_Reward/base_height_exp: 0.0209
              Curriculum/terrain_levels: 0.0000
                   Metrics/success_rate: 0.0000
     Metrics/base_velocity/error_vel_xy: 0.7480
    Metrics/base_velocity/error_vel_yaw: 0.8448
           Episode_Termination/time_out: 0.0016
       Episode_Termination/base_contact: 0.9984
--------------------------------------------------------------------------------
                         Iteration time: 6.23s
                           Time elapsed: 00:19:55
                                    ETA: 02:16:36

################################################################################
[1m                          Learning iteration 191/1500                           [0m 

                            Total steps: 18874368 
                       Steps per second: 15832 
                        Collection time: 5.931s 
                          Learning time: 0.278s 
                        Mean value loss: 0.0328
                    Mean surrogate loss: -0.0002
                      Mean entropy loss: 13.4796
                            Mean reward: 0.71
                    Mean episode length: 160.78
                        Mean action std: 0.78
    Episode_Reward/track_lin_vel_xy_exp: 0.0641
     Episode_Reward/track_ang_vel_z_exp: 0.0354
            Episode_Reward/lin_vel_z_l2: 0.0000
           Episode_Reward/ang_vel_xy_l2: -0.0307
          Episode_Reward/dof_torques_l2: -0.0096
              Episode_Reward/dof_acc_l2: -0.0369
          Episode_Reward/action_rate_l2: -0.0240
      Episode_Reward/undesired_contacts: -0.0018
     Episode_Reward/flat_orientation_l2: -0.0800
          Episode_Reward/dof_pos_limits: 0.0000
   Episode_Reward/disabled_legs_contact: -0.0129
    Episode_Reward/disabled_legs_height: 0.1042
     Episode_Reward/single_leg_air_time: -0.0002
         Episode_Reward/base_height_exp: 0.0226
              Curriculum/terrain_levels: 0.0000
                   Metrics/success_rate: 0.0000
     Metrics/base_velocity/error_vel_xy: 0.7563
    Metrics/base_velocity/error_vel_yaw: 0.8675
           Episode_Termination/time_out: 0.0020
       Episode_Termination/base_contact: 0.9980
--------------------------------------------------------------------------------
                         Iteration time: 6.21s
                           Time elapsed: 00:20:02
                                    ETA: 02:16:30

################################################################################
[1m                          Learning iteration 192/1500                           [0m 

                            Total steps: 18972672 
                       Steps per second: 15831 
                        Collection time: 5.932s 
                          Learning time: 0.277s 
                        Mean value loss: 0.0438
                    Mean surrogate loss: 0.0021
                      Mean entropy loss: 13.4738
                            Mean reward: 0.53
                    Mean episode length: 185.12
                        Mean action std: 0.78
    Episode_Reward/track_lin_vel_xy_exp: 0.0737
     Episode_Reward/track_ang_vel_z_exp: 0.0443
            Episode_Reward/lin_vel_z_l2: 0.0000
           Episode_Reward/ang_vel_xy_l2: -0.0329
          Episode_Reward/dof_torques_l2: -0.0111
              Episode_Reward/dof_acc_l2: -0.0416
          Episode_Reward/action_rate_l2: -0.0273
      Episode_Reward/undesired_contacts: -0.0027
     Episode_Reward/flat_orientation_l2: -0.0895
          Episode_Reward/dof_pos_limits: 0.0000
   Episode_Reward/disabled_legs_contact: -0.0172
    Episode_Reward/disabled_legs_height: 0.1190
     Episode_Reward/single_leg_air_time: -0.0003
         Episode_Reward/base_height_exp: 0.0218
              Curriculum/terrain_levels: 0.0000
                   Metrics/success_rate: 0.0000
     Metrics/base_velocity/error_vel_xy: 0.7629
    Metrics/base_velocity/error_vel_yaw: 0.8302
           Episode_Termination/time_out: 0.0018
       Episode_Termination/base_contact: 0.9982
--------------------------------------------------------------------------------
                         Iteration time: 6.21s
                           Time elapsed: 00:20:08
                                    ETA: 02:16:23

################################################################################
[1m                          Learning iteration 193/1500                           [0m 

                            Total steps: 19070976 
                       Steps per second: 15733 
                        Collection time: 5.972s 
                          Learning time: 0.276s 
                        Mean value loss: 0.0317
                    Mean surrogate loss: -0.0011
                      Mean entropy loss: 13.4667
                            Mean reward: 1.10
                    Mean episode length: 178.61
                        Mean action std: 0.77
    Episode_Reward/track_lin_vel_xy_exp: 0.0691
     Episode_Reward/track_ang_vel_z_exp: 0.0373
            Episode_Reward/lin_vel_z_l2: 0.0000
           Episode_Reward/ang_vel_xy_l2: -0.0318
          Episode_Reward/dof_torques_l2: -0.0102
              Episode_Reward/dof_acc_l2: -0.0392
          Episode_Reward/action_rate_l2: -0.0253
      Episode_Reward/undesired_contacts: -0.0026
     Episode_Reward/flat_orientation_l2: -0.0839
          Episode_Reward/dof_pos_limits: 0.0000
   Episode_Reward/disabled_legs_contact: -0.0116
    Episode_Reward/disabled_legs_height: 0.1161
     Episode_Reward/single_leg_air_time: -0.0003
         Episode_Reward/base_height_exp: 0.0225
              Curriculum/terrain_levels: 0.0000
                   Metrics/success_rate: 0.0000
     Metrics/base_velocity/error_vel_xy: 0.7634
    Metrics/base_velocity/error_vel_yaw: 0.8776
           Episode_Termination/time_out: 0.0021
       Episode_Termination/base_contact: 0.9979
--------------------------------------------------------------------------------
                         Iteration time: 6.25s
                           Time elapsed: 00:20:14
                                    ETA: 02:16:17

################################################################################
[1m                          Learning iteration 194/1500                           [0m 

                            Total steps: 19169280 
                       Steps per second: 15768 
                        Collection time: 5.957s 
                          Learning time: 0.277s 
                        Mean value loss: 0.0338
                    Mean surrogate loss: -0.0012
                      Mean entropy loss: 13.4592
                            Mean reward: 1.00
                    Mean episode length: 194.63
                        Mean action std: 0.77
    Episode_Reward/track_lin_vel_xy_exp: 0.0768
     Episode_Reward/track_ang_vel_z_exp: 0.0510
            Episode_Reward/lin_vel_z_l2: 0.0000
           Episode_Reward/ang_vel_xy_l2: -0.0363
          Episode_Reward/dof_torques_l2: -0.0132
              Episode_Reward/dof_acc_l2: -0.0482
          Episode_Reward/action_rate_l2: -0.0317
      Episode_Reward/undesired_contacts: -0.0035
     Episode_Reward/flat_orientation_l2: -0.0986
          Episode_Reward/dof_pos_limits: 0.0000
   Episode_Reward/disabled_legs_contact: -0.0245
    Episode_Reward/disabled_legs_height: 0.1422
     Episode_Reward/single_leg_air_time: -0.0002
         Episode_Reward/base_height_exp: 0.0340
              Curriculum/terrain_levels: 0.0000
                   Metrics/success_rate: 0.0000
     Metrics/base_velocity/error_vel_xy: 0.7716
    Metrics/base_velocity/error_vel_yaw: 0.8290
           Episode_Termination/time_out: 0.0027
       Episode_Termination/base_contact: 0.9973
--------------------------------------------------------------------------------
                         Iteration time: 6.23s
                           Time elapsed: 00:20:20
                                    ETA: 02:16:10

################################################################################
[1m                          Learning iteration 195/1500                           [0m 

                            Total steps: 19267584 
                       Steps per second: 15906 
                        Collection time: 5.903s 
                          Learning time: 0.278s 
                        Mean value loss: 0.0369
                    Mean surrogate loss: -0.0025
                      Mean entropy loss: 13.4631
                            Mean reward: 1.09
                    Mean episode length: 196.08
                        Mean action std: 0.78
    Episode_Reward/track_lin_vel_xy_exp: 0.0988
     Episode_Reward/track_ang_vel_z_exp: 0.0524
            Episode_Reward/lin_vel_z_l2: 0.0000
           Episode_Reward/ang_vel_xy_l2: -0.0351
          Episode_Reward/dof_torques_l2: -0.0125
              Episode_Reward/dof_acc_l2: -0.0452
          Episode_Reward/action_rate_l2: -0.0302
      Episode_Reward/undesired_contacts: -0.0027
     Episode_Reward/flat_orientation_l2: -0.0954
          Episode_Reward/dof_pos_limits: 0.0000
   Episode_Reward/disabled_legs_contact: -0.0201
    Episode_Reward/disabled_legs_height: 0.1296
     Episode_Reward/single_leg_air_time: -0.0002
         Episode_Reward/base_height_exp: 0.0270
              Curriculum/terrain_levels: 0.0000
                   Metrics/success_rate: 0.0074
     Metrics/base_velocity/error_vel_xy: 0.7468
    Metrics/base_velocity/error_vel_yaw: 0.8082
           Episode_Termination/time_out: 0.0036
       Episode_Termination/base_contact: 0.9964
--------------------------------------------------------------------------------
                         Iteration time: 6.18s
                           Time elapsed: 00:20:27
                                    ETA: 02:16:03

################################################################################
[1m                          Learning iteration 196/1500                           [0m 

                            Total steps: 19365888 
                       Steps per second: 15802 
                        Collection time: 5.944s 
                          Learning time: 0.277s 
                        Mean value loss: 0.0512
                    Mean surrogate loss: -0.0015
                      Mean entropy loss: 13.4595
                            Mean reward: 1.38
                    Mean episode length: 212.20
                        Mean action std: 0.77
    Episode_Reward/track_lin_vel_xy_exp: 0.0877
     Episode_Reward/track_ang_vel_z_exp: 0.0494
            Episode_Reward/lin_vel_z_l2: 0.0000
           Episode_Reward/ang_vel_xy_l2: -0.0344
          Episode_Reward/dof_torques_l2: -0.0120
              Episode_Reward/dof_acc_l2: -0.0436
          Episode_Reward/action_rate_l2: -0.0291
      Episode_Reward/undesired_contacts: -0.0032
     Episode_Reward/flat_orientation_l2: -0.0926
          Episode_Reward/dof_pos_limits: 0.0000
   Episode_Reward/disabled_legs_contact: -0.0171
    Episode_Reward/disabled_legs_height: 0.1222
     Episode_Reward/single_leg_air_time: -0.0003
         Episode_Reward/base_height_exp: 0.0268
              Curriculum/terrain_levels: 0.0000
                   Metrics/success_rate: 0.0032
     Metrics/base_velocity/error_vel_xy: 0.7640
    Metrics/base_velocity/error_vel_yaw: 0.8239
           Episode_Termination/time_out: 0.0043
       Episode_Termination/base_contact: 0.9957
--------------------------------------------------------------------------------
                         Iteration time: 6.22s
                           Time elapsed: 00:20:33
                                    ETA: 02:15:57

################################################################################
[1m                          Learning iteration 197/1500                           [0m 

                            Total steps: 19464192 
                       Steps per second: 15971 
                        Collection time: 5.878s 
                          Learning time: 0.277s 
                        Mean value loss: 0.0309
                    Mean surrogate loss: -0.0004
                      Mean entropy loss: 13.4525
                            Mean reward: 2.24
                    Mean episode length: 233.54
                        Mean action std: 0.77
    Episode_Reward/track_lin_vel_xy_exp: 0.0967
     Episode_Reward/track_ang_vel_z_exp: 0.0542
            Episode_Reward/lin_vel_z_l2: 0.0000
           Episode_Reward/ang_vel_xy_l2: -0.0372
          Episode_Reward/dof_torques_l2: -0.0136
              Episode_Reward/dof_acc_l2: -0.0486
          Episode_Reward/action_rate_l2: -0.0329
      Episode_Reward/undesired_contacts: -0.0041
     Episode_Reward/flat_orientation_l2: -0.1045
          Episode_Reward/dof_pos_limits: 0.0000
   Episode_Reward/disabled_legs_contact: -0.0222
    Episode_Reward/disabled_legs_height: 0.1507
     Episode_Reward/single_leg_air_time: -0.0002
         Episode_Reward/base_height_exp: 0.0295
              Curriculum/terrain_levels: 0.0000
                   Metrics/success_rate: 0.0060
     Metrics/base_velocity/error_vel_xy: 0.7491
    Metrics/base_velocity/error_vel_yaw: 0.8145
           Episode_Termination/time_out: 0.0046
       Episode_Termination/base_contact: 0.9954
--------------------------------------------------------------------------------
                         Iteration time: 6.16s
                           Time elapsed: 00:20:39
                                    ETA: 02:15:50

################################################################################
[1m                          Learning iteration 198/1500                           [0m 

                            Total steps: 19562496 
                       Steps per second: 15958 
                        Collection time: 5.883s 
                          Learning time: 0.278s 
                        Mean value loss: 0.0300
                    Mean surrogate loss: -0.0030
                      Mean entropy loss: 13.4459
                            Mean reward: 0.88
                    Mean episode length: 220.54
                        Mean action std: 0.77
    Episode_Reward/track_lin_vel_xy_exp: 0.0704
     Episode_Reward/track_ang_vel_z_exp: 0.0498
            Episode_Reward/lin_vel_z_l2: 0.0000
           Episode_Reward/ang_vel_xy_l2: -0.0365
          Episode_Reward/dof_torques_l2: -0.0130
              Episode_Reward/dof_acc_l2: -0.0483
          Episode_Reward/action_rate_l2: -0.0321
      Episode_Reward/undesired_contacts: -0.0036
     Episode_Reward/flat_orientation_l2: -0.1031
          Episode_Reward/dof_pos_limits: 0.0000
   Episode_Reward/disabled_legs_contact: -0.0165
    Episode_Reward/disabled_legs_height: 0.1431
     Episode_Reward/single_leg_air_time: -0.0002
         Episode_Reward/base_height_exp: 0.0319
              Curriculum/terrain_levels: 0.0000
                   Metrics/success_rate: 0.0000
     Metrics/base_velocity/error_vel_xy: 0.8041
    Metrics/base_velocity/error_vel_yaw: 0.8361
           Episode_Termination/time_out: 0.0047
       Episode_Termination/base_contact: 0.9953
--------------------------------------------------------------------------------
                         Iteration time: 6.16s
                           Time elapsed: 00:20:45
                                    ETA: 02:15:43

################################################################################
[1m                          Learning iteration 199/1500                           [0m 

                            Total steps: 19660800 
                       Steps per second: 15954 
                        Collection time: 5.882s 
                          Learning time: 0.280s 
                        Mean value loss: 0.0268
                    Mean surrogate loss: 0.0031
                      Mean entropy loss: 13.4441
                            Mean reward: 1.09
                    Mean episode length: 203.09
                        Mean action std: 0.77
    Episode_Reward/track_lin_vel_xy_exp: 0.0897
     Episode_Reward/track_ang_vel_z_exp: 0.0638
            Episode_Reward/lin_vel_z_l2: 0.0000
           Episode_Reward/ang_vel_xy_l2: -0.0379
          Episode_Reward/dof_torques_l2: -0.0138
              Episode_Reward/dof_acc_l2: -0.0505
          Episode_Reward/action_rate_l2: -0.0342
      Episode_Reward/undesired_contacts: -0.0035
     Episode_Reward/flat_orientation_l2: -0.1094
          Episode_Reward/dof_pos_limits: 0.0000
   Episode_Reward/disabled_legs_contact: -0.0177
    Episode_Reward/disabled_legs_height: 0.1537
     Episode_Reward/single_leg_air_time: -0.0002
         Episode_Reward/base_height_exp: 0.0319
              Curriculum/terrain_levels: 0.0000
                   Metrics/success_rate: 0.0000
     Metrics/base_velocity/error_vel_xy: 0.7728
    Metrics/base_velocity/error_vel_yaw: 0.7830
           Episode_Termination/time_out: 0.0056
       Episode_Termination/base_contact: 0.9944
--------------------------------------------------------------------------------
                         Iteration time: 6.16s
                           Time elapsed: 00:20:51
                                    ETA: 02:15:36

################################################################################
[1m                          Learning iteration 200/1500                           [0m 

                            Total steps: 19759104 
                       Steps per second: 16034 
                        Collection time: 5.853s 
                          Learning time: 0.278s 
                        Mean value loss: 0.0268
                    Mean surrogate loss: -0.0030
                      Mean entropy loss: 13.4453
                            Mean reward: 1.76
                    Mean episode length: 250.11
                        Mean action std: 0.77
    Episode_Reward/track_lin_vel_xy_exp: 0.1130
     Episode_Reward/track_ang_vel_z_exp: 0.0575
            Episode_Reward/lin_vel_z_l2: 0.0000
           Episode_Reward/ang_vel_xy_l2: -0.0379
          Episode_Reward/dof_torques_l2: -0.0141
              Episode_Reward/dof_acc_l2: -0.0510
          Episode_Reward/action_rate_l2: -0.0348
      Episode_Reward/undesired_contacts: -0.0039
     Episode_Reward/flat_orientation_l2: -0.1106
          Episode_Reward/dof_pos_limits: 0.0000
   Episode_Reward/disabled_legs_contact: -0.0179
    Episode_Reward/disabled_legs_height: 0.1450
     Episode_Reward/single_leg_air_time: -0.0002
         Episode_Reward/base_height_exp: 0.0310
              Curriculum/terrain_levels: 0.0000
                   Metrics/success_rate: 0.0119
     Metrics/base_velocity/error_vel_xy: 0.7526
    Metrics/base_velocity/error_vel_yaw: 0.8138
           Episode_Termination/time_out: 0.0058
       Episode_Termination/base_contact: 0.9942
--------------------------------------------------------------------------------
                         Iteration time: 6.13s
                           Time elapsed: 00:20:57
                                    ETA: 02:15:29

################################################################################
[1m                          Learning iteration 201/1500                           [0m 

                            Total steps: 19857408 
                       Steps per second: 16216 
                        Collection time: 5.785s 
                          Learning time: 0.277s 
                        Mean value loss: 0.0293
                    Mean surrogate loss: -0.0001
                      Mean entropy loss: 13.4490
                            Mean reward: 0.66
                    Mean episode length: 217.69
                        Mean action std: 0.77
    Episode_Reward/track_lin_vel_xy_exp: 0.0821
     Episode_Reward/track_ang_vel_z_exp: 0.0591
            Episode_Reward/lin_vel_z_l2: 0.0000
           Episode_Reward/ang_vel_xy_l2: -0.0389
          Episode_Reward/dof_torques_l2: -0.0144
              Episode_Reward/dof_acc_l2: -0.0517
          Episode_Reward/action_rate_l2: -0.0352
      Episode_Reward/undesired_contacts: -0.0059
     Episode_Reward/flat_orientation_l2: -0.1124
          Episode_Reward/dof_pos_limits: 0.0000
   Episode_Reward/disabled_legs_contact: -0.0195
    Episode_Reward/disabled_legs_height: 0.1393
     Episode_Reward/single_leg_air_time: -0.0002
         Episode_Reward/base_height_exp: 0.0321
              Curriculum/terrain_levels: 0.0000
                   Metrics/success_rate: 0.0000
     Metrics/base_velocity/error_vel_xy: 0.7927
    Metrics/base_velocity/error_vel_yaw: 0.7952
           Episode_Termination/time_out: 0.0063
       Episode_Termination/base_contact: 0.9937
--------------------------------------------------------------------------------
                         Iteration time: 6.06s
                           Time elapsed: 00:21:03
                                    ETA: 02:15:21

################################################################################
[1m                          Learning iteration 202/1500                           [0m 

                            Total steps: 19955712 
                       Steps per second: 16349 
                        Collection time: 5.732s 
                          Learning time: 0.280s 
                        Mean value loss: 0.0251
                    Mean surrogate loss: -0.0013
                      Mean entropy loss: 13.4528
                            Mean reward: 2.56
                    Mean episode length: 308.30
                        Mean action std: 0.77
    Episode_Reward/track_lin_vel_xy_exp: 0.1254
     Episode_Reward/track_ang_vel_z_exp: 0.0807
            Episode_Reward/lin_vel_z_l2: 0.0000
           Episode_Reward/ang_vel_xy_l2: -0.0440
          Episode_Reward/dof_torques_l2: -0.0180
              Episode_Reward/dof_acc_l2: -0.0641
          Episode_Reward/action_rate_l2: -0.0435
      Episode_Reward/undesired_contacts: -0.0052
     Episode_Reward/flat_orientation_l2: -0.1296
          Episode_Reward/dof_pos_limits: 0.0000
   Episode_Reward/disabled_legs_contact: -0.0342
    Episode_Reward/disabled_legs_height: 0.1999
     Episode_Reward/single_leg_air_time: -0.0003
         Episode_Reward/base_height_exp: 0.0523
              Curriculum/terrain_levels: 0.0000
                   Metrics/success_rate: 0.0104
     Metrics/base_velocity/error_vel_xy: 0.7817
    Metrics/base_velocity/error_vel_yaw: 0.7552
           Episode_Termination/time_out: 0.0071
       Episode_Termination/base_contact: 0.9929
--------------------------------------------------------------------------------
                         Iteration time: 6.01s
                           Time elapsed: 00:21:09
                                    ETA: 02:15:14

################################################################################
[1m                          Learning iteration 203/1500                           [0m 

                            Total steps: 20054016 
                       Steps per second: 16375 
                        Collection time: 5.726s 
                          Learning time: 0.277s 
                        Mean value loss: 0.0251
                    Mean surrogate loss: -0.0005
                      Mean entropy loss: 13.4445
                            Mean reward: 1.99
                    Mean episode length: 256.78
                        Mean action std: 0.77
    Episode_Reward/track_lin_vel_xy_exp: 0.1055
     Episode_Reward/track_ang_vel_z_exp: 0.0630
            Episode_Reward/lin_vel_z_l2: 0.0000
           Episode_Reward/ang_vel_xy_l2: -0.0400
          Episode_Reward/dof_torques_l2: -0.0152
              Episode_Reward/dof_acc_l2: -0.0547
          Episode_Reward/action_rate_l2: -0.0370
      Episode_Reward/undesired_contacts: -0.0036
     Episode_Reward/flat_orientation_l2: -0.1157
          Episode_Reward/dof_pos_limits: 0.0000
   Episode_Reward/disabled_legs_contact: -0.0230
    Episode_Reward/disabled_legs_height: 0.1697
     Episode_Reward/single_leg_air_time: -0.0003
         Episode_Reward/base_height_exp: 0.0418
              Curriculum/terrain_levels: 0.0000
                   Metrics/success_rate: 0.0146
     Metrics/base_velocity/error_vel_xy: 0.7685
    Metrics/base_velocity/error_vel_yaw: 0.8243
           Episode_Termination/time_out: 0.0090
       Episode_Termination/base_contact: 0.9910
--------------------------------------------------------------------------------
                         Iteration time: 6.00s
                           Time elapsed: 00:21:15
                                    ETA: 02:15:06

################################################################################
[1m                          Learning iteration 204/1500                           [0m 

                            Total steps: 20152320 
                       Steps per second: 16199 
                        Collection time: 5.792s 
                          Learning time: 0.276s 
                        Mean value loss: 0.0327
                    Mean surrogate loss: -0.0003
                      Mean entropy loss: 13.4370
                            Mean reward: 2.41
                    Mean episode length: 343.67
                        Mean action std: 0.77
    Episode_Reward/track_lin_vel_xy_exp: 0.1346
     Episode_Reward/track_ang_vel_z_exp: 0.0858
            Episode_Reward/lin_vel_z_l2: 0.0000
           Episode_Reward/ang_vel_xy_l2: -0.0483
          Episode_Reward/dof_torques_l2: -0.0205
              Episode_Reward/dof_acc_l2: -0.0717
          Episode_Reward/action_rate_l2: -0.0492
      Episode_Reward/undesired_contacts: -0.0050
     Episode_Reward/flat_orientation_l2: -0.1482
          Episode_Reward/dof_pos_limits: 0.0000
   Episode_Reward/disabled_legs_contact: -0.0332
    Episode_Reward/disabled_legs_height: 0.2182
     Episode_Reward/single_leg_air_time: -0.0003
         Episode_Reward/base_height_exp: 0.0489
              Curriculum/terrain_levels: 0.0000
                   Metrics/success_rate: 0.0000
     Metrics/base_velocity/error_vel_xy: 0.7658
    Metrics/base_velocity/error_vel_yaw: 0.7766
           Episode_Termination/time_out: 0.0102
       Episode_Termination/base_contact: 0.9898
--------------------------------------------------------------------------------
                         Iteration time: 6.07s
                           Time elapsed: 00:21:22
                                    ETA: 02:14:58

################################################################################
[1m                          Learning iteration 205/1500                           [0m 

                            Total steps: 20250624 
                       Steps per second: 16411 
                        Collection time: 5.715s 
                          Learning time: 0.275s 
                        Mean value loss: 0.0364
                    Mean surrogate loss: 0.0011
                      Mean entropy loss: 13.4272
                            Mean reward: 2.61
                    Mean episode length: 288.87
                        Mean action std: 0.77
    Episode_Reward/track_lin_vel_xy_exp: 0.1645
     Episode_Reward/track_ang_vel_z_exp: 0.0852
            Episode_Reward/lin_vel_z_l2: 0.0000
           Episode_Reward/ang_vel_xy_l2: -0.0460
          Episode_Reward/dof_torques_l2: -0.0197
              Episode_Reward/dof_acc_l2: -0.0672
          Episode_Reward/action_rate_l2: -0.0467
      Episode_Reward/undesired_contacts: -0.0042
     Episode_Reward/flat_orientation_l2: -0.1399
          Episode_Reward/dof_pos_limits: 0.0000
   Episode_Reward/disabled_legs_contact: -0.0308
    Episode_Reward/disabled_legs_height: 0.2053
     Episode_Reward/single_leg_air_time: -0.0003
         Episode_Reward/base_height_exp: 0.0452
              Curriculum/terrain_levels: 0.0000
                   Metrics/success_rate: 0.0171
     Metrics/base_velocity/error_vel_xy: 0.7504
    Metrics/base_velocity/error_vel_yaw: 0.7633
           Episode_Termination/time_out: 0.0128
       Episode_Termination/base_contact: 0.9872
--------------------------------------------------------------------------------
                         Iteration time: 5.99s
                           Time elapsed: 00:21:28
                                    ETA: 02:14:50

################################################################################
[1m                          Learning iteration 206/1500                           [0m 

                            Total steps: 20348928 
                       Steps per second: 16537 
                        Collection time: 5.667s 
                          Learning time: 0.277s 
                        Mean value loss: 0.0325
                    Mean surrogate loss: -0.0014
                      Mean entropy loss: 13.4262
                            Mean reward: 1.92
                    Mean episode length: 337.27
                        Mean action std: 0.77
    Episode_Reward/track_lin_vel_xy_exp: 0.1617
     Episode_Reward/track_ang_vel_z_exp: 0.0919
            Episode_Reward/lin_vel_z_l2: 0.0000
           Episode_Reward/ang_vel_xy_l2: -0.0490
          Episode_Reward/dof_torques_l2: -0.0212
              Episode_Reward/dof_acc_l2: -0.0751
          Episode_Reward/action_rate_l2: -0.0516
      Episode_Reward/undesired_contacts: -0.0048
     Episode_Reward/flat_orientation_l2: -0.1576
          Episode_Reward/dof_pos_limits: 0.0000
   Episode_Reward/disabled_legs_contact: -0.0312
    Episode_Reward/disabled_legs_height: 0.2235
     Episode_Reward/single_leg_air_time: -0.0003
         Episode_Reward/base_height_exp: 0.0479
              Curriculum/terrain_levels: 0.0000
                   Metrics/success_rate: 0.0083
     Metrics/base_velocity/error_vel_xy: 0.7167
    Metrics/base_velocity/error_vel_yaw: 0.7411
           Episode_Termination/time_out: 0.0146
       Episode_Termination/base_contact: 0.9854
--------------------------------------------------------------------------------
                         Iteration time: 5.94s
                           Time elapsed: 00:21:33
                                    ETA: 02:14:42

################################################################################
[1m                          Learning iteration 207/1500                           [0m 

                            Total steps: 20447232 
                       Steps per second: 16497 
                        Collection time: 5.682s 
                          Learning time: 0.277s 
                        Mean value loss: 0.0271
                    Mean surrogate loss: -0.0030
                      Mean entropy loss: 13.4221
                            Mean reward: 2.85
                    Mean episode length: 401.23
                        Mean action std: 0.77
    Episode_Reward/track_lin_vel_xy_exp: 0.1533
     Episode_Reward/track_ang_vel_z_exp: 0.0993
            Episode_Reward/lin_vel_z_l2: 0.0000
           Episode_Reward/ang_vel_xy_l2: -0.0531
          Episode_Reward/dof_torques_l2: -0.0240
              Episode_Reward/dof_acc_l2: -0.0835
          Episode_Reward/action_rate_l2: -0.0573
      Episode_Reward/undesired_contacts: -0.0041
     Episode_Reward/flat_orientation_l2: -0.1673
          Episode_Reward/dof_pos_limits: 0.0000
   Episode_Reward/disabled_legs_contact: -0.0434
    Episode_Reward/disabled_legs_height: 0.2385
     Episode_Reward/single_leg_air_time: -0.0003
         Episode_Reward/base_height_exp: 0.0565
              Curriculum/terrain_levels: 0.0000
                   Metrics/success_rate: 0.0042
     Metrics/base_velocity/error_vel_xy: 0.8029
    Metrics/base_velocity/error_vel_yaw: 0.7601
           Episode_Termination/time_out: 0.0180
       Episode_Termination/base_contact: 0.9820
--------------------------------------------------------------------------------
                         Iteration time: 5.96s
                           Time elapsed: 00:21:39
                                    ETA: 02:14:34

################################################################################
[1m                          Learning iteration 208/1500                           [0m 

                            Total steps: 20545536 
                       Steps per second: 16543 
                        Collection time: 5.667s 
                          Learning time: 0.275s 
                        Mean value loss: 0.0346
                    Mean surrogate loss: 0.0015
                      Mean entropy loss: 13.4146
                            Mean reward: 2.72
                    Mean episode length: 384.46
                        Mean action std: 0.77
    Episode_Reward/track_lin_vel_xy_exp: 0.1674
     Episode_Reward/track_ang_vel_z_exp: 0.0960
            Episode_Reward/lin_vel_z_l2: 0.0000
           Episode_Reward/ang_vel_xy_l2: -0.0553
          Episode_Reward/dof_torques_l2: -0.0248
              Episode_Reward/dof_acc_l2: -0.0856
          Episode_Reward/action_rate_l2: -0.0591
      Episode_Reward/undesired_contacts: -0.0051
     Episode_Reward/flat_orientation_l2: -0.1721
          Episode_Reward/dof_pos_limits: 0.0000
   Episode_Reward/disabled_legs_contact: -0.0475
    Episode_Reward/disabled_legs_height: 0.2741
     Episode_Reward/single_leg_air_time: -0.0004
         Episode_Reward/base_height_exp: 0.0633
              Curriculum/terrain_levels: 0.0000
                   Metrics/success_rate: 0.0000
     Metrics/base_velocity/error_vel_xy: 0.7457
    Metrics/base_velocity/error_vel_yaw: 0.7830
           Episode_Termination/time_out: 0.0232
       Episode_Termination/base_contact: 0.9768
--------------------------------------------------------------------------------
                         Iteration time: 5.94s
                           Time elapsed: 00:21:45
                                    ETA: 02:14:26

################################################################################
[1m                          Learning iteration 209/1500                           [0m 

                            Total steps: 20643840 
                       Steps per second: 16653 
                        Collection time: 5.626s 
                          Learning time: 0.277s 
                        Mean value loss: 0.0302
                    Mean surrogate loss: -0.0004
                      Mean entropy loss: 13.4141
                            Mean reward: 3.12
                    Mean episode length: 423.99
                        Mean action std: 0.77
    Episode_Reward/track_lin_vel_xy_exp: 0.1965
     Episode_Reward/track_ang_vel_z_exp: 0.1228
            Episode_Reward/lin_vel_z_l2: 0.0000
           Episode_Reward/ang_vel_xy_l2: -0.0586
          Episode_Reward/dof_torques_l2: -0.0286
              Episode_Reward/dof_acc_l2: -0.0979
          Episode_Reward/action_rate_l2: -0.0682
      Episode_Reward/undesired_contacts: -0.0048
     Episode_Reward/flat_orientation_l2: -0.1901
          Episode_Reward/dof_pos_limits: 0.0000
   Episode_Reward/disabled_legs_contact: -0.0613
    Episode_Reward/disabled_legs_height: 0.2811
     Episode_Reward/single_leg_air_time: -0.0004
         Episode_Reward/base_height_exp: 0.0722
              Curriculum/terrain_levels: 0.0000
                   Metrics/success_rate: 0.0042
     Metrics/base_velocity/error_vel_xy: 0.7698
    Metrics/base_velocity/error_vel_yaw: 0.7176
           Episode_Termination/time_out: 0.0282
       Episode_Termination/base_contact: 0.9718
--------------------------------------------------------------------------------
                         Iteration time: 5.90s
                           Time elapsed: 00:21:51
                                    ETA: 02:14:18

################################################################################
[1m                          Learning iteration 210/1500                           [0m 

                            Total steps: 20742144 
                       Steps per second: 16500 
                        Collection time: 5.681s 
                          Learning time: 0.277s 
                        Mean value loss: 0.0272
                    Mean surrogate loss: 0.0023
                      Mean entropy loss: 13.4122
                            Mean reward: 3.76
                    Mean episode length: 470.58
                        Mean action std: 0.77
    Episode_Reward/track_lin_vel_xy_exp: 0.2108
     Episode_Reward/track_ang_vel_z_exp: 0.1244
            Episode_Reward/lin_vel_z_l2: 0.0000
           Episode_Reward/ang_vel_xy_l2: -0.0623
          Episode_Reward/dof_torques_l2: -0.0291
              Episode_Reward/dof_acc_l2: -0.0998
          Episode_Reward/action_rate_l2: -0.0691
      Episode_Reward/undesired_contacts: -0.0031
     Episode_Reward/flat_orientation_l2: -0.1985
          Episode_Reward/dof_pos_limits: 0.0000
   Episode_Reward/disabled_legs_contact: -0.0526
    Episode_Reward/disabled_legs_height: 0.2945
     Episode_Reward/single_leg_air_time: -0.0003
         Episode_Reward/base_height_exp: 0.0714
              Curriculum/terrain_levels: 0.0000
                   Metrics/success_rate: 0.0042
     Metrics/base_velocity/error_vel_xy: 0.7506
    Metrics/base_velocity/error_vel_yaw: 0.7424
           Episode_Termination/time_out: 0.0365
       Episode_Termination/base_contact: 0.9635
--------------------------------------------------------------------------------
                         Iteration time: 5.96s
                           Time elapsed: 00:21:57
                                    ETA: 02:14:10

################################################################################
[1m                          Learning iteration 211/1500                           [0m 

                            Total steps: 20840448 
                       Steps per second: 16704 
                        Collection time: 5.610s 
                          Learning time: 0.275s 
                        Mean value loss: 0.0309
                    Mean surrogate loss: -0.0025
                      Mean entropy loss: 13.4057
                            Mean reward: 2.58
                    Mean episode length: 518.20
                        Mean action std: 0.77
    Episode_Reward/track_lin_vel_xy_exp: 0.2025
     Episode_Reward/track_ang_vel_z_exp: 0.1326
            Episode_Reward/lin_vel_z_l2: 0.0000
           Episode_Reward/ang_vel_xy_l2: -0.0647
          Episode_Reward/dof_torques_l2: -0.0324
              Episode_Reward/dof_acc_l2: -0.1104
          Episode_Reward/action_rate_l2: -0.0758
      Episode_Reward/undesired_contacts: -0.0043
     Episode_Reward/flat_orientation_l2: -0.2095
          Episode_Reward/dof_pos_limits: 0.0000
   Episode_Reward/disabled_legs_contact: -0.0644
    Episode_Reward/disabled_legs_height: 0.3059
     Episode_Reward/single_leg_air_time: -0.0004
         Episode_Reward/base_height_exp: 0.0789
              Curriculum/terrain_levels: 0.0000
                   Metrics/success_rate: 0.0000
     Metrics/base_velocity/error_vel_xy: 0.7535
    Metrics/base_velocity/error_vel_yaw: 0.7585
           Episode_Termination/time_out: 0.0474
       Episode_Termination/base_contact: 0.9526
--------------------------------------------------------------------------------
                         Iteration time: 5.89s
                           Time elapsed: 00:22:03
                                    ETA: 02:14:01

################################################################################
[1m                          Learning iteration 212/1500                           [0m 

                            Total steps: 20938752 
                       Steps per second: 16648 
                        Collection time: 5.626s 
                          Learning time: 0.279s 
                        Mean value loss: 0.0294
                    Mean surrogate loss: 0.0000
                      Mean entropy loss: 13.4020
                            Mean reward: 2.52
                    Mean episode length: 464.13
                        Mean action std: 0.77
    Episode_Reward/track_lin_vel_xy_exp: 0.2004
     Episode_Reward/track_ang_vel_z_exp: 0.1332
            Episode_Reward/lin_vel_z_l2: 0.0000
           Episode_Reward/ang_vel_xy_l2: -0.0638
          Episode_Reward/dof_torques_l2: -0.0305
              Episode_Reward/dof_acc_l2: -0.1073
          Episode_Reward/action_rate_l2: -0.0728
      Episode_Reward/undesired_contacts: -0.0039
     Episode_Reward/flat_orientation_l2: -0.2094
          Episode_Reward/dof_pos_limits: 0.0000
   Episode_Reward/disabled_legs_contact: -0.0503
    Episode_Reward/disabled_legs_height: 0.2756
     Episode_Reward/single_leg_air_time: -0.0004
         Episode_Reward/base_height_exp: 0.0642
              Curriculum/terrain_levels: 0.0000
                   Metrics/success_rate: 0.0000
     Metrics/base_velocity/error_vel_xy: 0.7420
    Metrics/base_velocity/error_vel_yaw: 0.7330
           Episode_Termination/time_out: 0.0597
       Episode_Termination/base_contact: 0.9403
--------------------------------------------------------------------------------
                         Iteration time: 5.90s
                           Time elapsed: 00:22:09
                                    ETA: 02:13:53

################################################################################
[1m                          Learning iteration 213/1500                           [0m 

                            Total steps: 21037056 
                       Steps per second: 16557 
                        Collection time: 5.659s 
                          Learning time: 0.278s 
                        Mean value loss: 0.0325
                    Mean surrogate loss: -0.0018
                      Mean entropy loss: 13.4000
                            Mean reward: 4.77
                    Mean episode length: 611.11
                        Mean action std: 0.77
    Episode_Reward/track_lin_vel_xy_exp: 0.2406
     Episode_Reward/track_ang_vel_z_exp: 0.1647
            Episode_Reward/lin_vel_z_l2: 0.0000
           Episode_Reward/ang_vel_xy_l2: -0.0764
          Episode_Reward/dof_torques_l2: -0.0392
              Episode_Reward/dof_acc_l2: -0.1355
          Episode_Reward/action_rate_l2: -0.0927
      Episode_Reward/undesired_contacts: -0.0052
     Episode_Reward/flat_orientation_l2: -0.2552
          Episode_Reward/dof_pos_limits: 0.0000
   Episode_Reward/disabled_legs_contact: -0.0773
    Episode_Reward/disabled_legs_height: 0.3972
     Episode_Reward/single_leg_air_time: -0.0005
         Episode_Reward/base_height_exp: 0.0865
              Curriculum/terrain_levels: 0.0000
                   Metrics/success_rate: 0.0000
     Metrics/base_velocity/error_vel_xy: 0.7677
    Metrics/base_velocity/error_vel_yaw: 0.7294
           Episode_Termination/time_out: 0.0715
       Episode_Termination/base_contact: 0.9285
--------------------------------------------------------------------------------
                         Iteration time: 5.94s
                           Time elapsed: 00:22:15
                                    ETA: 02:13:45

################################################################################
[1m                          Learning iteration 214/1500                           [0m 

                            Total steps: 21135360 
                       Steps per second: 16572 
                        Collection time: 5.655s 
                          Learning time: 0.277s 
                        Mean value loss: 0.0339
                    Mean surrogate loss: -0.0035
                      Mean entropy loss: 13.3963
                            Mean reward: 4.29
                    Mean episode length: 638.48
                        Mean action std: 0.77
    Episode_Reward/track_lin_vel_xy_exp: 0.2444
     Episode_Reward/track_ang_vel_z_exp: 0.1690
            Episode_Reward/lin_vel_z_l2: 0.0000
           Episode_Reward/ang_vel_xy_l2: -0.0731
          Episode_Reward/dof_torques_l2: -0.0386
              Episode_Reward/dof_acc_l2: -0.1284
          Episode_Reward/action_rate_l2: -0.0897
      Episode_Reward/undesired_contacts: -0.0026
     Episode_Reward/flat_orientation_l2: -0.2464
          Episode_Reward/dof_pos_limits: 0.0000
   Episode_Reward/disabled_legs_contact: -0.0647
    Episode_Reward/disabled_legs_height: 0.3251
     Episode_Reward/single_leg_air_time: -0.0005
         Episode_Reward/base_height_exp: 0.0700
              Curriculum/terrain_levels: 0.0000
                   Metrics/success_rate: 0.0101
     Metrics/base_velocity/error_vel_xy: 0.7583
    Metrics/base_velocity/error_vel_yaw: 0.6935
           Episode_Termination/time_out: 0.0889
       Episode_Termination/base_contact: 0.9111
--------------------------------------------------------------------------------
                         Iteration time: 5.93s
                           Time elapsed: 00:22:21
                                    ETA: 02:13:37

################################################################################
[1m                          Learning iteration 215/1500                           [0m 

                            Total steps: 21233664 
                       Steps per second: 16628 
                        Collection time: 5.638s 
                          Learning time: 0.274s 
                        Mean value loss: 0.0431
                    Mean surrogate loss: -0.0011
                      Mean entropy loss: 13.3968
                            Mean reward: 4.23
                    Mean episode length: 627.84
                        Mean action std: 0.77
    Episode_Reward/track_lin_vel_xy_exp: 0.2493
     Episode_Reward/track_ang_vel_z_exp: 0.1760
            Episode_Reward/lin_vel_z_l2: 0.0000
           Episode_Reward/ang_vel_xy_l2: -0.0787
          Episode_Reward/dof_torques_l2: -0.0418
              Episode_Reward/dof_acc_l2: -0.1385
          Episode_Reward/action_rate_l2: -0.0978
      Episode_Reward/undesired_contacts: -0.0032
     Episode_Reward/flat_orientation_l2: -0.2618
          Episode_Reward/dof_pos_limits: 0.0000
   Episode_Reward/disabled_legs_contact: -0.0827
    Episode_Reward/disabled_legs_height: 0.3706
     Episode_Reward/single_leg_air_time: -0.0006
         Episode_Reward/base_height_exp: 0.0848
              Curriculum/terrain_levels: 0.0000
                   Metrics/success_rate: 0.0000
     Metrics/base_velocity/error_vel_xy: 0.7750
    Metrics/base_velocity/error_vel_yaw: 0.7201
           Episode_Termination/time_out: 0.1149
       Episode_Termination/base_contact: 0.8851
--------------------------------------------------------------------------------
                         Iteration time: 5.91s
                           Time elapsed: 00:22:27
                                    ETA: 02:13:29

################################################################################
[1m                          Learning iteration 216/1500                           [0m 

                            Total steps: 21331968 
                       Steps per second: 16682 
                        Collection time: 5.617s 
                          Learning time: 0.275s 
                        Mean value loss: 0.0496
                    Mean surrogate loss: 0.0007
                      Mean entropy loss: 13.3980
                            Mean reward: 4.27
                    Mean episode length: 673.15
                        Mean action std: 0.77
    Episode_Reward/track_lin_vel_xy_exp: 0.3137
     Episode_Reward/track_ang_vel_z_exp: 0.2067
            Episode_Reward/lin_vel_z_l2: 0.0000
           Episode_Reward/ang_vel_xy_l2: -0.0827
          Episode_Reward/dof_torques_l2: -0.0450
              Episode_Reward/dof_acc_l2: -0.1505
          Episode_Reward/action_rate_l2: -0.1040
      Episode_Reward/undesired_contacts: -0.0044
     Episode_Reward/flat_orientation_l2: -0.2745
          Episode_Reward/dof_pos_limits: 0.0000
   Episode_Reward/disabled_legs_contact: -0.0888
    Episode_Reward/disabled_legs_height: 0.3824
     Episode_Reward/single_leg_air_time: -0.0006
         Episode_Reward/base_height_exp: 0.0880
              Curriculum/terrain_levels: 0.0000
                   Metrics/success_rate: 0.0026
     Metrics/base_velocity/error_vel_xy: 0.7460
    Metrics/base_velocity/error_vel_yaw: 0.6687
           Episode_Termination/time_out: 0.1467
       Episode_Termination/base_contact: 0.8533
--------------------------------------------------------------------------------
                         Iteration time: 5.89s
                           Time elapsed: 00:22:33
                                    ETA: 02:13:20

################################################################################
[1m                          Learning iteration 217/1500                           [0m 

                            Total steps: 21430272 
                       Steps per second: 16526 
                        Collection time: 5.671s 
                          Learning time: 0.278s 
                        Mean value loss: 0.0391
                    Mean surrogate loss: -0.0004
                      Mean entropy loss: 13.3962
                            Mean reward: 5.69
                    Mean episode length: 736.71
                        Mean action std: 0.77
    Episode_Reward/track_lin_vel_xy_exp: 0.3115
     Episode_Reward/track_ang_vel_z_exp: 0.2022
            Episode_Reward/lin_vel_z_l2: 0.0000
           Episode_Reward/ang_vel_xy_l2: -0.0805
          Episode_Reward/dof_torques_l2: -0.0443
              Episode_Reward/dof_acc_l2: -0.1470
          Episode_Reward/action_rate_l2: -0.1025
      Episode_Reward/undesired_contacts: -0.0022
     Episode_Reward/flat_orientation_l2: -0.2729
          Episode_Reward/dof_pos_limits: 0.0000
   Episode_Reward/disabled_legs_contact: -0.0805
    Episode_Reward/disabled_legs_height: 0.4160
     Episode_Reward/single_leg_air_time: -0.0007
         Episode_Reward/base_height_exp: 0.0883
              Curriculum/terrain_levels: 0.0000
                   Metrics/success_rate: 0.0063
     Metrics/base_velocity/error_vel_xy: 0.7380
    Metrics/base_velocity/error_vel_yaw: 0.6648
           Episode_Termination/time_out: 0.1795
       Episode_Termination/base_contact: 0.8205
--------------------------------------------------------------------------------
                         Iteration time: 5.95s
                           Time elapsed: 00:22:39
                                    ETA: 02:13:12

################################################################################
[1m                          Learning iteration 218/1500                           [0m 

                            Total steps: 21528576 
                       Steps per second: 16586 
                        Collection time: 5.648s 
                          Learning time: 0.278s 
                        Mean value loss: 0.0433
                    Mean surrogate loss: -0.0009
                      Mean entropy loss: 13.3978
                            Mean reward: 3.02
                    Mean episode length: 617.41
                        Mean action std: 0.77
    Episode_Reward/track_lin_vel_xy_exp: 0.2766
     Episode_Reward/track_ang_vel_z_exp: 0.1874
            Episode_Reward/lin_vel_z_l2: 0.0000
           Episode_Reward/ang_vel_xy_l2: -0.0787
          Episode_Reward/dof_torques_l2: -0.0430
              Episode_Reward/dof_acc_l2: -0.1421
          Episode_Reward/action_rate_l2: -0.1000
      Episode_Reward/undesired_contacts: -0.0037
     Episode_Reward/flat_orientation_l2: -0.2668
          Episode_Reward/dof_pos_limits: 0.0000
   Episode_Reward/disabled_legs_contact: -0.0764
    Episode_Reward/disabled_legs_height: 0.3842
     Episode_Reward/single_leg_air_time: -0.0006
         Episode_Reward/base_height_exp: 0.0687
              Curriculum/terrain_levels: 0.0000
                   Metrics/success_rate: 0.0000
     Metrics/base_velocity/error_vel_xy: 0.7554
    Metrics/base_velocity/error_vel_yaw: 0.6921
           Episode_Termination/time_out: 0.2130
       Episode_Termination/base_contact: 0.7870
--------------------------------------------------------------------------------
                         Iteration time: 5.93s
                           Time elapsed: 00:22:45
                                    ETA: 02:13:04

################################################################################
[1m                          Learning iteration 219/1500                           [0m 

                            Total steps: 21626880 
                       Steps per second: 16624 
                        Collection time: 5.635s 
                          Learning time: 0.278s 
                        Mean value loss: 0.0430
                    Mean surrogate loss: -0.0027
                      Mean entropy loss: 13.4040
                            Mean reward: 5.29
                    Mean episode length: 550.32
                        Mean action std: 0.77
    Episode_Reward/track_lin_vel_xy_exp: 0.2863
     Episode_Reward/track_ang_vel_z_exp: 0.1796
            Episode_Reward/lin_vel_z_l2: 0.0000
           Episode_Reward/ang_vel_xy_l2: -0.0754
          Episode_Reward/dof_torques_l2: -0.0400
              Episode_Reward/dof_acc_l2: -0.1352
          Episode_Reward/action_rate_l2: -0.0941
      Episode_Reward/undesired_contacts: -0.0037
     Episode_Reward/flat_orientation_l2: -0.2568
          Episode_Reward/dof_pos_limits: 0.0000
   Episode_Reward/disabled_legs_contact: -0.0631
    Episode_Reward/disabled_legs_height: 0.3724
     Episode_Reward/single_leg_air_time: -0.0006
         Episode_Reward/base_height_exp: 0.0795
              Curriculum/terrain_levels: 0.0000
                   Metrics/success_rate: 0.0038
     Metrics/base_velocity/error_vel_xy: 0.7329
    Metrics/base_velocity/error_vel_yaw: 0.6760
           Episode_Termination/time_out: 0.2448
       Episode_Termination/base_contact: 0.7552
--------------------------------------------------------------------------------
                         Iteration time: 5.91s
                           Time elapsed: 00:22:51
                                    ETA: 02:12:56

################################################################################
[1m                          Learning iteration 220/1500                           [0m 

                            Total steps: 21725184 
                       Steps per second: 16530 
                        Collection time: 5.671s 
                          Learning time: 0.276s 
                        Mean value loss: 0.0347
                    Mean surrogate loss: -0.0028
                      Mean entropy loss: 13.4089
                            Mean reward: 5.74
                    Mean episode length: 651.77
                        Mean action std: 0.77
    Episode_Reward/track_lin_vel_xy_exp: 0.2627
     Episode_Reward/track_ang_vel_z_exp: 0.2000
            Episode_Reward/lin_vel_z_l2: 0.0000
           Episode_Reward/ang_vel_xy_l2: -0.0763
          Episode_Reward/dof_torques_l2: -0.0413
              Episode_Reward/dof_acc_l2: -0.1347
          Episode_Reward/action_rate_l2: -0.0962
      Episode_Reward/undesired_contacts: -0.0033
     Episode_Reward/flat_orientation_l2: -0.2626
          Episode_Reward/dof_pos_limits: 0.0000
   Episode_Reward/disabled_legs_contact: -0.0590
    Episode_Reward/disabled_legs_height: 0.3757
     Episode_Reward/single_leg_air_time: -0.0006
         Episode_Reward/base_height_exp: 0.0769
              Curriculum/terrain_levels: 0.0000
                   Metrics/success_rate: 0.0128
     Metrics/base_velocity/error_vel_xy: 0.7631
    Metrics/base_velocity/error_vel_yaw: 0.6634
           Episode_Termination/time_out: 0.2682
       Episode_Termination/base_contact: 0.7318
--------------------------------------------------------------------------------
                         Iteration time: 5.95s
                           Time elapsed: 00:22:56
                                    ETA: 02:12:48

################################################################################
[1m                          Learning iteration 221/1500                           [0m 

                            Total steps: 21823488 
                       Steps per second: 16541 
                        Collection time: 5.667s 
                          Learning time: 0.276s 
                        Mean value loss: 0.0506
                    Mean surrogate loss: 0.0034
                      Mean entropy loss: 13.4115
                            Mean reward: 4.27
                    Mean episode length: 600.98
                        Mean action std: 0.77
    Episode_Reward/track_lin_vel_xy_exp: 0.2650
     Episode_Reward/track_ang_vel_z_exp: 0.2005
            Episode_Reward/lin_vel_z_l2: 0.0000
           Episode_Reward/ang_vel_xy_l2: -0.0770
          Episode_Reward/dof_torques_l2: -0.0423
              Episode_Reward/dof_acc_l2: -0.1373
          Episode_Reward/action_rate_l2: -0.0987
      Episode_Reward/undesired_contacts: -0.0025
     Episode_Reward/flat_orientation_l2: -0.2762
          Episode_Reward/dof_pos_limits: 0.0000
   Episode_Reward/disabled_legs_contact: -0.0529
    Episode_Reward/disabled_legs_height: 0.3775
     Episode_Reward/single_leg_air_time: -0.0007
         Episode_Reward/base_height_exp: 0.0652
              Curriculum/terrain_levels: 0.0000
                   Metrics/success_rate: 0.0136
     Metrics/base_velocity/error_vel_xy: 0.7645
    Metrics/base_velocity/error_vel_yaw: 0.6724
           Episode_Termination/time_out: 0.2950
       Episode_Termination/base_contact: 0.7050
--------------------------------------------------------------------------------
                         Iteration time: 5.94s
                           Time elapsed: 00:23:02
                                    ETA: 02:12:40

################################################################################
[1m                          Learning iteration 222/1500                           [0m 

                            Total steps: 21921792 
                       Steps per second: 16596 
                        Collection time: 5.648s 
                          Learning time: 0.276s 
                        Mean value loss: 0.0352
                    Mean surrogate loss: -0.0023
                      Mean entropy loss: 13.4106
                            Mean reward: 6.12
                    Mean episode length: 667.08
                        Mean action std: 0.77
    Episode_Reward/track_lin_vel_xy_exp: 0.2992
     Episode_Reward/track_ang_vel_z_exp: 0.2112
            Episode_Reward/lin_vel_z_l2: 0.0000
           Episode_Reward/ang_vel_xy_l2: -0.0795
          Episode_Reward/dof_torques_l2: -0.0437
              Episode_Reward/dof_acc_l2: -0.1417
          Episode_Reward/action_rate_l2: -0.1023
      Episode_Reward/undesired_contacts: -0.0030
     Episode_Reward/flat_orientation_l2: -0.2880
          Episode_Reward/dof_pos_limits: 0.0000
   Episode_Reward/disabled_legs_contact: -0.0466
    Episode_Reward/disabled_legs_height: 0.3981
     Episode_Reward/single_leg_air_time: -0.0006
         Episode_Reward/base_height_exp: 0.0782
              Curriculum/terrain_levels: 0.0000
                   Metrics/success_rate: 0.0128
     Metrics/base_velocity/error_vel_xy: 0.7642
    Metrics/base_velocity/error_vel_yaw: 0.6621
           Episode_Termination/time_out: 0.3219
       Episode_Termination/base_contact: 0.6781
--------------------------------------------------------------------------------
                         Iteration time: 5.92s
                           Time elapsed: 00:23:08
                                    ETA: 02:12:32

################################################################################
[1m                          Learning iteration 223/1500                           [0m 

                            Total steps: 22020096 
                       Steps per second: 16435 
                        Collection time: 5.707s 
                          Learning time: 0.274s 
                        Mean value loss: 0.0311
                    Mean surrogate loss: 0.0010
                      Mean entropy loss: 13.4083
                            Mean reward: 4.31
                    Mean episode length: 599.16
                        Mean action std: 0.77
    Episode_Reward/track_lin_vel_xy_exp: 0.2300
     Episode_Reward/track_ang_vel_z_exp: 0.1807
            Episode_Reward/lin_vel_z_l2: 0.0000
           Episode_Reward/ang_vel_xy_l2: -0.0725
          Episode_Reward/dof_torques_l2: -0.0385
              Episode_Reward/dof_acc_l2: -0.1276
          Episode_Reward/action_rate_l2: -0.0908
      Episode_Reward/undesired_contacts: -0.0025
     Episode_Reward/flat_orientation_l2: -0.2537
          Episode_Reward/dof_pos_limits: 0.0000
   Episode_Reward/disabled_legs_contact: -0.0493
    Episode_Reward/disabled_legs_height: 0.3556
     Episode_Reward/single_leg_air_time: -0.0006
         Episode_Reward/base_height_exp: 0.0693
              Curriculum/terrain_levels: 0.0000
                   Metrics/success_rate: 0.0030
     Metrics/base_velocity/error_vel_xy: 0.7813
    Metrics/base_velocity/error_vel_yaw: 0.6967
           Episode_Termination/time_out: 0.3461
       Episode_Termination/base_contact: 0.6542
--------------------------------------------------------------------------------
                         Iteration time: 5.98s
                           Time elapsed: 00:23:14
                                    ETA: 02:12:25

################################################################################
[1m                          Learning iteration 224/1500                           [0m 

                            Total steps: 22118400 
                       Steps per second: 16586 
                        Collection time: 5.651s 
                          Learning time: 0.276s 
                        Mean value loss: 0.0321
                    Mean surrogate loss: 0.0014
                      Mean entropy loss: 13.4071
                            Mean reward: 5.29
                    Mean episode length: 593.20
                        Mean action std: 0.77
    Episode_Reward/track_lin_vel_xy_exp: 0.2203
     Episode_Reward/track_ang_vel_z_exp: 0.1904
            Episode_Reward/lin_vel_z_l2: 0.0000
           Episode_Reward/ang_vel_xy_l2: -0.0718
          Episode_Reward/dof_torques_l2: -0.0381
              Episode_Reward/dof_acc_l2: -0.1235
          Episode_Reward/action_rate_l2: -0.0900
      Episode_Reward/undesired_contacts: -0.0032
     Episode_Reward/flat_orientation_l2: -0.2572
          Episode_Reward/dof_pos_limits: 0.0000
   Episode_Reward/disabled_legs_contact: -0.0334
    Episode_Reward/disabled_legs_height: 0.3583
     Episode_Reward/single_leg_air_time: -0.0006
         Episode_Reward/base_height_exp: 0.0790
              Curriculum/terrain_levels: 0.0000
                   Metrics/success_rate: 0.0052
     Metrics/base_velocity/error_vel_xy: 0.7746
    Metrics/base_velocity/error_vel_yaw: 0.6583
           Episode_Termination/time_out: 0.3626
       Episode_Termination/base_contact: 0.6377
--------------------------------------------------------------------------------
                         Iteration time: 5.93s
                           Time elapsed: 00:23:20
                                    ETA: 02:12:17

################################################################################
[1m                          Learning iteration 225/1500                           [0m 

                            Total steps: 22216704 
                       Steps per second: 16547 
                        Collection time: 5.664s 
                          Learning time: 0.277s 
                        Mean value loss: 0.0281
                    Mean surrogate loss: -0.0020
                      Mean entropy loss: 13.4057
                            Mean reward: 6.38
                    Mean episode length: 591.71
                        Mean action std: 0.77
    Episode_Reward/track_lin_vel_xy_exp: 0.2392
     Episode_Reward/track_ang_vel_z_exp: 0.1807
            Episode_Reward/lin_vel_z_l2: 0.0000
           Episode_Reward/ang_vel_xy_l2: -0.0703
          Episode_Reward/dof_torques_l2: -0.0371
              Episode_Reward/dof_acc_l2: -0.1197
          Episode_Reward/action_rate_l2: -0.0874
      Episode_Reward/undesired_contacts: -0.0027
     Episode_Reward/flat_orientation_l2: -0.2565
          Episode_Reward/dof_pos_limits: 0.0000
   Episode_Reward/disabled_legs_contact: -0.0293
    Episode_Reward/disabled_legs_height: 0.3860
     Episode_Reward/single_leg_air_time: -0.0006
         Episode_Reward/base_height_exp: 0.0750
              Curriculum/terrain_levels: 0.0000
                   Metrics/success_rate: 0.0087
     Metrics/base_velocity/error_vel_xy: 0.7614
    Metrics/base_velocity/error_vel_yaw: 0.6764
           Episode_Termination/time_out: 0.3819
       Episode_Termination/base_contact: 0.6183
--------------------------------------------------------------------------------
                         Iteration time: 5.94s
                           Time elapsed: 00:23:26
                                    ETA: 02:12:09

################################################################################
[1m                          Learning iteration 226/1500                           [0m 

                            Total steps: 22315008 
                       Steps per second: 16461 
                        Collection time: 5.696s 
                          Learning time: 0.276s 
                        Mean value loss: 0.0254
                    Mean surrogate loss: -0.0027
                      Mean entropy loss: 13.3887
                            Mean reward: 5.44
                    Mean episode length: 548.84
                        Mean action std: 0.77
    Episode_Reward/track_lin_vel_xy_exp: 0.2649
     Episode_Reward/track_ang_vel_z_exp: 0.1712
            Episode_Reward/lin_vel_z_l2: 0.0000
           Episode_Reward/ang_vel_xy_l2: -0.0674
          Episode_Reward/dof_torques_l2: -0.0356
              Episode_Reward/dof_acc_l2: -0.1148
          Episode_Reward/action_rate_l2: -0.0848
      Episode_Reward/undesired_contacts: -0.0026
     Episode_Reward/flat_orientation_l2: -0.2524
          Episode_Reward/dof_pos_limits: 0.0000
   Episode_Reward/disabled_legs_contact: -0.0243
    Episode_Reward/disabled_legs_height: 0.3650
     Episode_Reward/single_leg_air_time: -0.0006
         Episode_Reward/base_height_exp: 0.0741
              Curriculum/terrain_levels: 0.0000
                   Metrics/success_rate: 0.0198
     Metrics/base_velocity/error_vel_xy: 0.7439
    Metrics/base_velocity/error_vel_yaw: 0.7059
           Episode_Termination/time_out: 0.3952
       Episode_Termination/base_contact: 0.6050
--------------------------------------------------------------------------------
                         Iteration time: 5.97s
                           Time elapsed: 00:23:32
                                    ETA: 02:12:01

################################################################################
[1m                          Learning iteration 227/1500                           [0m 

                            Total steps: 22413312 
                       Steps per second: 16477 
                        Collection time: 5.689s 
                          Learning time: 0.277s 
                        Mean value loss: 0.0414
                    Mean surrogate loss: -0.0021
                      Mean entropy loss: 13.3701
                            Mean reward: 4.44
                    Mean episode length: 523.16
                        Mean action std: 0.77
    Episode_Reward/track_lin_vel_xy_exp: 0.2813
     Episode_Reward/track_ang_vel_z_exp: 0.1840
            Episode_Reward/lin_vel_z_l2: 0.0000
           Episode_Reward/ang_vel_xy_l2: -0.0706
          Episode_Reward/dof_torques_l2: -0.0376
              Episode_Reward/dof_acc_l2: -0.1208
          Episode_Reward/action_rate_l2: -0.0892
      Episode_Reward/undesired_contacts: -0.0024
     Episode_Reward/flat_orientation_l2: -0.2606
          Episode_Reward/dof_pos_limits: 0.0000
   Episode_Reward/disabled_legs_contact: -0.0245
    Episode_Reward/disabled_legs_height: 0.3693
     Episode_Reward/single_leg_air_time: -0.0007
         Episode_Reward/base_height_exp: 0.0706
              Curriculum/terrain_levels: 0.0000
                   Metrics/success_rate: 0.0046
     Metrics/base_velocity/error_vel_xy: 0.7247
    Metrics/base_velocity/error_vel_yaw: 0.6623
           Episode_Termination/time_out: 0.4082
       Episode_Termination/base_contact: 0.5921
--------------------------------------------------------------------------------
                         Iteration time: 5.97s
                           Time elapsed: 00:23:38
                                    ETA: 02:11:54

################################################################################
[1m                          Learning iteration 228/1500                           [0m 

                            Total steps: 22511616 
                       Steps per second: 16382 
                        Collection time: 5.723s 
                          Learning time: 0.278s 
                        Mean value loss: 0.0410
                    Mean surrogate loss: -0.0007
                      Mean entropy loss: 13.3631
                            Mean reward: 5.52
                    Mean episode length: 525.91
                        Mean action std: 0.77
    Episode_Reward/track_lin_vel_xy_exp: 0.2083
     Episode_Reward/track_ang_vel_z_exp: 0.1622
            Episode_Reward/lin_vel_z_l2: 0.0000
           Episode_Reward/ang_vel_xy_l2: -0.0619
          Episode_Reward/dof_torques_l2: -0.0324
              Episode_Reward/dof_acc_l2: -0.1029
          Episode_Reward/action_rate_l2: -0.0771
      Episode_Reward/undesired_contacts: -0.0035
     Episode_Reward/flat_orientation_l2: -0.2277
          Episode_Reward/dof_pos_limits: 0.0000
   Episode_Reward/disabled_legs_contact: -0.0200
    Episode_Reward/disabled_legs_height: 0.3726
     Episode_Reward/single_leg_air_time: -0.0006
         Episode_Reward/base_height_exp: 0.0740
              Curriculum/terrain_levels: 0.0000
                   Metrics/success_rate: 0.0046
     Metrics/base_velocity/error_vel_xy: 0.7554
    Metrics/base_velocity/error_vel_yaw: 0.6822
           Episode_Termination/time_out: 0.4194
       Episode_Termination/base_contact: 0.5809
--------------------------------------------------------------------------------
                         Iteration time: 6.00s
                           Time elapsed: 00:23:44
                                    ETA: 02:11:46

################################################################################
[1m                          Learning iteration 229/1500                           [0m 

                            Total steps: 22609920 
                       Steps per second: 16378 
                        Collection time: 5.723s 
                          Learning time: 0.279s 
                        Mean value loss: 0.0376
                    Mean surrogate loss: -0.0020
                      Mean entropy loss: 13.3595
                            Mean reward: 5.95
                    Mean episode length: 510.84
                        Mean action std: 0.77
    Episode_Reward/track_lin_vel_xy_exp: 0.2762
     Episode_Reward/track_ang_vel_z_exp: 0.1760
            Episode_Reward/lin_vel_z_l2: 0.0000
           Episode_Reward/ang_vel_xy_l2: -0.0652
          Episode_Reward/dof_torques_l2: -0.0339
              Episode_Reward/dof_acc_l2: -0.1100
          Episode_Reward/action_rate_l2: -0.0808
      Episode_Reward/undesired_contacts: -0.0037
     Episode_Reward/flat_orientation_l2: -0.2391
          Episode_Reward/dof_pos_limits: 0.0000
   Episode_Reward/disabled_legs_contact: -0.0186
    Episode_Reward/disabled_legs_height: 0.3748
     Episode_Reward/single_leg_air_time: -0.0006
         Episode_Reward/base_height_exp: 0.0599
              Curriculum/terrain_levels: 0.0000
                   Metrics/success_rate: 0.0316
     Metrics/base_velocity/error_vel_xy: 0.7772
    Metrics/base_velocity/error_vel_yaw: 0.6716
           Episode_Termination/time_out: 0.4283
       Episode_Termination/base_contact: 0.5719
--------------------------------------------------------------------------------
                         Iteration time: 6.00s
                           Time elapsed: 00:23:50
                                    ETA: 02:11:39

################################################################################
[1m                          Learning iteration 230/1500                           [0m 

                            Total steps: 22708224 
                       Steps per second: 16416 
                        Collection time: 5.712s 
                          Learning time: 0.276s 
                        Mean value loss: 0.0364
                    Mean surrogate loss: -0.0005
                      Mean entropy loss: 13.3541
                            Mean reward: 5.71
                    Mean episode length: 539.94
                        Mean action std: 0.77
    Episode_Reward/track_lin_vel_xy_exp: 0.2108
     Episode_Reward/track_ang_vel_z_exp: 0.1705
            Episode_Reward/lin_vel_z_l2: 0.0000
           Episode_Reward/ang_vel_xy_l2: -0.0647
          Episode_Reward/dof_torques_l2: -0.0340
              Episode_Reward/dof_acc_l2: -0.1099
          Episode_Reward/action_rate_l2: -0.0806
      Episode_Reward/undesired_contacts: -0.0026
     Episode_Reward/flat_orientation_l2: -0.2346
          Episode_Reward/dof_pos_limits: 0.0000
   Episode_Reward/disabled_legs_contact: -0.0277
    Episode_Reward/disabled_legs_height: 0.3720
     Episode_Reward/single_leg_air_time: -0.0006
         Episode_Reward/base_height_exp: 0.0758
              Curriculum/terrain_levels: 0.0000
                   Metrics/success_rate: 0.0052
     Metrics/base_velocity/error_vel_xy: 0.7830
    Metrics/base_velocity/error_vel_yaw: 0.6623
           Episode_Termination/time_out: 0.4383
       Episode_Termination/base_contact: 0.5620
--------------------------------------------------------------------------------
                         Iteration time: 5.99s
                           Time elapsed: 00:23:56
                                    ETA: 02:11:31

################################################################################
[1m                          Learning iteration 231/1500                           [0m 

                            Total steps: 22806528 
                       Steps per second: 16281 
                        Collection time: 5.760s 
                          Learning time: 0.277s 
                        Mean value loss: 0.0711
                    Mean surrogate loss: 0.0002
                      Mean entropy loss: 13.3551
                            Mean reward: 6.28
                    Mean episode length: 521.48
                        Mean action std: 0.77
    Episode_Reward/track_lin_vel_xy_exp: 0.2379
     Episode_Reward/track_ang_vel_z_exp: 0.1715
            Episode_Reward/lin_vel_z_l2: 0.0000
           Episode_Reward/ang_vel_xy_l2: -0.0659
          Episode_Reward/dof_torques_l2: -0.0357
              Episode_Reward/dof_acc_l2: -0.1124
          Episode_Reward/action_rate_l2: -0.0858
      Episode_Reward/undesired_contacts: -0.0040
     Episode_Reward/flat_orientation_l2: -0.2571
          Episode_Reward/dof_pos_limits: 0.0000
   Episode_Reward/disabled_legs_contact: -0.0179
    Episode_Reward/disabled_legs_height: 0.4333
     Episode_Reward/single_leg_air_time: -0.0006
         Episode_Reward/base_height_exp: 0.0640
              Curriculum/terrain_levels: 0.0000
                   Metrics/success_rate: 0.0000
     Metrics/base_velocity/error_vel_xy: 0.7374
    Metrics/base_velocity/error_vel_yaw: 0.6798
           Episode_Termination/time_out: 0.4456
       Episode_Termination/base_contact: 0.5546
--------------------------------------------------------------------------------
                         Iteration time: 6.04s
                           Time elapsed: 00:24:02
                                    ETA: 02:11:24

################################################################################
[1m                          Learning iteration 232/1500                           [0m 

                            Total steps: 22904832 
                       Steps per second: 16331 
                        Collection time: 5.744s 
                          Learning time: 0.276s 
                        Mean value loss: 0.0540
                    Mean surrogate loss: 0.0001
                      Mean entropy loss: 13.3556
                            Mean reward: 5.12
                    Mean episode length: 527.34
                        Mean action std: 0.77
    Episode_Reward/track_lin_vel_xy_exp: 0.2392
     Episode_Reward/track_ang_vel_z_exp: 0.1650
            Episode_Reward/lin_vel_z_l2: 0.0000
           Episode_Reward/ang_vel_xy_l2: -0.0632
          Episode_Reward/dof_torques_l2: -0.0330
              Episode_Reward/dof_acc_l2: -0.1062
          Episode_Reward/action_rate_l2: -0.0788
      Episode_Reward/undesired_contacts: -0.0027
     Episode_Reward/flat_orientation_l2: -0.2310
          Episode_Reward/dof_pos_limits: 0.0000
   Episode_Reward/disabled_legs_contact: -0.0192
    Episode_Reward/disabled_legs_height: 0.3374
     Episode_Reward/single_leg_air_time: -0.0006
         Episode_Reward/base_height_exp: 0.0705
              Curriculum/terrain_levels: 0.0000
                   Metrics/success_rate: 0.0000
     Metrics/base_velocity/error_vel_xy: 0.7466
    Metrics/base_velocity/error_vel_yaw: 0.6830
           Episode_Termination/time_out: 0.4527
       Episode_Termination/base_contact: 0.5475
--------------------------------------------------------------------------------
                         Iteration time: 6.02s
                           Time elapsed: 00:24:08
                                    ETA: 02:11:17

################################################################################
[1m                          Learning iteration 233/1500                           [0m 

                            Total steps: 23003136 
                       Steps per second: 16373 
                        Collection time: 5.727s 
                          Learning time: 0.277s 
                        Mean value loss: 0.0333
                    Mean surrogate loss: -0.0020
                      Mean entropy loss: 13.3529
                            Mean reward: 5.09
                    Mean episode length: 484.92
                        Mean action std: 0.77
    Episode_Reward/track_lin_vel_xy_exp: 0.2268
     Episode_Reward/track_ang_vel_z_exp: 0.1634
            Episode_Reward/lin_vel_z_l2: 0.0000
           Episode_Reward/ang_vel_xy_l2: -0.0601
          Episode_Reward/dof_torques_l2: -0.0320
              Episode_Reward/dof_acc_l2: -0.1001
          Episode_Reward/action_rate_l2: -0.0755
      Episode_Reward/undesired_contacts: -0.0027
     Episode_Reward/flat_orientation_l2: -0.2214
          Episode_Reward/dof_pos_limits: 0.0000
   Episode_Reward/disabled_legs_contact: -0.0159
    Episode_Reward/disabled_legs_height: 0.3065
     Episode_Reward/single_leg_air_time: -0.0006
         Episode_Reward/base_height_exp: 0.0477
              Curriculum/terrain_levels: 0.0000
                   Metrics/success_rate: 0.0112
     Metrics/base_velocity/error_vel_xy: 0.7767
    Metrics/base_velocity/error_vel_yaw: 0.6690
           Episode_Termination/time_out: 0.4601
       Episode_Termination/base_contact: 0.5401
--------------------------------------------------------------------------------
                         Iteration time: 6.00s
                           Time elapsed: 00:24:14
                                    ETA: 02:11:10

################################################################################
[1m                          Learning iteration 234/1500                           [0m 

                            Total steps: 23101440 
                       Steps per second: 16399 
                        Collection time: 5.717s 
                          Learning time: 0.278s 
                        Mean value loss: 0.0304
                    Mean surrogate loss: -0.0006
                      Mean entropy loss: 13.3522
                            Mean reward: 6.81
                    Mean episode length: 502.64
                        Mean action std: 0.77
    Episode_Reward/track_lin_vel_xy_exp: 0.2897
     Episode_Reward/track_ang_vel_z_exp: 0.1748
            Episode_Reward/lin_vel_z_l2: 0.0000
           Episode_Reward/ang_vel_xy_l2: -0.0638
          Episode_Reward/dof_torques_l2: -0.0339
              Episode_Reward/dof_acc_l2: -0.1083
          Episode_Reward/action_rate_l2: -0.0810
      Episode_Reward/undesired_contacts: -0.0033
     Episode_Reward/flat_orientation_l2: -0.2401
          Episode_Reward/dof_pos_limits: 0.0000
   Episode_Reward/disabled_legs_contact: -0.0136
    Episode_Reward/disabled_legs_height: 0.3522
     Episode_Reward/single_leg_air_time: -0.0006
         Episode_Reward/base_height_exp: 0.0624
              Curriculum/terrain_levels: 0.0000
                   Metrics/success_rate: 0.0038
     Metrics/base_velocity/error_vel_xy: 0.7329
    Metrics/base_velocity/error_vel_yaw: 0.6428
           Episode_Termination/time_out: 0.4670
       Episode_Termination/base_contact: 0.5332
--------------------------------------------------------------------------------
                         Iteration time: 5.99s
                           Time elapsed: 00:24:20
                                    ETA: 02:11:02

################################################################################
[1m                          Learning iteration 235/1500                           [0m 

                            Total steps: 23199744 
                       Steps per second: 16526 
                        Collection time: 5.672s 
                          Learning time: 0.276s 
                        Mean value loss: 0.0326
                    Mean surrogate loss: 0.0024
                      Mean entropy loss: 13.3567
                            Mean reward: 7.21
                    Mean episode length: 646.58
                        Mean action std: 0.77
    Episode_Reward/track_lin_vel_xy_exp: 0.2679
     Episode_Reward/track_ang_vel_z_exp: 0.2079
            Episode_Reward/lin_vel_z_l2: 0.0000
           Episode_Reward/ang_vel_xy_l2: -0.0703
          Episode_Reward/dof_torques_l2: -0.0397
              Episode_Reward/dof_acc_l2: -0.1250
          Episode_Reward/action_rate_l2: -0.0940
      Episode_Reward/undesired_contacts: -0.0034
     Episode_Reward/flat_orientation_l2: -0.2745
          Episode_Reward/dof_pos_limits: 0.0000
   Episode_Reward/disabled_legs_contact: -0.0184
    Episode_Reward/disabled_legs_height: 0.4373
     Episode_Reward/single_leg_air_time: -0.0007
         Episode_Reward/base_height_exp: 0.0903
              Curriculum/terrain_levels: 0.0000
                   Metrics/success_rate: 0.0268
     Metrics/base_velocity/error_vel_xy: 0.7642
    Metrics/base_velocity/error_vel_yaw: 0.6231
           Episode_Termination/time_out: 0.4756
       Episode_Termination/base_contact: 0.5246
--------------------------------------------------------------------------------
                         Iteration time: 5.95s
                           Time elapsed: 00:24:26
                                    ETA: 02:10:54

################################################################################
[1m                          Learning iteration 236/1500                           [0m 

                            Total steps: 23298048 
                       Steps per second: 16473 
                        Collection time: 5.690s 
                          Learning time: 0.277s 
                        Mean value loss: 0.0368
                    Mean surrogate loss: 0.0011
                      Mean entropy loss: 13.3580
                            Mean reward: 6.79
                    Mean episode length: 565.45
                        Mean action std: 0.77
    Episode_Reward/track_lin_vel_xy_exp: 0.2150
     Episode_Reward/track_ang_vel_z_exp: 0.1743
            Episode_Reward/lin_vel_z_l2: 0.0000
           Episode_Reward/ang_vel_xy_l2: -0.0636
          Episode_Reward/dof_torques_l2: -0.0348
              Episode_Reward/dof_acc_l2: -0.1091
          Episode_Reward/action_rate_l2: -0.0828
      Episode_Reward/undesired_contacts: -0.0058
     Episode_Reward/flat_orientation_l2: -0.2470
          Episode_Reward/dof_pos_limits: 0.0000
   Episode_Reward/disabled_legs_contact: -0.0134
    Episode_Reward/disabled_legs_height: 0.3998
     Episode_Reward/single_leg_air_time: -0.0006
         Episode_Reward/base_height_exp: 0.1065
              Curriculum/terrain_levels: 0.0000
                   Metrics/success_rate: 0.0324
     Metrics/base_velocity/error_vel_xy: 0.7785
    Metrics/base_velocity/error_vel_yaw: 0.6608
           Episode_Termination/time_out: 0.4842
       Episode_Termination/base_contact: 0.5161
--------------------------------------------------------------------------------
                         Iteration time: 5.97s
                           Time elapsed: 00:24:32
                                    ETA: 02:10:47

################################################################################
[1m                          Learning iteration 237/1500                           [0m 

                            Total steps: 23396352 
                       Steps per second: 16508 
                        Collection time: 5.680s 
                          Learning time: 0.275s 
                        Mean value loss: 0.0339
                    Mean surrogate loss: -0.0026
                      Mean entropy loss: 13.3587
                            Mean reward: 6.78
                    Mean episode length: 557.96
                        Mean action std: 0.77
    Episode_Reward/track_lin_vel_xy_exp: 0.2757
     Episode_Reward/track_ang_vel_z_exp: 0.1923
            Episode_Reward/lin_vel_z_l2: 0.0000
           Episode_Reward/ang_vel_xy_l2: -0.0682
          Episode_Reward/dof_torques_l2: -0.0378
              Episode_Reward/dof_acc_l2: -0.1162
          Episode_Reward/action_rate_l2: -0.0884
      Episode_Reward/undesired_contacts: -0.0046
     Episode_Reward/flat_orientation_l2: -0.2578
          Episode_Reward/dof_pos_limits: 0.0000
   Episode_Reward/disabled_legs_contact: -0.0169
    Episode_Reward/disabled_legs_height: 0.4213
     Episode_Reward/single_leg_air_time: -0.0006
         Episode_Reward/base_height_exp: 0.0810
              Curriculum/terrain_levels: 0.0000
                   Metrics/success_rate: 0.0278
     Metrics/base_velocity/error_vel_xy: 0.7384
    Metrics/base_velocity/error_vel_yaw: 0.6439
           Episode_Termination/time_out: 0.4912
       Episode_Termination/base_contact: 0.5091
--------------------------------------------------------------------------------
                         Iteration time: 5.95s
                           Time elapsed: 00:24:38
                                    ETA: 02:10:39

################################################################################
[1m                          Learning iteration 238/1500                           [0m 

                            Total steps: 23494656 
                       Steps per second: 16472 
                        Collection time: 5.691s 
                          Learning time: 0.277s 
                        Mean value loss: 0.0367
                    Mean surrogate loss: -0.0018
                      Mean entropy loss: 13.3626
                            Mean reward: 7.12
                    Mean episode length: 550.35
                        Mean action std: 0.77
    Episode_Reward/track_lin_vel_xy_exp: 0.2263
     Episode_Reward/track_ang_vel_z_exp: 0.1766
            Episode_Reward/lin_vel_z_l2: 0.0000
           Episode_Reward/ang_vel_xy_l2: -0.0607
          Episode_Reward/dof_torques_l2: -0.0333
              Episode_Reward/dof_acc_l2: -0.1010
          Episode_Reward/action_rate_l2: -0.0784
      Episode_Reward/undesired_contacts: -0.0033
     Episode_Reward/flat_orientation_l2: -0.2363
          Episode_Reward/dof_pos_limits: 0.0000
   Episode_Reward/disabled_legs_contact: -0.0109
    Episode_Reward/disabled_legs_height: 0.3637
     Episode_Reward/single_leg_air_time: -0.0006
         Episode_Reward/base_height_exp: 0.0671
              Curriculum/terrain_levels: 0.0000
                   Metrics/success_rate: 0.0104
     Metrics/base_velocity/error_vel_xy: 0.7422
    Metrics/base_velocity/error_vel_yaw: 0.6434
           Episode_Termination/time_out: 0.4977
       Episode_Termination/base_contact: 0.5025
--------------------------------------------------------------------------------
                         Iteration time: 5.97s
                           Time elapsed: 00:24:44
                                    ETA: 02:10:32

################################################################################
[1m                          Learning iteration 239/1500                           [0m 

                            Total steps: 23592960 
                       Steps per second: 16642 
                        Collection time: 5.629s 
                          Learning time: 0.277s 
                        Mean value loss: 0.0403
                    Mean surrogate loss: 0.0001
                      Mean entropy loss: 13.3618
                            Mean reward: 9.13
                    Mean episode length: 588.17
                        Mean action std: 0.77
    Episode_Reward/track_lin_vel_xy_exp: 0.3329
     Episode_Reward/track_ang_vel_z_exp: 0.1929
            Episode_Reward/lin_vel_z_l2: 0.0000
           Episode_Reward/ang_vel_xy_l2: -0.0665
          Episode_Reward/dof_torques_l2: -0.0389
              Episode_Reward/dof_acc_l2: -0.1164
          Episode_Reward/action_rate_l2: -0.0914
      Episode_Reward/undesired_contacts: -0.0037
     Episode_Reward/flat_orientation_l2: -0.2698
          Episode_Reward/dof_pos_limits: 0.0000
   Episode_Reward/disabled_legs_contact: -0.0150
    Episode_Reward/disabled_legs_height: 0.4442
     Episode_Reward/single_leg_air_time: -0.0007
         Episode_Reward/base_height_exp: 0.0873
              Curriculum/terrain_levels: 0.0000
                   Metrics/success_rate: 0.0316
     Metrics/base_velocity/error_vel_xy: 0.6999
    Metrics/base_velocity/error_vel_yaw: 0.6503
           Episode_Termination/time_out: 0.5054
       Episode_Termination/base_contact: 0.4949
--------------------------------------------------------------------------------
                         Iteration time: 5.91s
                           Time elapsed: 00:24:50
                                    ETA: 02:10:24

################################################################################
[1m                          Learning iteration 240/1500                           [0m 

                            Total steps: 23691264 
                       Steps per second: 16467 
                        Collection time: 5.693s 
                          Learning time: 0.277s 
                        Mean value loss: 0.0353
                    Mean surrogate loss: -0.0014
                      Mean entropy loss: 13.3538
                            Mean reward: 7.53
                    Mean episode length: 584.71
                        Mean action std: 0.77
    Episode_Reward/track_lin_vel_xy_exp: 0.2637
     Episode_Reward/track_ang_vel_z_exp: 0.1850
            Episode_Reward/lin_vel_z_l2: 0.0000
           Episode_Reward/ang_vel_xy_l2: -0.0672
          Episode_Reward/dof_torques_l2: -0.0376
              Episode_Reward/dof_acc_l2: -0.1176
          Episode_Reward/action_rate_l2: -0.0886
      Episode_Reward/undesired_contacts: -0.0038
     Episode_Reward/flat_orientation_l2: -0.2565
          Episode_Reward/dof_pos_limits: 0.0000
   Episode_Reward/disabled_legs_contact: -0.0194
    Episode_Reward/disabled_legs_height: 0.4082
     Episode_Reward/single_leg_air_time: -0.0006
         Episode_Reward/base_height_exp: 0.0879
              Curriculum/terrain_levels: 0.0000
                   Metrics/success_rate: 0.0046
     Metrics/base_velocity/error_vel_xy: 0.7430
    Metrics/base_velocity/error_vel_yaw: 0.6515
           Episode_Termination/time_out: 0.5116
       Episode_Termination/base_contact: 0.4884
--------------------------------------------------------------------------------
                         Iteration time: 5.97s
                           Time elapsed: 00:24:56
                                    ETA: 02:10:17

################################################################################
[1m                          Learning iteration 241/1500                           [0m 

                            Total steps: 23789568 
                       Steps per second: 16450 
                        Collection time: 5.701s 
                          Learning time: 0.274s 
                        Mean value loss: 0.0369
                    Mean surrogate loss: -0.0010
                      Mean entropy loss: 13.3524
                            Mean reward: 4.67
                    Mean episode length: 436.08
                        Mean action std: 0.77
    Episode_Reward/track_lin_vel_xy_exp: 0.1830
     Episode_Reward/track_ang_vel_z_exp: 0.1484
            Episode_Reward/lin_vel_z_l2: 0.0000
           Episode_Reward/ang_vel_xy_l2: -0.0558
          Episode_Reward/dof_torques_l2: -0.0286
              Episode_Reward/dof_acc_l2: -0.0876
          Episode_Reward/action_rate_l2: -0.0673
      Episode_Reward/undesired_contacts: -0.0035
     Episode_Reward/flat_orientation_l2: -0.1998
          Episode_Reward/dof_pos_limits: 0.0000
   Episode_Reward/disabled_legs_contact: -0.0090
    Episode_Reward/disabled_legs_height: 0.2872
     Episode_Reward/single_leg_air_time: -0.0005
         Episode_Reward/base_height_exp: 0.0602
              Curriculum/terrain_levels: 0.0000
                   Metrics/success_rate: 0.0188
     Metrics/base_velocity/error_vel_xy: 0.7723
    Metrics/base_velocity/error_vel_yaw: 0.6692
           Episode_Termination/time_out: 0.5176
       Episode_Termination/base_contact: 0.4824
--------------------------------------------------------------------------------
                         Iteration time: 5.98s
                           Time elapsed: 00:25:02
                                    ETA: 02:10:09

################################################################################
[1m                          Learning iteration 242/1500                           [0m 

                            Total steps: 23887872 
                       Steps per second: 16459 
                        Collection time: 5.695s 
                          Learning time: 0.277s 
                        Mean value loss: 0.0325
                    Mean surrogate loss: 0.0012
                      Mean entropy loss: 13.3531
                            Mean reward: 5.75
                    Mean episode length: 545.72
                        Mean action std: 0.77
    Episode_Reward/track_lin_vel_xy_exp: 0.2320
     Episode_Reward/track_ang_vel_z_exp: 0.1654
            Episode_Reward/lin_vel_z_l2: 0.0000
           Episode_Reward/ang_vel_xy_l2: -0.0589
          Episode_Reward/dof_torques_l2: -0.0320
              Episode_Reward/dof_acc_l2: -0.0989
          Episode_Reward/action_rate_l2: -0.0757
      Episode_Reward/undesired_contacts: -0.0023
     Episode_Reward/flat_orientation_l2: -0.2249
          Episode_Reward/dof_pos_limits: 0.0000
   Episode_Reward/disabled_legs_contact: -0.0098
    Episode_Reward/disabled_legs_height: 0.3040
     Episode_Reward/single_leg_air_time: -0.0005
         Episode_Reward/base_height_exp: 0.0519
              Curriculum/terrain_levels: 0.0000
                   Metrics/success_rate: 0.0268
     Metrics/base_velocity/error_vel_xy: 0.7646
    Metrics/base_velocity/error_vel_yaw: 0.6677
           Episode_Termination/time_out: 0.5200
       Episode_Termination/base_contact: 0.4800
--------------------------------------------------------------------------------
                         Iteration time: 5.97s
                           Time elapsed: 00:25:08
                                    ETA: 02:10:02

################################################################################
[1m                          Learning iteration 243/1500                           [0m 

                            Total steps: 23986176 
                       Steps per second: 16643 
                        Collection time: 5.632s 
                          Learning time: 0.275s 
                        Mean value loss: 0.0307
                    Mean surrogate loss: -0.0011
                      Mean entropy loss: 13.3510
                            Mean reward: 5.88
                    Mean episode length: 490.52
                        Mean action std: 0.77
    Episode_Reward/track_lin_vel_xy_exp: 0.1810
     Episode_Reward/track_ang_vel_z_exp: 0.1583
            Episode_Reward/lin_vel_z_l2: 0.0000
           Episode_Reward/ang_vel_xy_l2: -0.0591
          Episode_Reward/dof_torques_l2: -0.0322
              Episode_Reward/dof_acc_l2: -0.0945
          Episode_Reward/action_rate_l2: -0.0746
      Episode_Reward/undesired_contacts: -0.0035
     Episode_Reward/flat_orientation_l2: -0.2163
          Episode_Reward/dof_pos_limits: 0.0000
   Episode_Reward/disabled_legs_contact: -0.0137
    Episode_Reward/disabled_legs_height: 0.3573
     Episode_Reward/single_leg_air_time: -0.0005
         Episode_Reward/base_height_exp: 0.0745
              Curriculum/terrain_levels: 0.0000
                   Metrics/success_rate: 0.0060
     Metrics/base_velocity/error_vel_xy: 0.7632
    Metrics/base_velocity/error_vel_yaw: 0.6603
           Episode_Termination/time_out: 0.5234
       Episode_Termination/base_contact: 0.4766
--------------------------------------------------------------------------------
                         Iteration time: 5.91s
                           Time elapsed: 00:25:14
                                    ETA: 02:09:54

################################################################################
[1m                          Learning iteration 244/1500                           [0m 

                            Total steps: 24084480 
                       Steps per second: 16626 
                        Collection time: 5.636s 
                          Learning time: 0.277s 
                        Mean value loss: 0.0324
                    Mean surrogate loss: -0.0009
                      Mean entropy loss: 13.3502
                            Mean reward: 8.19
                    Mean episode length: 565.65
                        Mean action std: 0.77
    Episode_Reward/track_lin_vel_xy_exp: 0.2816
     Episode_Reward/track_ang_vel_z_exp: 0.1994
            Episode_Reward/lin_vel_z_l2: 0.0000
           Episode_Reward/ang_vel_xy_l2: -0.0663
          Episode_Reward/dof_torques_l2: -0.0367
              Episode_Reward/dof_acc_l2: -0.1116
          Episode_Reward/action_rate_l2: -0.0865
      Episode_Reward/undesired_contacts: -0.0028
     Episode_Reward/flat_orientation_l2: -0.2540
          Episode_Reward/dof_pos_limits: 0.0000
   Episode_Reward/disabled_legs_contact: -0.0117
    Episode_Reward/disabled_legs_height: 0.3911
     Episode_Reward/single_leg_air_time: -0.0005
         Episode_Reward/base_height_exp: 0.0877
              Curriculum/terrain_levels: 0.0000
                   Metrics/success_rate: 0.0157
     Metrics/base_velocity/error_vel_xy: 0.7685
    Metrics/base_velocity/error_vel_yaw: 0.6023
           Episode_Termination/time_out: 0.5245
       Episode_Termination/base_contact: 0.4755
--------------------------------------------------------------------------------
                         Iteration time: 5.91s
                           Time elapsed: 00:25:20
                                    ETA: 02:09:46

################################################################################
[1m                          Learning iteration 245/1500                           [0m 

                            Total steps: 24182784 
                       Steps per second: 16556 
                        Collection time: 5.660s 
                          Learning time: 0.277s 
                        Mean value loss: 0.0356
                    Mean surrogate loss: -0.0014
                      Mean entropy loss: 13.3513
                            Mean reward: 7.11
                    Mean episode length: 510.90
                        Mean action std: 0.77
    Episode_Reward/track_lin_vel_xy_exp: 0.2265
     Episode_Reward/track_ang_vel_z_exp: 0.1820
            Episode_Reward/lin_vel_z_l2: 0.0000
           Episode_Reward/ang_vel_xy_l2: -0.0603
          Episode_Reward/dof_torques_l2: -0.0333
              Episode_Reward/dof_acc_l2: -0.0997
          Episode_Reward/action_rate_l2: -0.0780
      Episode_Reward/undesired_contacts: -0.0033
     Episode_Reward/flat_orientation_l2: -0.2343
          Episode_Reward/dof_pos_limits: 0.0000
   Episode_Reward/disabled_legs_contact: -0.0091
    Episode_Reward/disabled_legs_height: 0.3990
     Episode_Reward/single_leg_air_time: -0.0006
         Episode_Reward/base_height_exp: 0.0850
              Curriculum/terrain_levels: 0.0000
                   Metrics/success_rate: 0.0000
     Metrics/base_velocity/error_vel_xy: 0.7744
    Metrics/base_velocity/error_vel_yaw: 0.6303
           Episode_Termination/time_out: 0.5277
       Episode_Termination/base_contact: 0.4723
--------------------------------------------------------------------------------
                         Iteration time: 5.94s
                           Time elapsed: 00:25:26
                                    ETA: 02:09:39

################################################################################
[1m                          Learning iteration 246/1500                           [0m 

                            Total steps: 24281088 
                       Steps per second: 16531 
                        Collection time: 5.668s 
                          Learning time: 0.278s 
                        Mean value loss: 0.0311
                    Mean surrogate loss: -0.0005
                      Mean entropy loss: 13.3599
                            Mean reward: 6.32
                    Mean episode length: 511.81
                        Mean action std: 0.77
    Episode_Reward/track_lin_vel_xy_exp: 0.2380
     Episode_Reward/track_ang_vel_z_exp: 0.1666
            Episode_Reward/lin_vel_z_l2: 0.0000
           Episode_Reward/ang_vel_xy_l2: -0.0602
          Episode_Reward/dof_torques_l2: -0.0330
              Episode_Reward/dof_acc_l2: -0.0997
          Episode_Reward/action_rate_l2: -0.0765
      Episode_Reward/undesired_contacts: -0.0035
     Episode_Reward/flat_orientation_l2: -0.2162
          Episode_Reward/dof_pos_limits: 0.0000
   Episode_Reward/disabled_legs_contact: -0.0158
    Episode_Reward/disabled_legs_height: 0.3433
     Episode_Reward/single_leg_air_time: -0.0005
         Episode_Reward/base_height_exp: 0.0703
              Curriculum/terrain_levels: 0.0000
                   Metrics/success_rate: 0.0312
     Metrics/base_velocity/error_vel_xy: 0.7242
    Metrics/base_velocity/error_vel_yaw: 0.6544
           Episode_Termination/time_out: 0.5296
       Episode_Termination/base_contact: 0.4704
--------------------------------------------------------------------------------
                         Iteration time: 5.95s
                           Time elapsed: 00:25:32
                                    ETA: 02:09:31

################################################################################
[1m                          Learning iteration 247/1500                           [0m 

                            Total steps: 24379392 
                       Steps per second: 16617 
                        Collection time: 5.637s 
                          Learning time: 0.278s 
                        Mean value loss: 0.0282
                    Mean surrogate loss: 0.0002
                      Mean entropy loss: 13.3613
                            Mean reward: 6.61
                    Mean episode length: 552.42
                        Mean action std: 0.77
    Episode_Reward/track_lin_vel_xy_exp: 0.2074
     Episode_Reward/track_ang_vel_z_exp: 0.1826
            Episode_Reward/lin_vel_z_l2: 0.0000
           Episode_Reward/ang_vel_xy_l2: -0.0636
          Episode_Reward/dof_torques_l2: -0.0353
              Episode_Reward/dof_acc_l2: -0.1051
          Episode_Reward/action_rate_l2: -0.0822
      Episode_Reward/undesired_contacts: -0.0036
     Episode_Reward/flat_orientation_l2: -0.2373
          Episode_Reward/dof_pos_limits: 0.0000
   Episode_Reward/disabled_legs_contact: -0.0126
    Episode_Reward/disabled_legs_height: 0.3684
     Episode_Reward/single_leg_air_time: -0.0005
         Episode_Reward/base_height_exp: 0.0784
              Curriculum/terrain_levels: 0.0000
                   Metrics/success_rate: 0.0106
     Metrics/base_velocity/error_vel_xy: 0.7540
    Metrics/base_velocity/error_vel_yaw: 0.6337
           Episode_Termination/time_out: 0.5293
       Episode_Termination/base_contact: 0.4707
--------------------------------------------------------------------------------
                         Iteration time: 5.92s
                           Time elapsed: 00:25:37
                                    ETA: 02:09:24

################################################################################
[1m                          Learning iteration 248/1500                           [0m 

                            Total steps: 24477696 
                       Steps per second: 16306 
                        Collection time: 5.753s 
                          Learning time: 0.276s 
                        Mean value loss: 0.0338
                    Mean surrogate loss: 0.0014
                      Mean entropy loss: 13.3634
                            Mean reward: 6.42
                    Mean episode length: 538.40
                        Mean action std: 0.77
    Episode_Reward/track_lin_vel_xy_exp: 0.2281
     Episode_Reward/track_ang_vel_z_exp: 0.1843
            Episode_Reward/lin_vel_z_l2: 0.0000
           Episode_Reward/ang_vel_xy_l2: -0.0626
          Episode_Reward/dof_torques_l2: -0.0352
              Episode_Reward/dof_acc_l2: -0.1041
          Episode_Reward/action_rate_l2: -0.0804
      Episode_Reward/undesired_contacts: -0.0032
     Episode_Reward/flat_orientation_l2: -0.2289
          Episode_Reward/dof_pos_limits: 0.0000
   Episode_Reward/disabled_legs_contact: -0.0148
    Episode_Reward/disabled_legs_height: 0.3591
     Episode_Reward/single_leg_air_time: -0.0005
         Episode_Reward/base_height_exp: 0.0692
              Curriculum/terrain_levels: 0.0000
                   Metrics/success_rate: 0.0119
     Metrics/base_velocity/error_vel_xy: 0.7439
    Metrics/base_velocity/error_vel_yaw: 0.6423
           Episode_Termination/time_out: 0.5295
       Episode_Termination/base_contact: 0.4705
--------------------------------------------------------------------------------
                         Iteration time: 6.03s
                           Time elapsed: 00:25:43
                                    ETA: 02:09:16

################################################################################
[1m                          Learning iteration 249/1500                           [0m 

                            Total steps: 24576000 
                       Steps per second: 16479 
                        Collection time: 5.688s 
                          Learning time: 0.277s 
                        Mean value loss: 0.0364
                    Mean surrogate loss: 0.0065
                      Mean entropy loss: 13.3666
                            Mean reward: 7.38
                    Mean episode length: 632.77
                        Mean action std: 0.77
    Episode_Reward/track_lin_vel_xy_exp: 0.2448
     Episode_Reward/track_ang_vel_z_exp: 0.1956
            Episode_Reward/lin_vel_z_l2: 0.0000
           Episode_Reward/ang_vel_xy_l2: -0.0705
          Episode_Reward/dof_torques_l2: -0.0413
              Episode_Reward/dof_acc_l2: -0.1231
          Episode_Reward/action_rate_l2: -0.0956
      Episode_Reward/undesired_contacts: -0.0035
     Episode_Reward/flat_orientation_l2: -0.2637
          Episode_Reward/dof_pos_limits: 0.0000
   Episode_Reward/disabled_legs_contact: -0.0179
    Episode_Reward/disabled_legs_height: 0.4365
     Episode_Reward/single_leg_air_time: -0.0006
         Episode_Reward/base_height_exp: 0.0797
              Curriculum/terrain_levels: 0.0000
                   Metrics/success_rate: 0.0052
     Metrics/base_velocity/error_vel_xy: 0.7697
    Metrics/base_velocity/error_vel_yaw: 0.6468
           Episode_Termination/time_out: 0.5313
       Episode_Termination/base_contact: 0.4687
--------------------------------------------------------------------------------
                         Iteration time: 5.97s
                           Time elapsed: 00:25:49
                                    ETA: 02:09:09

################################################################################
[1m                          Learning iteration 250/1500                           [0m 

                            Total steps: 24674304 
                       Steps per second: 16508 
                        Collection time: 5.678s 
                          Learning time: 0.277s 
                        Mean value loss: 0.0315
                    Mean surrogate loss: 0.0006
                      Mean entropy loss: 13.3668
                            Mean reward: 6.71
                    Mean episode length: 601.44
                        Mean action std: 0.77
    Episode_Reward/track_lin_vel_xy_exp: 0.2096
     Episode_Reward/track_ang_vel_z_exp: 0.1950
            Episode_Reward/lin_vel_z_l2: 0.0000
           Episode_Reward/ang_vel_xy_l2: -0.0644
          Episode_Reward/dof_torques_l2: -0.0377
              Episode_Reward/dof_acc_l2: -0.1097
          Episode_Reward/action_rate_l2: -0.0861
      Episode_Reward/undesired_contacts: -0.0062
     Episode_Reward/flat_orientation_l2: -0.2414
          Episode_Reward/dof_pos_limits: 0.0000
   Episode_Reward/disabled_legs_contact: -0.0158
    Episode_Reward/disabled_legs_height: 0.3992
     Episode_Reward/single_leg_air_time: -0.0006
         Episode_Reward/base_height_exp: 0.0793
              Curriculum/terrain_levels: 0.0000
                   Metrics/success_rate: 0.0000
     Metrics/base_velocity/error_vel_xy: 0.7716
    Metrics/base_velocity/error_vel_yaw: 0.6239
           Episode_Termination/time_out: 0.5318
       Episode_Termination/base_contact: 0.4682
--------------------------------------------------------------------------------
                         Iteration time: 5.95s
                           Time elapsed: 00:25:55
                                    ETA: 02:09:02

################################################################################
[1m                          Learning iteration 251/1500                           [0m 

                            Total steps: 24772608 
                       Steps per second: 16421 
                        Collection time: 5.710s 
                          Learning time: 0.277s 
                        Mean value loss: 0.0306
                    Mean surrogate loss: 0.0012
                      Mean entropy loss: 13.3696
                            Mean reward: 6.50
                    Mean episode length: 593.68
                        Mean action std: 0.77
    Episode_Reward/track_lin_vel_xy_exp: 0.2330
     Episode_Reward/track_ang_vel_z_exp: 0.1867
            Episode_Reward/lin_vel_z_l2: 0.0000
           Episode_Reward/ang_vel_xy_l2: -0.0662
          Episode_Reward/dof_torques_l2: -0.0389
              Episode_Reward/dof_acc_l2: -0.1141
          Episode_Reward/action_rate_l2: -0.0897
      Episode_Reward/undesired_contacts: -0.0036
     Episode_Reward/flat_orientation_l2: -0.2493
          Episode_Reward/dof_pos_limits: 0.0000
   Episode_Reward/disabled_legs_contact: -0.0158
    Episode_Reward/disabled_legs_height: 0.4086
     Episode_Reward/single_leg_air_time: -0.0006
         Episode_Reward/base_height_exp: 0.0874
              Curriculum/terrain_levels: 0.0000
                   Metrics/success_rate: 0.0310
     Metrics/base_velocity/error_vel_xy: 0.7924
    Metrics/base_velocity/error_vel_yaw: 0.6361
           Episode_Termination/time_out: 0.5336
       Episode_Termination/base_contact: 0.4664
--------------------------------------------------------------------------------
                         Iteration time: 5.99s
                           Time elapsed: 00:26:01
                                    ETA: 02:08:54

################################################################################
[1m                          Learning iteration 252/1500                           [0m 

                            Total steps: 24870912 
                       Steps per second: 16291 
                        Collection time: 5.756s 
                          Learning time: 0.278s 
                        Mean value loss: 0.0311
                    Mean surrogate loss: -0.0014
                      Mean entropy loss: 13.3738
                            Mean reward: 6.73
                    Mean episode length: 523.87
                        Mean action std: 0.77
    Episode_Reward/track_lin_vel_xy_exp: 0.2375
     Episode_Reward/track_ang_vel_z_exp: 0.1847
            Episode_Reward/lin_vel_z_l2: 0.0000
           Episode_Reward/ang_vel_xy_l2: -0.0643
          Episode_Reward/dof_torques_l2: -0.0366
              Episode_Reward/dof_acc_l2: -0.1106
          Episode_Reward/action_rate_l2: -0.0843
      Episode_Reward/undesired_contacts: -0.0043
     Episode_Reward/flat_orientation_l2: -0.2268
          Episode_Reward/dof_pos_limits: 0.0000
   Episode_Reward/disabled_legs_contact: -0.0160
    Episode_Reward/disabled_legs_height: 0.3635
     Episode_Reward/single_leg_air_time: -0.0006
         Episode_Reward/base_height_exp: 0.0803
              Curriculum/terrain_levels: 0.0000
                   Metrics/success_rate: 0.0210
     Metrics/base_velocity/error_vel_xy: 0.7509
    Metrics/base_velocity/error_vel_yaw: 0.6082
           Episode_Termination/time_out: 0.5318
       Episode_Termination/base_contact: 0.4682
--------------------------------------------------------------------------------
                         Iteration time: 6.03s
                           Time elapsed: 00:26:07
                                    ETA: 02:08:47

################################################################################
[1m                          Learning iteration 253/1500                           [0m 

                            Total steps: 24969216 
                       Steps per second: 16439 
                        Collection time: 5.700s 
                          Learning time: 0.279s 
                        Mean value loss: 0.0367
                    Mean surrogate loss: -0.0004
                      Mean entropy loss: 13.3719
                            Mean reward: 6.46
                    Mean episode length: 551.03
                        Mean action std: 0.77
    Episode_Reward/track_lin_vel_xy_exp: 0.2436
     Episode_Reward/track_ang_vel_z_exp: 0.1931
            Episode_Reward/lin_vel_z_l2: 0.0000
           Episode_Reward/ang_vel_xy_l2: -0.0674
          Episode_Reward/dof_torques_l2: -0.0393
              Episode_Reward/dof_acc_l2: -0.1151
          Episode_Reward/action_rate_l2: -0.0897
      Episode_Reward/undesired_contacts: -0.0049
     Episode_Reward/flat_orientation_l2: -0.2448
          Episode_Reward/dof_pos_limits: 0.0000
   Episode_Reward/disabled_legs_contact: -0.0170
    Episode_Reward/disabled_legs_height: 0.4063
     Episode_Reward/single_leg_air_time: -0.0006
         Episode_Reward/base_height_exp: 0.0790
              Curriculum/terrain_levels: 0.0000
                   Metrics/success_rate: 0.0094
     Metrics/base_velocity/error_vel_xy: 0.7614
    Metrics/base_velocity/error_vel_yaw: 0.6372
           Episode_Termination/time_out: 0.5279
       Episode_Termination/base_contact: 0.4721
--------------------------------------------------------------------------------
                         Iteration time: 5.98s
                           Time elapsed: 00:26:13
                                    ETA: 02:08:40

################################################################################
[1m                          Learning iteration 254/1500                           [0m 

                            Total steps: 25067520 
                       Steps per second: 16518 
                        Collection time: 5.674s 
                          Learning time: 0.277s 
                        Mean value loss: 0.0351
                    Mean surrogate loss: 0.0014
                      Mean entropy loss: 13.3633
                            Mean reward: 6.81
                    Mean episode length: 583.22
                        Mean action std: 0.77
    Episode_Reward/track_lin_vel_xy_exp: 0.2709
     Episode_Reward/track_ang_vel_z_exp: 0.2028
            Episode_Reward/lin_vel_z_l2: 0.0000
           Episode_Reward/ang_vel_xy_l2: -0.0678
          Episode_Reward/dof_torques_l2: -0.0399
              Episode_Reward/dof_acc_l2: -0.1169
          Episode_Reward/action_rate_l2: -0.0910
      Episode_Reward/undesired_contacts: -0.0029
     Episode_Reward/flat_orientation_l2: -0.2457
          Episode_Reward/dof_pos_limits: 0.0000
   Episode_Reward/disabled_legs_contact: -0.0167
    Episode_Reward/disabled_legs_height: 0.3768
     Episode_Reward/single_leg_air_time: -0.0005
         Episode_Reward/base_height_exp: 0.0734
              Curriculum/terrain_levels: 0.0000
                   Metrics/success_rate: 0.0458
     Metrics/base_velocity/error_vel_xy: 0.7396
    Metrics/base_velocity/error_vel_yaw: 0.6133
           Episode_Termination/time_out: 0.5272
       Episode_Termination/base_contact: 0.4728
--------------------------------------------------------------------------------
                         Iteration time: 5.95s
                           Time elapsed: 00:26:19
                                    ETA: 02:08:33

################################################################################
[1m                          Learning iteration 255/1500                           [0m 

                            Total steps: 25165824 
                       Steps per second: 16304 
                        Collection time: 5.751s 
                          Learning time: 0.278s 
                        Mean value loss: 0.0300
                    Mean surrogate loss: 0.0017
                      Mean entropy loss: 13.3616
                            Mean reward: 6.76
                    Mean episode length: 654.73
                        Mean action std: 0.77
    Episode_Reward/track_lin_vel_xy_exp: 0.3053
     Episode_Reward/track_ang_vel_z_exp: 0.2231
            Episode_Reward/lin_vel_z_l2: 0.0000
           Episode_Reward/ang_vel_xy_l2: -0.0720
          Episode_Reward/dof_torques_l2: -0.0438
              Episode_Reward/dof_acc_l2: -0.1280
          Episode_Reward/action_rate_l2: -0.0999
      Episode_Reward/undesired_contacts: -0.0044
     Episode_Reward/flat_orientation_l2: -0.2674
          Episode_Reward/dof_pos_limits: 0.0000
   Episode_Reward/disabled_legs_contact: -0.0191
    Episode_Reward/disabled_legs_height: 0.4366
     Episode_Reward/single_leg_air_time: -0.0007
         Episode_Reward/base_height_exp: 0.0779
              Curriculum/terrain_levels: 0.0000
                   Metrics/success_rate: 0.0496
     Metrics/base_velocity/error_vel_xy: 0.7318
    Metrics/base_velocity/error_vel_yaw: 0.5989
           Episode_Termination/time_out: 0.5278
       Episode_Termination/base_contact: 0.4722
--------------------------------------------------------------------------------
                         Iteration time: 6.03s
                           Time elapsed: 00:26:25
                                    ETA: 02:08:26

################################################################################
[1m                          Learning iteration 256/1500                           [0m 

                            Total steps: 25264128 
                       Steps per second: 16390 
                        Collection time: 5.720s 
                          Learning time: 0.277s 
                        Mean value loss: 0.0358
                    Mean surrogate loss: -0.0006
                      Mean entropy loss: 13.3607
                            Mean reward: 9.23
                    Mean episode length: 716.57
                        Mean action std: 0.77
    Episode_Reward/track_lin_vel_xy_exp: 0.3114
     Episode_Reward/track_ang_vel_z_exp: 0.2430
            Episode_Reward/lin_vel_z_l2: 0.0000
           Episode_Reward/ang_vel_xy_l2: -0.0757
          Episode_Reward/dof_torques_l2: -0.0474
              Episode_Reward/dof_acc_l2: -0.1349
          Episode_Reward/action_rate_l2: -0.1067
      Episode_Reward/undesired_contacts: -0.0035
     Episode_Reward/flat_orientation_l2: -0.2799
          Episode_Reward/dof_pos_limits: 0.0000
   Episode_Reward/disabled_legs_contact: -0.0212
    Episode_Reward/disabled_legs_height: 0.4453
     Episode_Reward/single_leg_air_time: -0.0007
         Episode_Reward/base_height_exp: 0.0882
              Curriculum/terrain_levels: 0.0000
                   Metrics/success_rate: 0.0254
     Metrics/base_velocity/error_vel_xy: 0.7370
    Metrics/base_velocity/error_vel_yaw: 0.5837
           Episode_Termination/time_out: 0.5288
       Episode_Termination/base_contact: 0.4712
--------------------------------------------------------------------------------
                         Iteration time: 6.00s
                           Time elapsed: 00:26:31
                                    ETA: 02:08:19

################################################################################
[1m                          Learning iteration 257/1500                           [0m 

                            Total steps: 25362432 
                       Steps per second: 16362 
                        Collection time: 5.733s 
                          Learning time: 0.274s 
                        Mean value loss: 0.0381
                    Mean surrogate loss: -0.0015
                      Mean entropy loss: 13.3576
                            Mean reward: 9.07
                    Mean episode length: 734.43
                        Mean action std: 0.77
    Episode_Reward/track_lin_vel_xy_exp: 0.2895
     Episode_Reward/track_ang_vel_z_exp: 0.2541
            Episode_Reward/lin_vel_z_l2: 0.0000
           Episode_Reward/ang_vel_xy_l2: -0.0785
          Episode_Reward/dof_torques_l2: -0.0493
              Episode_Reward/dof_acc_l2: -0.1425
          Episode_Reward/action_rate_l2: -0.1122
      Episode_Reward/undesired_contacts: -0.0028
     Episode_Reward/flat_orientation_l2: -0.2941
          Episode_Reward/dof_pos_limits: 0.0000
   Episode_Reward/disabled_legs_contact: -0.0247
    Episode_Reward/disabled_legs_height: 0.5045
     Episode_Reward/single_leg_air_time: -0.0008
         Episode_Reward/base_height_exp: 0.0945
              Curriculum/terrain_levels: 0.0000
                   Metrics/success_rate: 0.0083
     Metrics/base_velocity/error_vel_xy: 0.7677
    Metrics/base_velocity/error_vel_yaw: 0.5806
           Episode_Termination/time_out: 0.5260
       Episode_Termination/base_contact: 0.4740
--------------------------------------------------------------------------------
                         Iteration time: 6.01s
                           Time elapsed: 00:26:37
                                    ETA: 02:08:12

################################################################################
[1m                          Learning iteration 258/1500                           [0m 

                            Total steps: 25460736 
                       Steps per second: 16395 
                        Collection time: 5.716s 
                          Learning time: 0.280s 
                        Mean value loss: 0.0429
                    Mean surrogate loss: -0.0020
                      Mean entropy loss: 13.3525
                            Mean reward: 10.45
                    Mean episode length: 776.59
                        Mean action std: 0.77
    Episode_Reward/track_lin_vel_xy_exp: 0.3232
     Episode_Reward/track_ang_vel_z_exp: 0.2613
            Episode_Reward/lin_vel_z_l2: 0.0000
           Episode_Reward/ang_vel_xy_l2: -0.0781
          Episode_Reward/dof_torques_l2: -0.0509
              Episode_Reward/dof_acc_l2: -0.1427
          Episode_Reward/action_rate_l2: -0.1147
      Episode_Reward/undesired_contacts: -0.0022
     Episode_Reward/flat_orientation_l2: -0.3014
          Episode_Reward/dof_pos_limits: 0.0000
   Episode_Reward/disabled_legs_contact: -0.0221
    Episode_Reward/disabled_legs_height: 0.4625
     Episode_Reward/single_leg_air_time: -0.0008
         Episode_Reward/base_height_exp: 0.0887
              Curriculum/terrain_levels: 0.0000
                   Metrics/success_rate: 0.0304
     Metrics/base_velocity/error_vel_xy: 0.7579
    Metrics/base_velocity/error_vel_yaw: 0.5839
           Episode_Termination/time_out: 0.5260
       Episode_Termination/base_contact: 0.4740
--------------------------------------------------------------------------------
                         Iteration time: 6.00s
                           Time elapsed: 00:26:43
                                    ETA: 02:08:04

################################################################################
[1m                          Learning iteration 259/1500                           [0m 

                            Total steps: 25559040 
                       Steps per second: 16499 
                        Collection time: 5.681s 
                          Learning time: 0.277s 
                        Mean value loss: 0.0396
                    Mean surrogate loss: 0.0008
                      Mean entropy loss: 13.3494
                            Mean reward: 7.08
                    Mean episode length: 683.53
                        Mean action std: 0.77
    Episode_Reward/track_lin_vel_xy_exp: 0.2824
     Episode_Reward/track_ang_vel_z_exp: 0.2411
            Episode_Reward/lin_vel_z_l2: 0.0000
           Episode_Reward/ang_vel_xy_l2: -0.0732
          Episode_Reward/dof_torques_l2: -0.0450
              Episode_Reward/dof_acc_l2: -0.1289
          Episode_Reward/action_rate_l2: -0.1025
      Episode_Reward/undesired_contacts: -0.0024
     Episode_Reward/flat_orientation_l2: -0.2686
          Episode_Reward/dof_pos_limits: 0.0000
   Episode_Reward/disabled_legs_contact: -0.0196
    Episode_Reward/disabled_legs_height: 0.4285
     Episode_Reward/single_leg_air_time: -0.0008
         Episode_Reward/base_height_exp: 0.0712
              Curriculum/terrain_levels: 0.0000
                   Metrics/success_rate: 0.0134
     Metrics/base_velocity/error_vel_xy: 0.7604
    Metrics/base_velocity/error_vel_yaw: 0.5841
           Episode_Termination/time_out: 0.5255
       Episode_Termination/base_contact: 0.4745
--------------------------------------------------------------------------------
                         Iteration time: 5.96s
                           Time elapsed: 00:26:49
                                    ETA: 02:07:57

################################################################################
[1m                          Learning iteration 260/1500                           [0m 

                            Total steps: 25657344 
                       Steps per second: 16479 
                        Collection time: 5.688s 
                          Learning time: 0.277s 
                        Mean value loss: 0.0409
                    Mean surrogate loss: -0.0016
                      Mean entropy loss: 13.3507
                            Mean reward: 7.09
                    Mean episode length: 781.31
                        Mean action std: 0.77
    Episode_Reward/track_lin_vel_xy_exp: 0.3098
     Episode_Reward/track_ang_vel_z_exp: 0.2875
            Episode_Reward/lin_vel_z_l2: 0.0000
           Episode_Reward/ang_vel_xy_l2: -0.0841
          Episode_Reward/dof_torques_l2: -0.0541
              Episode_Reward/dof_acc_l2: -0.1520
          Episode_Reward/action_rate_l2: -0.1215
      Episode_Reward/undesired_contacts: -0.0021
     Episode_Reward/flat_orientation_l2: -0.3165
          Episode_Reward/dof_pos_limits: 0.0000
   Episode_Reward/disabled_legs_contact: -0.0210
    Episode_Reward/disabled_legs_height: 0.4871
     Episode_Reward/single_leg_air_time: -0.0008
         Episode_Reward/base_height_exp: 0.0771
              Curriculum/terrain_levels: 0.0000
                   Metrics/success_rate: 0.0324
     Metrics/base_velocity/error_vel_xy: 0.7664
    Metrics/base_velocity/error_vel_yaw: 0.5465
           Episode_Termination/time_out: 0.5281
       Episode_Termination/base_contact: 0.4719
--------------------------------------------------------------------------------
                         Iteration time: 5.97s
                           Time elapsed: 00:26:55
                                    ETA: 02:07:50

################################################################################
[1m                          Learning iteration 261/1500                           [0m 

                            Total steps: 25755648 
                       Steps per second: 16469 
                        Collection time: 5.692s 
                          Learning time: 0.277s 
                        Mean value loss: 0.0412
                    Mean surrogate loss: -0.0010
                      Mean entropy loss: 13.3506
                            Mean reward: 6.50
                    Mean episode length: 642.31
                        Mean action std: 0.77
    Episode_Reward/track_lin_vel_xy_exp: 0.2962
     Episode_Reward/track_ang_vel_z_exp: 0.2569
            Episode_Reward/lin_vel_z_l2: 0.0000
           Episode_Reward/ang_vel_xy_l2: -0.0769
          Episode_Reward/dof_torques_l2: -0.0479
              Episode_Reward/dof_acc_l2: -0.1361
          Episode_Reward/action_rate_l2: -0.1089
      Episode_Reward/undesired_contacts: -0.0017
     Episode_Reward/flat_orientation_l2: -0.2877
          Episode_Reward/dof_pos_limits: 0.0000
   Episode_Reward/disabled_legs_contact: -0.0167
    Episode_Reward/disabled_legs_height: 0.4411
     Episode_Reward/single_leg_air_time: -0.0008
         Episode_Reward/base_height_exp: 0.0744
              Curriculum/terrain_levels: 0.0000
                   Metrics/success_rate: 0.0137
     Metrics/base_velocity/error_vel_xy: 0.7418
    Metrics/base_velocity/error_vel_yaw: 0.5766
           Episode_Termination/time_out: 0.5276
       Episode_Termination/base_contact: 0.4724
--------------------------------------------------------------------------------
                         Iteration time: 5.97s
                           Time elapsed: 00:27:01
                                    ETA: 02:07:43

################################################################################
[1m                          Learning iteration 262/1500                           [0m 

                            Total steps: 25853952 
                       Steps per second: 16580 
                        Collection time: 5.654s 
                          Learning time: 0.275s 
                        Mean value loss: 0.0385
                    Mean surrogate loss: 0.0004
                      Mean entropy loss: 13.3507
                            Mean reward: 8.87
                    Mean episode length: 688.95
                        Mean action std: 0.77
    Episode_Reward/track_lin_vel_xy_exp: 0.3177
     Episode_Reward/track_ang_vel_z_exp: 0.2858
            Episode_Reward/lin_vel_z_l2: 0.0000
           Episode_Reward/ang_vel_xy_l2: -0.0768
          Episode_Reward/dof_torques_l2: -0.0498
              Episode_Reward/dof_acc_l2: -0.1384
          Episode_Reward/action_rate_l2: -0.1130
      Episode_Reward/undesired_contacts: -0.0029
     Episode_Reward/flat_orientation_l2: -0.3018
          Episode_Reward/dof_pos_limits: 0.0000
   Episode_Reward/disabled_legs_contact: -0.0143
    Episode_Reward/disabled_legs_height: 0.4848
     Episode_Reward/single_leg_air_time: -0.0008
         Episode_Reward/base_height_exp: 0.0783
              Curriculum/terrain_levels: 0.0000
                   Metrics/success_rate: 0.0536
     Metrics/base_velocity/error_vel_xy: 0.7588
    Metrics/base_velocity/error_vel_yaw: 0.5417
           Episode_Termination/time_out: 0.5287
       Episode_Termination/base_contact: 0.4713
--------------------------------------------------------------------------------
                         Iteration time: 5.93s
                           Time elapsed: 00:27:07
                                    ETA: 02:07:35

################################################################################
[1m                          Learning iteration 263/1500                           [0m 

                            Total steps: 25952256 
                       Steps per second: 16657 
                        Collection time: 5.622s 
                          Learning time: 0.280s 
                        Mean value loss: 0.0408
                    Mean surrogate loss: -0.0010
                      Mean entropy loss: 13.3541
                            Mean reward: 9.49
                    Mean episode length: 765.72
                        Mean action std: 0.77
    Episode_Reward/track_lin_vel_xy_exp: 0.3237
     Episode_Reward/track_ang_vel_z_exp: 0.2771
            Episode_Reward/lin_vel_z_l2: 0.0000
           Episode_Reward/ang_vel_xy_l2: -0.0789
          Episode_Reward/dof_torques_l2: -0.0518
              Episode_Reward/dof_acc_l2: -0.1450
          Episode_Reward/action_rate_l2: -0.1179
      Episode_Reward/undesired_contacts: -0.0021
     Episode_Reward/flat_orientation_l2: -0.3182
          Episode_Reward/dof_pos_limits: 0.0000
   Episode_Reward/disabled_legs_contact: -0.0153
    Episode_Reward/disabled_legs_height: 0.4858
     Episode_Reward/single_leg_air_time: -0.0010
         Episode_Reward/base_height_exp: 0.0799
              Curriculum/terrain_levels: 0.0000
                   Metrics/success_rate: 0.0310
     Metrics/base_velocity/error_vel_xy: 0.7756
    Metrics/base_velocity/error_vel_yaw: 0.5614
           Episode_Termination/time_out: 0.5293
       Episode_Termination/base_contact: 0.4707
--------------------------------------------------------------------------------
                         Iteration time: 5.90s
                           Time elapsed: 00:27:13
                                    ETA: 02:07:28

################################################################################
[1m                          Learning iteration 264/1500                           [0m 

                            Total steps: 26050560 
                       Steps per second: 16655 
                        Collection time: 5.626s 
                          Learning time: 0.276s 
                        Mean value loss: 0.0352
                    Mean surrogate loss: -0.0029
                      Mean entropy loss: 13.3590
                            Mean reward: 9.67
                    Mean episode length: 732.32
                        Mean action std: 0.77
    Episode_Reward/track_lin_vel_xy_exp: 0.3250
     Episode_Reward/track_ang_vel_z_exp: 0.2851
            Episode_Reward/lin_vel_z_l2: 0.0000
           Episode_Reward/ang_vel_xy_l2: -0.0761
          Episode_Reward/dof_torques_l2: -0.0498
              Episode_Reward/dof_acc_l2: -0.1353
          Episode_Reward/action_rate_l2: -0.1121
      Episode_Reward/undesired_contacts: -0.0021
     Episode_Reward/flat_orientation_l2: -0.3035
          Episode_Reward/dof_pos_limits: 0.0000
   Episode_Reward/disabled_legs_contact: -0.0131
    Episode_Reward/disabled_legs_height: 0.4375
     Episode_Reward/single_leg_air_time: -0.0008
         Episode_Reward/base_height_exp: 0.0872
              Curriculum/terrain_levels: 0.0000
                   Metrics/success_rate: 0.0611
     Metrics/base_velocity/error_vel_xy: 0.7259
    Metrics/base_velocity/error_vel_yaw: 0.5409
           Episode_Termination/time_out: 0.5317
       Episode_Termination/base_contact: 0.4683
--------------------------------------------------------------------------------
                         Iteration time: 5.90s
                           Time elapsed: 00:27:19
                                    ETA: 02:07:20

################################################################################
[1m                          Learning iteration 265/1500                           [0m 

                            Total steps: 26148864 
                       Steps per second: 16789 
                        Collection time: 5.578s 
                          Learning time: 0.277s 
                        Mean value loss: 0.0300
                    Mean surrogate loss: 0.0006
                      Mean entropy loss: 13.3647
                            Mean reward: 9.37
                    Mean episode length: 731.16
                        Mean action std: 0.77
    Episode_Reward/track_lin_vel_xy_exp: 0.3020
     Episode_Reward/track_ang_vel_z_exp: 0.2639
            Episode_Reward/lin_vel_z_l2: 0.0000
           Episode_Reward/ang_vel_xy_l2: -0.0744
          Episode_Reward/dof_torques_l2: -0.0473
              Episode_Reward/dof_acc_l2: -0.1309
          Episode_Reward/action_rate_l2: -0.1078
      Episode_Reward/undesired_contacts: -0.0037
     Episode_Reward/flat_orientation_l2: -0.2964
          Episode_Reward/dof_pos_limits: 0.0000
   Episode_Reward/disabled_legs_contact: -0.0117
    Episode_Reward/disabled_legs_height: 0.4604
     Episode_Reward/single_leg_air_time: -0.0008
         Episode_Reward/base_height_exp: 0.0926
              Curriculum/terrain_levels: 0.0000
                   Metrics/success_rate: 0.0251
     Metrics/base_velocity/error_vel_xy: 0.7426
    Metrics/base_velocity/error_vel_yaw: 0.5612
           Episode_Termination/time_out: 0.5340
       Episode_Termination/base_contact: 0.4660
--------------------------------------------------------------------------------
                         Iteration time: 5.86s
                           Time elapsed: 00:27:25
                                    ETA: 02:07:12

################################################################################
[1m                          Learning iteration 266/1500                           [0m 

                            Total steps: 26247168 
                       Steps per second: 16764 
                        Collection time: 5.586s 
                          Learning time: 0.277s 
                        Mean value loss: 0.0373
                    Mean surrogate loss: -0.0019
                      Mean entropy loss: 13.3671
                            Mean reward: 10.95
                    Mean episode length: 764.11
                        Mean action std: 0.77
    Episode_Reward/track_lin_vel_xy_exp: 0.3190
     Episode_Reward/track_ang_vel_z_exp: 0.2868
            Episode_Reward/lin_vel_z_l2: 0.0000
           Episode_Reward/ang_vel_xy_l2: -0.0784
          Episode_Reward/dof_torques_l2: -0.0503
              Episode_Reward/dof_acc_l2: -0.1380
          Episode_Reward/action_rate_l2: -0.1144
      Episode_Reward/undesired_contacts: -0.0032
     Episode_Reward/flat_orientation_l2: -0.3149
          Episode_Reward/dof_pos_limits: 0.0000
   Episode_Reward/disabled_legs_contact: -0.0106
    Episode_Reward/disabled_legs_height: 0.4886
     Episode_Reward/single_leg_air_time: -0.0009
         Episode_Reward/base_height_exp: 0.1008
              Curriculum/terrain_levels: 0.0000
                   Metrics/success_rate: 0.0505
     Metrics/base_velocity/error_vel_xy: 0.7614
    Metrics/base_velocity/error_vel_yaw: 0.5316
           Episode_Termination/time_out: 0.5375
       Episode_Termination/base_contact: 0.4625
--------------------------------------------------------------------------------
                         Iteration time: 5.86s
                           Time elapsed: 00:27:31
                                    ETA: 02:07:05

################################################################################
[1m                          Learning iteration 267/1500                           [0m 

                            Total steps: 26345472 
                       Steps per second: 16789 
                        Collection time: 5.578s 
                          Learning time: 0.277s 
                        Mean value loss: 0.0336
                    Mean surrogate loss: 0.0001
                      Mean entropy loss: 13.3745
                            Mean reward: 8.65
                    Mean episode length: 703.97
                        Mean action std: 0.77
    Episode_Reward/track_lin_vel_xy_exp: 0.3073
     Episode_Reward/track_ang_vel_z_exp: 0.2834
            Episode_Reward/lin_vel_z_l2: 0.0000
           Episode_Reward/ang_vel_xy_l2: -0.0777
          Episode_Reward/dof_torques_l2: -0.0510
              Episode_Reward/dof_acc_l2: -0.1369
          Episode_Reward/action_rate_l2: -0.1142
      Episode_Reward/undesired_contacts: -0.0035
     Episode_Reward/flat_orientation_l2: -0.3125
          Episode_Reward/dof_pos_limits: 0.0000
   Episode_Reward/disabled_legs_contact: -0.0134
    Episode_Reward/disabled_legs_height: 0.4922
     Episode_Reward/single_leg_air_time: -0.0009
         Episode_Reward/base_height_exp: 0.0848
              Curriculum/terrain_levels: 0.0000
                   Metrics/success_rate: 0.0212
     Metrics/base_velocity/error_vel_xy: 0.7624
    Metrics/base_velocity/error_vel_yaw: 0.5352
           Episode_Termination/time_out: 0.5426
       Episode_Termination/base_contact: 0.4574
--------------------------------------------------------------------------------
                         Iteration time: 5.86s
                           Time elapsed: 00:27:37
                                    ETA: 02:06:57

################################################################################
[1m                          Learning iteration 268/1500                           [0m 

                            Total steps: 26443776 
                       Steps per second: 16583 
                        Collection time: 5.651s 
                          Learning time: 0.277s 
                        Mean value loss: 0.0349
                    Mean surrogate loss: 0.0045
                      Mean entropy loss: 13.3766
                            Mean reward: 8.11
                    Mean episode length: 616.02
                        Mean action std: 0.77
    Episode_Reward/track_lin_vel_xy_exp: 0.2710
     Episode_Reward/track_ang_vel_z_exp: 0.2240
            Episode_Reward/lin_vel_z_l2: 0.0000
           Episode_Reward/ang_vel_xy_l2: -0.0674
          Episode_Reward/dof_torques_l2: -0.0411
              Episode_Reward/dof_acc_l2: -0.1123
          Episode_Reward/action_rate_l2: -0.0940
      Episode_Reward/undesired_contacts: -0.0021
     Episode_Reward/flat_orientation_l2: -0.2645
          Episode_Reward/dof_pos_limits: 0.0000
   Episode_Reward/disabled_legs_contact: -0.0054
    Episode_Reward/disabled_legs_height: 0.4077
     Episode_Reward/single_leg_air_time: -0.0008
         Episode_Reward/base_height_exp: 0.0776
              Curriculum/terrain_levels: 0.0000
                   Metrics/success_rate: 0.0060
     Metrics/base_velocity/error_vel_xy: 0.7466
    Metrics/base_velocity/error_vel_yaw: 0.5942
           Episode_Termination/time_out: 0.5439
       Episode_Termination/base_contact: 0.4561
--------------------------------------------------------------------------------
                         Iteration time: 5.93s
                           Time elapsed: 00:27:42
                                    ETA: 02:06:50

################################################################################
[1m                          Learning iteration 269/1500                           [0m 

                            Total steps: 26542080 
                       Steps per second: 16655 
                        Collection time: 5.626s 
                          Learning time: 0.276s 
                        Mean value loss: 0.0342
                    Mean surrogate loss: -0.0030
                      Mean entropy loss: 13.3824
                            Mean reward: 10.08
                    Mean episode length: 693.65
                        Mean action std: 0.77
    Episode_Reward/track_lin_vel_xy_exp: 0.3201
     Episode_Reward/track_ang_vel_z_exp: 0.2532
            Episode_Reward/lin_vel_z_l2: 0.0000
           Episode_Reward/ang_vel_xy_l2: -0.0725
          Episode_Reward/dof_torques_l2: -0.0453
              Episode_Reward/dof_acc_l2: -0.1210
          Episode_Reward/action_rate_l2: -0.1013
      Episode_Reward/undesired_contacts: -0.0022
     Episode_Reward/flat_orientation_l2: -0.2764
          Episode_Reward/dof_pos_limits: 0.0000
   Episode_Reward/disabled_legs_contact: -0.0103
    Episode_Reward/disabled_legs_height: 0.4380
     Episode_Reward/single_leg_air_time: -0.0008
         Episode_Reward/base_height_exp: 0.0778
              Curriculum/terrain_levels: 0.0000
                   Metrics/success_rate: 0.0255
     Metrics/base_velocity/error_vel_xy: 0.7474
    Metrics/base_velocity/error_vel_yaw: 0.5365
           Episode_Termination/time_out: 0.5443
       Episode_Termination/base_contact: 0.4557
--------------------------------------------------------------------------------
                         Iteration time: 5.90s
                           Time elapsed: 00:27:48
                                    ETA: 02:06:42

################################################################################
[1m                          Learning iteration 270/1500                           [0m 

                            Total steps: 26640384 
                       Steps per second: 16530 
                        Collection time: 5.668s 
                          Learning time: 0.279s 
                        Mean value loss: 0.0306
                    Mean surrogate loss: -0.0020
                      Mean entropy loss: 13.3936
                            Mean reward: 8.34
                    Mean episode length: 524.62
                        Mean action std: 0.78
    Episode_Reward/track_lin_vel_xy_exp: 0.2507
     Episode_Reward/track_ang_vel_z_exp: 0.1954
            Episode_Reward/lin_vel_z_l2: 0.0000
           Episode_Reward/ang_vel_xy_l2: -0.0607
          Episode_Reward/dof_torques_l2: -0.0357
              Episode_Reward/dof_acc_l2: -0.0978
          Episode_Reward/action_rate_l2: -0.0808
      Episode_Reward/undesired_contacts: -0.0037
     Episode_Reward/flat_orientation_l2: -0.2265
          Episode_Reward/dof_pos_limits: 0.0000
   Episode_Reward/disabled_legs_contact: -0.0066
    Episode_Reward/disabled_legs_height: 0.3790
     Episode_Reward/single_leg_air_time: -0.0007
         Episode_Reward/base_height_exp: 0.0624
              Curriculum/terrain_levels: 0.0000
                   Metrics/success_rate: 0.0292
     Metrics/base_velocity/error_vel_xy: 0.7476
    Metrics/base_velocity/error_vel_yaw: 0.5949
           Episode_Termination/time_out: 0.5438
       Episode_Termination/base_contact: 0.4562
--------------------------------------------------------------------------------
                         Iteration time: 5.95s
                           Time elapsed: 00:27:54
                                    ETA: 02:06:35

################################################################################
[1m                          Learning iteration 271/1500                           [0m 

                            Total steps: 26738688 
                       Steps per second: 16538 
                        Collection time: 5.666s 
                          Learning time: 0.278s 
                        Mean value loss: 0.0291
                    Mean surrogate loss: -0.0007
                      Mean entropy loss: 13.4003
                            Mean reward: 8.73
                    Mean episode length: 647.67
                        Mean action std: 0.78
    Episode_Reward/track_lin_vel_xy_exp: 0.2653
     Episode_Reward/track_ang_vel_z_exp: 0.2655
            Episode_Reward/lin_vel_z_l2: 0.0000
           Episode_Reward/ang_vel_xy_l2: -0.0711
          Episode_Reward/dof_torques_l2: -0.0461
              Episode_Reward/dof_acc_l2: -0.1213
          Episode_Reward/action_rate_l2: -0.1036
      Episode_Reward/undesired_contacts: -0.0042
     Episode_Reward/flat_orientation_l2: -0.2907
          Episode_Reward/dof_pos_limits: 0.0000
   Episode_Reward/disabled_legs_contact: -0.0060
    Episode_Reward/disabled_legs_height: 0.4834
     Episode_Reward/single_leg_air_time: -0.0009
         Episode_Reward/base_height_exp: 0.0979
              Curriculum/terrain_levels: 0.0000
                   Metrics/success_rate: 0.0182
     Metrics/base_velocity/error_vel_xy: 0.7479
    Metrics/base_velocity/error_vel_yaw: 0.5382
           Episode_Termination/time_out: 0.5417
       Episode_Termination/base_contact: 0.4583
--------------------------------------------------------------------------------
                         Iteration time: 5.94s
                           Time elapsed: 00:28:00
                                    ETA: 02:06:28

################################################################################
[1m                          Learning iteration 272/1500                           [0m 

                            Total steps: 26836992 
                       Steps per second: 16667 
                        Collection time: 5.618s 
                          Learning time: 0.280s 
                        Mean value loss: 0.0358
                    Mean surrogate loss: 0.0009
                      Mean entropy loss: 13.4082
                            Mean reward: 9.62
                    Mean episode length: 669.33
                        Mean action std: 0.78
    Episode_Reward/track_lin_vel_xy_exp: 0.2678
     Episode_Reward/track_ang_vel_z_exp: 0.2640
            Episode_Reward/lin_vel_z_l2: 0.0000
           Episode_Reward/ang_vel_xy_l2: -0.0713
          Episode_Reward/dof_torques_l2: -0.0463
              Episode_Reward/dof_acc_l2: -0.1258
          Episode_Reward/action_rate_l2: -0.1046
      Episode_Reward/undesired_contacts: -0.0036
     Episode_Reward/flat_orientation_l2: -0.2918
          Episode_Reward/dof_pos_limits: 0.0000
   Episode_Reward/disabled_legs_contact: -0.0057
    Episode_Reward/disabled_legs_height: 0.4910
     Episode_Reward/single_leg_air_time: -0.0008
         Episode_Reward/base_height_exp: 0.1069
              Curriculum/terrain_levels: 0.0000
                   Metrics/success_rate: 0.0069
     Metrics/base_velocity/error_vel_xy: 0.7715
    Metrics/base_velocity/error_vel_yaw: 0.5361
           Episode_Termination/time_out: 0.5430
       Episode_Termination/base_contact: 0.4570
--------------------------------------------------------------------------------
                         Iteration time: 5.90s
                           Time elapsed: 00:28:06
                                    ETA: 02:06:20

################################################################################
[1m                          Learning iteration 273/1500                           [0m 

                            Total steps: 26935296 
                       Steps per second: 16492 
                        Collection time: 5.682s 
                          Learning time: 0.278s 
                        Mean value loss: 0.0331
                    Mean surrogate loss: -0.0012
                      Mean entropy loss: 13.4123
                            Mean reward: 9.59
                    Mean episode length: 688.01
                        Mean action std: 0.78
    Episode_Reward/track_lin_vel_xy_exp: 0.3254
     Episode_Reward/track_ang_vel_z_exp: 0.2770
            Episode_Reward/lin_vel_z_l2: 0.0000
           Episode_Reward/ang_vel_xy_l2: -0.0747
          Episode_Reward/dof_torques_l2: -0.0487
              Episode_Reward/dof_acc_l2: -0.1290
          Episode_Reward/action_rate_l2: -0.1097
      Episode_Reward/undesired_contacts: -0.0048
     Episode_Reward/flat_orientation_l2: -0.3008
          Episode_Reward/dof_pos_limits: 0.0000
   Episode_Reward/disabled_legs_contact: -0.0074
    Episode_Reward/disabled_legs_height: 0.5209
     Episode_Reward/single_leg_air_time: -0.0008
         Episode_Reward/base_height_exp: 0.0859
              Curriculum/terrain_levels: 0.0000
                   Metrics/success_rate: 0.0667
     Metrics/base_velocity/error_vel_xy: 0.7548
    Metrics/base_velocity/error_vel_yaw: 0.5578
           Episode_Termination/time_out: 0.5439
       Episode_Termination/base_contact: 0.4561
--------------------------------------------------------------------------------
                         Iteration time: 5.96s
                           Time elapsed: 00:28:12
                                    ETA: 02:06:13

################################################################################
[1m                          Learning iteration 274/1500                           [0m 

                            Total steps: 27033600 
                       Steps per second: 16515 
                        Collection time: 5.673s 
                          Learning time: 0.279s 
                        Mean value loss: 0.0323
                    Mean surrogate loss: -0.0005
                      Mean entropy loss: 13.4094
                            Mean reward: 7.41
                    Mean episode length: 619.28
                        Mean action std: 0.78
    Episode_Reward/track_lin_vel_xy_exp: 0.2509
     Episode_Reward/track_ang_vel_z_exp: 0.2353
            Episode_Reward/lin_vel_z_l2: 0.0000
           Episode_Reward/ang_vel_xy_l2: -0.0657
          Episode_Reward/dof_torques_l2: -0.0419
              Episode_Reward/dof_acc_l2: -0.1109
          Episode_Reward/action_rate_l2: -0.0942
      Episode_Reward/undesired_contacts: -0.0021
     Episode_Reward/flat_orientation_l2: -0.2605
          Episode_Reward/dof_pos_limits: 0.0000
   Episode_Reward/disabled_legs_contact: -0.0093
    Episode_Reward/disabled_legs_height: 0.3871
     Episode_Reward/single_leg_air_time: -0.0008
         Episode_Reward/base_height_exp: 0.0641
              Curriculum/terrain_levels: 0.0000
                   Metrics/success_rate: 0.0260
     Metrics/base_velocity/error_vel_xy: 0.7346
    Metrics/base_velocity/error_vel_yaw: 0.5648
           Episode_Termination/time_out: 0.5439
       Episode_Termination/base_contact: 0.4561
--------------------------------------------------------------------------------
                         Iteration time: 5.95s
                           Time elapsed: 00:28:18
                                    ETA: 02:06:06

################################################################################
[1m                          Learning iteration 275/1500                           [0m 

                            Total steps: 27131904 
                       Steps per second: 16666 
                        Collection time: 5.619s 
                          Learning time: 0.279s 
                        Mean value loss: 0.0384
                    Mean surrogate loss: -0.0002
                      Mean entropy loss: 13.4014
                            Mean reward: 7.52
                    Mean episode length: 520.67
                        Mean action std: 0.78
    Episode_Reward/track_lin_vel_xy_exp: 0.2336
     Episode_Reward/track_ang_vel_z_exp: 0.2013
            Episode_Reward/lin_vel_z_l2: 0.0000
           Episode_Reward/ang_vel_xy_l2: -0.0618
          Episode_Reward/dof_torques_l2: -0.0364
              Episode_Reward/dof_acc_l2: -0.1002
          Episode_Reward/action_rate_l2: -0.0823
      Episode_Reward/undesired_contacts: -0.0043
     Episode_Reward/flat_orientation_l2: -0.2275
          Episode_Reward/dof_pos_limits: 0.0000
   Episode_Reward/disabled_legs_contact: -0.0069
    Episode_Reward/disabled_legs_height: 0.3879
     Episode_Reward/single_leg_air_time: -0.0006
         Episode_Reward/base_height_exp: 0.0800
              Curriculum/terrain_levels: 0.0000
                   Metrics/success_rate: 0.0202
     Metrics/base_velocity/error_vel_xy: 0.7869
    Metrics/base_velocity/error_vel_yaw: 0.5689
           Episode_Termination/time_out: 0.5442
       Episode_Termination/base_contact: 0.4558
--------------------------------------------------------------------------------
                         Iteration time: 5.90s
                           Time elapsed: 00:28:24
                                    ETA: 02:05:59

################################################################################
[1m                          Learning iteration 276/1500                           [0m 

                            Total steps: 27230208 
                       Steps per second: 16573 
                        Collection time: 5.654s 
                          Learning time: 0.277s 
                        Mean value loss: 0.0346
                    Mean surrogate loss: 0.0028
                      Mean entropy loss: 13.4010
                            Mean reward: 9.40
                    Mean episode length: 625.71
                        Mean action std: 0.78
    Episode_Reward/track_lin_vel_xy_exp: 0.2510
     Episode_Reward/track_ang_vel_z_exp: 0.2456
            Episode_Reward/lin_vel_z_l2: 0.0000
           Episode_Reward/ang_vel_xy_l2: -0.0681
          Episode_Reward/dof_torques_l2: -0.0426
              Episode_Reward/dof_acc_l2: -0.1173
          Episode_Reward/action_rate_l2: -0.0961
      Episode_Reward/undesired_contacts: -0.0027
     Episode_Reward/flat_orientation_l2: -0.2602
          Episode_Reward/dof_pos_limits: 0.0000
   Episode_Reward/disabled_legs_contact: -0.0085
    Episode_Reward/disabled_legs_height: 0.4797
     Episode_Reward/single_leg_air_time: -0.0007
         Episode_Reward/base_height_exp: 0.0722
              Curriculum/terrain_levels: 0.0000
                   Metrics/success_rate: 0.0464
     Metrics/base_velocity/error_vel_xy: 0.7728
    Metrics/base_velocity/error_vel_yaw: 0.5486
           Episode_Termination/time_out: 0.5439
       Episode_Termination/base_contact: 0.4561
--------------------------------------------------------------------------------
                         Iteration time: 5.93s
                           Time elapsed: 00:28:30
                                    ETA: 02:05:51

################################################################################
[1m                          Learning iteration 277/1500                           [0m 

                            Total steps: 27328512 
                       Steps per second: 16492 
                        Collection time: 5.683s 
                          Learning time: 0.278s 
                        Mean value loss: 0.0338
                    Mean surrogate loss: 0.0026
                      Mean entropy loss: 13.4041
                            Mean reward: 7.84
                    Mean episode length: 641.57
                        Mean action std: 0.78
    Episode_Reward/track_lin_vel_xy_exp: 0.2247
     Episode_Reward/track_ang_vel_z_exp: 0.2499
            Episode_Reward/lin_vel_z_l2: 0.0000
           Episode_Reward/ang_vel_xy_l2: -0.0692
          Episode_Reward/dof_torques_l2: -0.0429
              Episode_Reward/dof_acc_l2: -0.1201
          Episode_Reward/action_rate_l2: -0.0982
      Episode_Reward/undesired_contacts: -0.0026
     Episode_Reward/flat_orientation_l2: -0.2702
          Episode_Reward/dof_pos_limits: 0.0000
   Episode_Reward/disabled_legs_contact: -0.0080
    Episode_Reward/disabled_legs_height: 0.4490
     Episode_Reward/single_leg_air_time: -0.0009
         Episode_Reward/base_height_exp: 0.0937
              Curriculum/terrain_levels: 0.0000
                   Metrics/success_rate: 0.0146
     Metrics/base_velocity/error_vel_xy: 0.7900
    Metrics/base_velocity/error_vel_yaw: 0.5414
           Episode_Termination/time_out: 0.5432
       Episode_Termination/base_contact: 0.4568
--------------------------------------------------------------------------------
                         Iteration time: 5.96s
                           Time elapsed: 00:28:36
                                    ETA: 02:05:44

################################################################################
[1m                          Learning iteration 278/1500                           [0m 

                            Total steps: 27426816 
                       Steps per second: 16470 
                        Collection time: 5.687s 
                          Learning time: 0.282s 
                        Mean value loss: 0.0384
                    Mean surrogate loss: 0.0003
                      Mean entropy loss: 13.4045
                            Mean reward: 9.48
                    Mean episode length: 601.57
                        Mean action std: 0.78
    Episode_Reward/track_lin_vel_xy_exp: 0.2944
     Episode_Reward/track_ang_vel_z_exp: 0.2392
            Episode_Reward/lin_vel_z_l2: 0.0000
           Episode_Reward/ang_vel_xy_l2: -0.0658
          Episode_Reward/dof_torques_l2: -0.0398
              Episode_Reward/dof_acc_l2: -0.1089
          Episode_Reward/action_rate_l2: -0.0913
      Episode_Reward/undesired_contacts: -0.0026
     Episode_Reward/flat_orientation_l2: -0.2485
          Episode_Reward/dof_pos_limits: 0.0000
   Episode_Reward/disabled_legs_contact: -0.0055
    Episode_Reward/disabled_legs_height: 0.4279
     Episode_Reward/single_leg_air_time: -0.0007
         Episode_Reward/base_height_exp: 0.0864
              Curriculum/terrain_levels: 0.0000
                   Metrics/success_rate: 0.0539
     Metrics/base_velocity/error_vel_xy: 0.7439
    Metrics/base_velocity/error_vel_yaw: 0.5335
           Episode_Termination/time_out: 0.5451
       Episode_Termination/base_contact: 0.4549
--------------------------------------------------------------------------------
                         Iteration time: 5.97s
                           Time elapsed: 00:28:42
                                    ETA: 02:05:37

################################################################################
[1m                          Learning iteration 279/1500                           [0m 

                            Total steps: 27525120 
                       Steps per second: 16501 
                        Collection time: 5.679s 
                          Learning time: 0.278s 
                        Mean value loss: 0.0372
                    Mean surrogate loss: -0.0022
                      Mean entropy loss: 13.4080
                            Mean reward: 9.12
                    Mean episode length: 648.49
                        Mean action std: 0.78
    Episode_Reward/track_lin_vel_xy_exp: 0.2708
     Episode_Reward/track_ang_vel_z_exp: 0.2609
            Episode_Reward/lin_vel_z_l2: 0.0000
           Episode_Reward/ang_vel_xy_l2: -0.0690
          Episode_Reward/dof_torques_l2: -0.0448
              Episode_Reward/dof_acc_l2: -0.1184
          Episode_Reward/action_rate_l2: -0.0995
      Episode_Reward/undesired_contacts: -0.0029
     Episode_Reward/flat_orientation_l2: -0.2719
          Episode_Reward/dof_pos_limits: 0.0000
   Episode_Reward/disabled_legs_contact: -0.0066
    Episode_Reward/disabled_legs_height: 0.4288
     Episode_Reward/single_leg_air_time: -0.0007
         Episode_Reward/base_height_exp: 0.0781
              Curriculum/terrain_levels: 0.0000
                   Metrics/success_rate: 0.0000
     Metrics/base_velocity/error_vel_xy: 0.7675
    Metrics/base_velocity/error_vel_yaw: 0.5053
           Episode_Termination/time_out: 0.5459
       Episode_Termination/base_contact: 0.4541
--------------------------------------------------------------------------------
                         Iteration time: 5.96s
                           Time elapsed: 00:28:48
                                    ETA: 02:05:30

################################################################################
[1m                          Learning iteration 280/1500                           [0m 

                            Total steps: 27623424 
                       Steps per second: 16488 
                        Collection time: 5.684s 
                          Learning time: 0.278s 
                        Mean value loss: 0.0346
                    Mean surrogate loss: 0.0003
                      Mean entropy loss: 13.4104
                            Mean reward: 9.27
                    Mean episode length: 631.90
                        Mean action std: 0.78
    Episode_Reward/track_lin_vel_xy_exp: 0.2385
     Episode_Reward/track_ang_vel_z_exp: 0.2623
            Episode_Reward/lin_vel_z_l2: 0.0000
           Episode_Reward/ang_vel_xy_l2: -0.0692
          Episode_Reward/dof_torques_l2: -0.0444
              Episode_Reward/dof_acc_l2: -0.1150
          Episode_Reward/action_rate_l2: -0.0991
      Episode_Reward/undesired_contacts: -0.0034
     Episode_Reward/flat_orientation_l2: -0.2698
          Episode_Reward/dof_pos_limits: 0.0000
   Episode_Reward/disabled_legs_contact: -0.0058
    Episode_Reward/disabled_legs_height: 0.4715
     Episode_Reward/single_leg_air_time: -0.0008
         Episode_Reward/base_height_exp: 0.0887
              Curriculum/terrain_levels: 0.0000
                   Metrics/success_rate: 0.0130
     Metrics/base_velocity/error_vel_xy: 0.7860
    Metrics/base_velocity/error_vel_yaw: 0.5171
           Episode_Termination/time_out: 0.5482
       Episode_Termination/base_contact: 0.4518
--------------------------------------------------------------------------------
                         Iteration time: 5.96s
                           Time elapsed: 00:28:54
                                    ETA: 02:05:23

################################################################################
[1m                          Learning iteration 281/1500                           [0m 

                            Total steps: 27721728 
                       Steps per second: 16578 
                        Collection time: 5.652s 
                          Learning time: 0.278s 
                        Mean value loss: 0.0409
                    Mean surrogate loss: -0.0021
                      Mean entropy loss: 13.4159
                            Mean reward: 10.02
                    Mean episode length: 621.73
                        Mean action std: 0.78
    Episode_Reward/track_lin_vel_xy_exp: 0.2918
     Episode_Reward/track_ang_vel_z_exp: 0.2648
            Episode_Reward/lin_vel_z_l2: 0.0000
           Episode_Reward/ang_vel_xy_l2: -0.0701
          Episode_Reward/dof_torques_l2: -0.0454
              Episode_Reward/dof_acc_l2: -0.1197
          Episode_Reward/action_rate_l2: -0.1014
      Episode_Reward/undesired_contacts: -0.0038
     Episode_Reward/flat_orientation_l2: -0.2722
          Episode_Reward/dof_pos_limits: 0.0000
   Episode_Reward/disabled_legs_contact: -0.0065
    Episode_Reward/disabled_legs_height: 0.4951
     Episode_Reward/single_leg_air_time: -0.0007
         Episode_Reward/base_height_exp: 0.0965
              Curriculum/terrain_levels: 0.0000
                   Metrics/success_rate: 0.0685
     Metrics/base_velocity/error_vel_xy: 0.7618
    Metrics/base_velocity/error_vel_yaw: 0.5217
           Episode_Termination/time_out: 0.5505
       Episode_Termination/base_contact: 0.4495
--------------------------------------------------------------------------------
                         Iteration time: 5.93s
                           Time elapsed: 00:29:00
                                    ETA: 02:05:16

################################################################################
[1m                          Learning iteration 282/1500                           [0m 

                            Total steps: 27820032 
                       Steps per second: 16546 
                        Collection time: 5.664s 
                          Learning time: 0.278s 
                        Mean value loss: 0.0366
                    Mean surrogate loss: -0.0004
                      Mean entropy loss: 13.4231
                            Mean reward: 9.59
                    Mean episode length: 630.94
                        Mean action std: 0.78
    Episode_Reward/track_lin_vel_xy_exp: 0.3160
     Episode_Reward/track_ang_vel_z_exp: 0.2707
            Episode_Reward/lin_vel_z_l2: 0.0000
           Episode_Reward/ang_vel_xy_l2: -0.0739
          Episode_Reward/dof_torques_l2: -0.0475
              Episode_Reward/dof_acc_l2: -0.1280
          Episode_Reward/action_rate_l2: -0.1063
      Episode_Reward/undesired_contacts: -0.0032
     Episode_Reward/flat_orientation_l2: -0.2748
          Episode_Reward/dof_pos_limits: 0.0000
   Episode_Reward/disabled_legs_contact: -0.0196
    Episode_Reward/disabled_legs_height: 0.4749
     Episode_Reward/single_leg_air_time: -0.0008
         Episode_Reward/base_height_exp: 0.1004
              Curriculum/terrain_levels: 0.0000
                   Metrics/success_rate: 0.0493
     Metrics/base_velocity/error_vel_xy: 0.7293
    Metrics/base_velocity/error_vel_yaw: 0.5257
           Episode_Termination/time_out: 0.5537
       Episode_Termination/base_contact: 0.4463
--------------------------------------------------------------------------------
                         Iteration time: 5.94s
                           Time elapsed: 00:29:06
                                    ETA: 02:05:09

################################################################################
[1m                          Learning iteration 283/1500                           [0m 

                            Total steps: 27918336 
                       Steps per second: 16691 
                        Collection time: 5.611s 
                          Learning time: 0.278s 
                        Mean value loss: 0.0358
                    Mean surrogate loss: -0.0020
                      Mean entropy loss: 13.4232
                            Mean reward: 7.87
                    Mean episode length: 631.53
                        Mean action std: 0.78
    Episode_Reward/track_lin_vel_xy_exp: 0.2669
     Episode_Reward/track_ang_vel_z_exp: 0.2559
            Episode_Reward/lin_vel_z_l2: 0.0000
           Episode_Reward/ang_vel_xy_l2: -0.0703
          Episode_Reward/dof_torques_l2: -0.0445
              Episode_Reward/dof_acc_l2: -0.1176
          Episode_Reward/action_rate_l2: -0.0999
      Episode_Reward/undesired_contacts: -0.0040
     Episode_Reward/flat_orientation_l2: -0.2722
          Episode_Reward/dof_pos_limits: 0.0000
   Episode_Reward/disabled_legs_contact: -0.0051
    Episode_Reward/disabled_legs_height: 0.4345
     Episode_Reward/single_leg_air_time: -0.0007
         Episode_Reward/base_height_exp: 0.0736
              Curriculum/terrain_levels: 0.0000
                   Metrics/success_rate: 0.0748
     Metrics/base_velocity/error_vel_xy: 0.7410
    Metrics/base_velocity/error_vel_yaw: 0.5284
           Episode_Termination/time_out: 0.5565
       Episode_Termination/base_contact: 0.4435
--------------------------------------------------------------------------------
                         Iteration time: 5.89s
                           Time elapsed: 00:29:12
                                    ETA: 02:05:01

################################################################################
[1m                          Learning iteration 284/1500                           [0m 

                            Total steps: 28016640 
                       Steps per second: 16696 
                        Collection time: 5.611s 
                          Learning time: 0.277s 
                        Mean value loss: 0.0354
                    Mean surrogate loss: -0.0015
                      Mean entropy loss: 13.4271
                            Mean reward: 6.24
                    Mean episode length: 576.47
                        Mean action std: 0.78
    Episode_Reward/track_lin_vel_xy_exp: 0.2150
     Episode_Reward/track_ang_vel_z_exp: 0.2092
            Episode_Reward/lin_vel_z_l2: 0.0000
           Episode_Reward/ang_vel_xy_l2: -0.0615
          Episode_Reward/dof_torques_l2: -0.0367
              Episode_Reward/dof_acc_l2: -0.0991
          Episode_Reward/action_rate_l2: -0.0830
      Episode_Reward/undesired_contacts: -0.0076
     Episode_Reward/flat_orientation_l2: -0.2231
          Episode_Reward/dof_pos_limits: 0.0000
   Episode_Reward/disabled_legs_contact: -0.0073
    Episode_Reward/disabled_legs_height: 0.3464
     Episode_Reward/single_leg_air_time: -0.0006
         Episode_Reward/base_height_exp: 0.0624
              Curriculum/terrain_levels: 0.0000
                   Metrics/success_rate: 0.0362
     Metrics/base_velocity/error_vel_xy: 0.7630
    Metrics/base_velocity/error_vel_yaw: 0.5822
           Episode_Termination/time_out: 0.5556
       Episode_Termination/base_contact: 0.4444
--------------------------------------------------------------------------------
                         Iteration time: 5.89s
                           Time elapsed: 00:29:17
                                    ETA: 02:04:54

################################################################################
[1m                          Learning iteration 285/1500                           [0m 

                            Total steps: 28114944 
                       Steps per second: 16652 
                        Collection time: 5.626s 
                          Learning time: 0.277s 
                        Mean value loss: 0.0376
                    Mean surrogate loss: -0.0001
                      Mean entropy loss: 13.4387
                            Mean reward: 7.95
                    Mean episode length: 663.89
                        Mean action std: 0.78
    Episode_Reward/track_lin_vel_xy_exp: 0.2886
     Episode_Reward/track_ang_vel_z_exp: 0.2702
            Episode_Reward/lin_vel_z_l2: 0.0000
           Episode_Reward/ang_vel_xy_l2: -0.0725
          Episode_Reward/dof_torques_l2: -0.0464
              Episode_Reward/dof_acc_l2: -0.1232
          Episode_Reward/action_rate_l2: -0.1046
      Episode_Reward/undesired_contacts: -0.0065
     Episode_Reward/flat_orientation_l2: -0.2744
          Episode_Reward/dof_pos_limits: 0.0000
   Episode_Reward/disabled_legs_contact: -0.0088
    Episode_Reward/disabled_legs_height: 0.4301
     Episode_Reward/single_leg_air_time: -0.0008
         Episode_Reward/base_height_exp: 0.0924
              Curriculum/terrain_levels: 0.0000
                   Metrics/success_rate: 0.0281
     Metrics/base_velocity/error_vel_xy: 0.7496
    Metrics/base_velocity/error_vel_yaw: 0.5219
           Episode_Termination/time_out: 0.5540
       Episode_Termination/base_contact: 0.4460
--------------------------------------------------------------------------------
                         Iteration time: 5.90s
                           Time elapsed: 00:29:23
                                    ETA: 02:04:46

################################################################################
[1m                          Learning iteration 286/1500                           [0m 

                            Total steps: 28213248 
                       Steps per second: 16624 
                        Collection time: 5.638s 
                          Learning time: 0.275s 
                        Mean value loss: 0.0295
                    Mean surrogate loss: 0.0049
                      Mean entropy loss: 13.4464
                            Mean reward: 8.66
                    Mean episode length: 620.89
                        Mean action std: 0.78
    Episode_Reward/track_lin_vel_xy_exp: 0.2819
     Episode_Reward/track_ang_vel_z_exp: 0.2422
            Episode_Reward/lin_vel_z_l2: 0.0000
           Episode_Reward/ang_vel_xy_l2: -0.0693
          Episode_Reward/dof_torques_l2: -0.0431
              Episode_Reward/dof_acc_l2: -0.1153
          Episode_Reward/action_rate_l2: -0.0965
      Episode_Reward/undesired_contacts: -0.0060
     Episode_Reward/flat_orientation_l2: -0.2541
          Episode_Reward/dof_pos_limits: 0.0000
   Episode_Reward/disabled_legs_contact: -0.0086
    Episode_Reward/disabled_legs_height: 0.4488
     Episode_Reward/single_leg_air_time: -0.0006
         Episode_Reward/base_height_exp: 0.0900
              Curriculum/terrain_levels: 0.0000
                   Metrics/success_rate: 0.0598
     Metrics/base_velocity/error_vel_xy: 0.7611
    Metrics/base_velocity/error_vel_yaw: 0.5362
           Episode_Termination/time_out: 0.5548
       Episode_Termination/base_contact: 0.4452
--------------------------------------------------------------------------------
                         Iteration time: 5.91s
                           Time elapsed: 00:29:29
                                    ETA: 02:04:39

################################################################################
[1m                          Learning iteration 287/1500                           [0m 

                            Total steps: 28311552 
                       Steps per second: 16680 
                        Collection time: 5.618s 
                          Learning time: 0.275s 
                        Mean value loss: 0.0296
                    Mean surrogate loss: -0.0016
                      Mean entropy loss: 13.4493
                            Mean reward: 8.45
                    Mean episode length: 602.02
                        Mean action std: 0.78
    Episode_Reward/track_lin_vel_xy_exp: 0.2230
     Episode_Reward/track_ang_vel_z_exp: 0.2374
            Episode_Reward/lin_vel_z_l2: 0.0000
           Episode_Reward/ang_vel_xy_l2: -0.0677
          Episode_Reward/dof_torques_l2: -0.0417
              Episode_Reward/dof_acc_l2: -0.1126
          Episode_Reward/action_rate_l2: -0.0939
      Episode_Reward/undesired_contacts: -0.0046
     Episode_Reward/flat_orientation_l2: -0.2407
          Episode_Reward/dof_pos_limits: 0.0000
   Episode_Reward/disabled_legs_contact: -0.0124
    Episode_Reward/disabled_legs_height: 0.4143
     Episode_Reward/single_leg_air_time: -0.0007
         Episode_Reward/base_height_exp: 0.0708
              Curriculum/terrain_levels: 0.0000
                   Metrics/success_rate: 0.0143
     Metrics/base_velocity/error_vel_xy: 0.7629
    Metrics/base_velocity/error_vel_yaw: 0.5386
           Episode_Termination/time_out: 0.5550
       Episode_Termination/base_contact: 0.4450
--------------------------------------------------------------------------------
                         Iteration time: 5.89s
                           Time elapsed: 00:29:35
                                    ETA: 02:04:32

################################################################################
[1m                          Learning iteration 288/1500                           [0m 

                            Total steps: 28409856 
                       Steps per second: 16777 
                        Collection time: 5.583s 
                          Learning time: 0.276s 
                        Mean value loss: 0.0365
                    Mean surrogate loss: -0.0012
                      Mean entropy loss: 13.4580
                            Mean reward: 10.08
                    Mean episode length: 701.87
                        Mean action std: 0.78
    Episode_Reward/track_lin_vel_xy_exp: 0.2781
     Episode_Reward/track_ang_vel_z_exp: 0.2856
            Episode_Reward/lin_vel_z_l2: 0.0000
           Episode_Reward/ang_vel_xy_l2: -0.0754
          Episode_Reward/dof_torques_l2: -0.0487
              Episode_Reward/dof_acc_l2: -0.1319
          Episode_Reward/action_rate_l2: -0.1096
      Episode_Reward/undesired_contacts: -0.0072
     Episode_Reward/flat_orientation_l2: -0.2781
          Episode_Reward/dof_pos_limits: 0.0000
   Episode_Reward/disabled_legs_contact: -0.0108
    Episode_Reward/disabled_legs_height: 0.4668
     Episode_Reward/single_leg_air_time: -0.0008
         Episode_Reward/base_height_exp: 0.1090
              Curriculum/terrain_levels: 0.0000
                   Metrics/success_rate: 0.0361
     Metrics/base_velocity/error_vel_xy: 0.7870
    Metrics/base_velocity/error_vel_yaw: 0.4900
           Episode_Termination/time_out: 0.5574
       Episode_Termination/base_contact: 0.4426
--------------------------------------------------------------------------------
                         Iteration time: 5.86s
                           Time elapsed: 00:29:41
                                    ETA: 02:04:24

################################################################################
[1m                          Learning iteration 289/1500                           [0m 

                            Total steps: 28508160 
                       Steps per second: 16806 
                        Collection time: 5.573s 
                          Learning time: 0.276s 
                        Mean value loss: 0.0336
                    Mean surrogate loss: -0.0008
                      Mean entropy loss: 13.4600
                            Mean reward: 10.81
                    Mean episode length: 683.71
                        Mean action std: 0.78
    Episode_Reward/track_lin_vel_xy_exp: 0.2947
     Episode_Reward/track_ang_vel_z_exp: 0.2957
            Episode_Reward/lin_vel_z_l2: 0.0000
           Episode_Reward/ang_vel_xy_l2: -0.0726
          Episode_Reward/dof_torques_l2: -0.0489
              Episode_Reward/dof_acc_l2: -0.1315
          Episode_Reward/action_rate_l2: -0.1097
      Episode_Reward/undesired_contacts: -0.0067
     Episode_Reward/flat_orientation_l2: -0.2853
          Episode_Reward/dof_pos_limits: 0.0000
   Episode_Reward/disabled_legs_contact: -0.0076
    Episode_Reward/disabled_legs_height: 0.5145
     Episode_Reward/single_leg_air_time: -0.0008
         Episode_Reward/base_height_exp: 0.0988
              Curriculum/terrain_levels: 0.0000
                   Metrics/success_rate: 0.0792
     Metrics/base_velocity/error_vel_xy: 0.7524
    Metrics/base_velocity/error_vel_yaw: 0.5026
           Episode_Termination/time_out: 0.5611
       Episode_Termination/base_contact: 0.4389
--------------------------------------------------------------------------------
                         Iteration time: 5.85s
                           Time elapsed: 00:29:47
                                    ETA: 02:04:17

################################################################################
[1m                          Learning iteration 290/1500                           [0m 

                            Total steps: 28606464 
                       Steps per second: 16868 
                        Collection time: 5.552s 
                          Learning time: 0.275s 
                        Mean value loss: 0.0381
                    Mean surrogate loss: -0.0006
                      Mean entropy loss: 13.4612
                            Mean reward: 11.84
                    Mean episode length: 742.91
                        Mean action std: 0.78
    Episode_Reward/track_lin_vel_xy_exp: 0.3819
     Episode_Reward/track_ang_vel_z_exp: 0.3044
            Episode_Reward/lin_vel_z_l2: 0.0000
           Episode_Reward/ang_vel_xy_l2: -0.0803
          Episode_Reward/dof_torques_l2: -0.0533
              Episode_Reward/dof_acc_l2: -0.1430
          Episode_Reward/action_rate_l2: -0.1185
      Episode_Reward/undesired_contacts: -0.0069
     Episode_Reward/flat_orientation_l2: -0.2947
          Episode_Reward/dof_pos_limits: 0.0000
   Episode_Reward/disabled_legs_contact: -0.0120
    Episode_Reward/disabled_legs_height: 0.5195
     Episode_Reward/single_leg_air_time: -0.0009
         Episode_Reward/base_height_exp: 0.1169
              Curriculum/terrain_levels: 0.0000
                   Metrics/success_rate: 0.1049
     Metrics/base_velocity/error_vel_xy: 0.7122
    Metrics/base_velocity/error_vel_yaw: 0.4887
           Episode_Termination/time_out: 0.5664
       Episode_Termination/base_contact: 0.4336
--------------------------------------------------------------------------------
                         Iteration time: 5.83s
                           Time elapsed: 00:29:53
                                    ETA: 02:04:09

################################################################################
[1m                          Learning iteration 291/1500                           [0m 

                            Total steps: 28704768 
                       Steps per second: 16706 
                        Collection time: 5.608s 
                          Learning time: 0.276s 
                        Mean value loss: 0.0297
                    Mean surrogate loss: 0.0011
                      Mean entropy loss: 13.4628
                            Mean reward: 9.82
                    Mean episode length: 705.10
                        Mean action std: 0.78
    Episode_Reward/track_lin_vel_xy_exp: 0.2948
     Episode_Reward/track_ang_vel_z_exp: 0.2842
            Episode_Reward/lin_vel_z_l2: 0.0000
           Episode_Reward/ang_vel_xy_l2: -0.0743
          Episode_Reward/dof_torques_l2: -0.0490
              Episode_Reward/dof_acc_l2: -0.1345
          Episode_Reward/action_rate_l2: -0.1092
      Episode_Reward/undesired_contacts: -0.0061
     Episode_Reward/flat_orientation_l2: -0.2654
          Episode_Reward/dof_pos_limits: 0.0000
   Episode_Reward/disabled_legs_contact: -0.0134
    Episode_Reward/disabled_legs_height: 0.4672
     Episode_Reward/single_leg_air_time: -0.0008
         Episode_Reward/base_height_exp: 0.0889
              Curriculum/terrain_levels: 0.0000
                   Metrics/success_rate: 0.0372
     Metrics/base_velocity/error_vel_xy: 0.7621
    Metrics/base_velocity/error_vel_yaw: 0.5101
           Episode_Termination/time_out: 0.5693
       Episode_Termination/base_contact: 0.4307
--------------------------------------------------------------------------------
                         Iteration time: 5.88s
                           Time elapsed: 00:29:59
                                    ETA: 02:04:02

################################################################################
[1m                          Learning iteration 292/1500                           [0m 

                            Total steps: 28803072 
                       Steps per second: 16721 
                        Collection time: 5.602s 
                          Learning time: 0.277s 
                        Mean value loss: 0.0394
                    Mean surrogate loss: -0.0018
                      Mean entropy loss: 13.4497
                            Mean reward: 11.11
                    Mean episode length: 771.16
                        Mean action std: 0.78
    Episode_Reward/track_lin_vel_xy_exp: 0.3443
     Episode_Reward/track_ang_vel_z_exp: 0.3165
            Episode_Reward/lin_vel_z_l2: 0.0000
           Episode_Reward/ang_vel_xy_l2: -0.0822
          Episode_Reward/dof_torques_l2: -0.0544
              Episode_Reward/dof_acc_l2: -0.1442
          Episode_Reward/action_rate_l2: -0.1210
      Episode_Reward/undesired_contacts: -0.0043
     Episode_Reward/flat_orientation_l2: -0.2945
          Episode_Reward/dof_pos_limits: 0.0000
   Episode_Reward/disabled_legs_contact: -0.0144
    Episode_Reward/disabled_legs_height: 0.5251
     Episode_Reward/single_leg_air_time: -0.0009
         Episode_Reward/base_height_exp: 0.0962
              Curriculum/terrain_levels: 0.0000
                   Metrics/success_rate: 0.0618
     Metrics/base_velocity/error_vel_xy: 0.7746
    Metrics/base_velocity/error_vel_yaw: 0.4779
           Episode_Termination/time_out: 0.5715
       Episode_Termination/base_contact: 0.4285
--------------------------------------------------------------------------------
                         Iteration time: 5.88s
                           Time elapsed: 00:30:04
                                    ETA: 02:03:55

################################################################################
[1m                          Learning iteration 293/1500                           [0m 

                            Total steps: 28901376 
                       Steps per second: 16787 
                        Collection time: 5.579s 
                          Learning time: 0.277s 
                        Mean value loss: 0.0477
                    Mean surrogate loss: -0.0019
                      Mean entropy loss: 13.4369
                            Mean reward: 11.63
                    Mean episode length: 785.08
                        Mean action std: 0.78
    Episode_Reward/track_lin_vel_xy_exp: 0.3174
     Episode_Reward/track_ang_vel_z_exp: 0.3258
            Episode_Reward/lin_vel_z_l2: 0.0000
           Episode_Reward/ang_vel_xy_l2: -0.0804
          Episode_Reward/dof_torques_l2: -0.0542
              Episode_Reward/dof_acc_l2: -0.1436
          Episode_Reward/action_rate_l2: -0.1215
      Episode_Reward/undesired_contacts: -0.0035
     Episode_Reward/flat_orientation_l2: -0.3019
          Episode_Reward/dof_pos_limits: 0.0000
   Episode_Reward/disabled_legs_contact: -0.0103
    Episode_Reward/disabled_legs_height: 0.5243
     Episode_Reward/single_leg_air_time: -0.0009
         Episode_Reward/base_height_exp: 0.1070
              Curriculum/terrain_levels: 0.0000
                   Metrics/success_rate: 0.0694
     Metrics/base_velocity/error_vel_xy: 0.7742
    Metrics/base_velocity/error_vel_yaw: 0.4697
           Episode_Termination/time_out: 0.5769
       Episode_Termination/base_contact: 0.4231
--------------------------------------------------------------------------------
                         Iteration time: 5.86s
                           Time elapsed: 00:30:10
                                    ETA: 02:03:47

################################################################################
[1m                          Learning iteration 294/1500                           [0m 

                            Total steps: 28999680 
                       Steps per second: 16535 
                        Collection time: 5.670s 
                          Learning time: 0.275s 
                        Mean value loss: 0.0309
                    Mean surrogate loss: 0.0025
                      Mean entropy loss: 13.4332
                            Mean reward: 10.67
                    Mean episode length: 749.52
                        Mean action std: 0.78
    Episode_Reward/track_lin_vel_xy_exp: 0.3208
     Episode_Reward/track_ang_vel_z_exp: 0.3260
            Episode_Reward/lin_vel_z_l2: 0.0000
           Episode_Reward/ang_vel_xy_l2: -0.0829
          Episode_Reward/dof_torques_l2: -0.0545
              Episode_Reward/dof_acc_l2: -0.1463
          Episode_Reward/action_rate_l2: -0.1233
      Episode_Reward/undesired_contacts: -0.0042
     Episode_Reward/flat_orientation_l2: -0.2978
          Episode_Reward/dof_pos_limits: 0.0000
   Episode_Reward/disabled_legs_contact: -0.0132
    Episode_Reward/disabled_legs_height: 0.5481
     Episode_Reward/single_leg_air_time: -0.0008
         Episode_Reward/base_height_exp: 0.1221
              Curriculum/terrain_levels: 0.0000
                   Metrics/success_rate: 0.0741
     Metrics/base_velocity/error_vel_xy: 0.7772
    Metrics/base_velocity/error_vel_yaw: 0.4662
           Episode_Termination/time_out: 0.5803
       Episode_Termination/base_contact: 0.4197
--------------------------------------------------------------------------------
                         Iteration time: 5.94s
                           Time elapsed: 00:30:16
                                    ETA: 02:03:40

################################################################################
[1m                          Learning iteration 295/1500                           [0m 

                            Total steps: 29097984 
                       Steps per second: 16558 
                        Collection time: 5.662s 
                          Learning time: 0.275s 
                        Mean value loss: 0.0286
                    Mean surrogate loss: -0.0027
                      Mean entropy loss: 13.4293
                            Mean reward: 10.04
                    Mean episode length: 710.78
                        Mean action std: 0.78
    Episode_Reward/track_lin_vel_xy_exp: 0.3376
     Episode_Reward/track_ang_vel_z_exp: 0.3157
            Episode_Reward/lin_vel_z_l2: 0.0000
           Episode_Reward/ang_vel_xy_l2: -0.0815
          Episode_Reward/dof_torques_l2: -0.0543
              Episode_Reward/dof_acc_l2: -0.1468
          Episode_Reward/action_rate_l2: -0.1207
      Episode_Reward/undesired_contacts: -0.0045
     Episode_Reward/flat_orientation_l2: -0.2914
          Episode_Reward/dof_pos_limits: 0.0000
   Episode_Reward/disabled_legs_contact: -0.0197
    Episode_Reward/disabled_legs_height: 0.5124
     Episode_Reward/single_leg_air_time: -0.0008
         Episode_Reward/base_height_exp: 0.1122
              Curriculum/terrain_levels: 0.0000
                   Metrics/success_rate: 0.0822
     Metrics/base_velocity/error_vel_xy: 0.7612
    Metrics/base_velocity/error_vel_yaw: 0.4808
           Episode_Termination/time_out: 0.5854
       Episode_Termination/base_contact: 0.4146
--------------------------------------------------------------------------------
                         Iteration time: 5.94s
                           Time elapsed: 00:30:22
                                    ETA: 02:03:33

################################################################################
[1m                          Learning iteration 296/1500                           [0m 

                            Total steps: 29196288 
                       Steps per second: 16498 
                        Collection time: 5.681s 
                          Learning time: 0.277s 
                        Mean value loss: 0.0367
                    Mean surrogate loss: 0.0020
                      Mean entropy loss: 13.4313
                            Mean reward: 12.26
                    Mean episode length: 779.17
                        Mean action std: 0.78
    Episode_Reward/track_lin_vel_xy_exp: 0.3382
     Episode_Reward/track_ang_vel_z_exp: 0.3077
            Episode_Reward/lin_vel_z_l2: 0.0000
           Episode_Reward/ang_vel_xy_l2: -0.0797
          Episode_Reward/dof_torques_l2: -0.0519
              Episode_Reward/dof_acc_l2: -0.1431
          Episode_Reward/action_rate_l2: -0.1180
      Episode_Reward/undesired_contacts: -0.0057
     Episode_Reward/flat_orientation_l2: -0.2885
          Episode_Reward/dof_pos_limits: 0.0000
   Episode_Reward/disabled_legs_contact: -0.0119
    Episode_Reward/disabled_legs_height: 0.5264
     Episode_Reward/single_leg_air_time: -0.0008
         Episode_Reward/base_height_exp: 0.1015
              Curriculum/terrain_levels: 0.0000
                   Metrics/success_rate: 0.0308
     Metrics/base_velocity/error_vel_xy: 0.7451
    Metrics/base_velocity/error_vel_yaw: 0.4841
           Episode_Termination/time_out: 0.5910
       Episode_Termination/base_contact: 0.4090
--------------------------------------------------------------------------------
                         Iteration time: 5.96s
                           Time elapsed: 00:30:28
                                    ETA: 02:03:26

################################################################################
[1m                          Learning iteration 297/1500                           [0m 

                            Total steps: 29294592 
                       Steps per second: 16522 
                        Collection time: 5.672s 
                          Learning time: 0.278s 
                        Mean value loss: 0.0307
                    Mean surrogate loss: 0.0049
                      Mean entropy loss: 13.4339
                            Mean reward: 8.26
                    Mean episode length: 689.17
                        Mean action std: 0.78
    Episode_Reward/track_lin_vel_xy_exp: 0.3388
     Episode_Reward/track_ang_vel_z_exp: 0.3190
            Episode_Reward/lin_vel_z_l2: 0.0000
           Episode_Reward/ang_vel_xy_l2: -0.0793
          Episode_Reward/dof_torques_l2: -0.0528
              Episode_Reward/dof_acc_l2: -0.1432
          Episode_Reward/action_rate_l2: -0.1187
      Episode_Reward/undesired_contacts: -0.0035
     Episode_Reward/flat_orientation_l2: -0.2878
          Episode_Reward/dof_pos_limits: 0.0000
   Episode_Reward/disabled_legs_contact: -0.0138
    Episode_Reward/disabled_legs_height: 0.4882
     Episode_Reward/single_leg_air_time: -0.0009
         Episode_Reward/base_height_exp: 0.0864
              Curriculum/terrain_levels: 0.0000
                   Metrics/success_rate: 0.0505
     Metrics/base_velocity/error_vel_xy: 0.7390
    Metrics/base_velocity/error_vel_yaw: 0.4756
           Episode_Termination/time_out: 0.5954
       Episode_Termination/base_contact: 0.4046
--------------------------------------------------------------------------------
                         Iteration time: 5.95s
                           Time elapsed: 00:30:34
                                    ETA: 02:03:19

################################################################################
[1m                          Learning iteration 298/1500                           [0m 

                            Total steps: 29392896 
                       Steps per second: 16604 
                        Collection time: 5.644s 
                          Learning time: 0.277s 
                        Mean value loss: 0.0321
                    Mean surrogate loss: -0.0024
                      Mean entropy loss: 13.4318
                            Mean reward: 10.41
                    Mean episode length: 747.91
                        Mean action std: 0.78
    Episode_Reward/track_lin_vel_xy_exp: 0.3524
     Episode_Reward/track_ang_vel_z_exp: 0.3515
            Episode_Reward/lin_vel_z_l2: 0.0000
           Episode_Reward/ang_vel_xy_l2: -0.0853
          Episode_Reward/dof_torques_l2: -0.0583
              Episode_Reward/dof_acc_l2: -0.1569
          Episode_Reward/action_rate_l2: -0.1299
      Episode_Reward/undesired_contacts: -0.0032
     Episode_Reward/flat_orientation_l2: -0.3045
          Episode_Reward/dof_pos_limits: 0.0000
   Episode_Reward/disabled_legs_contact: -0.0157
    Episode_Reward/disabled_legs_height: 0.5545
     Episode_Reward/single_leg_air_time: -0.0009
         Episode_Reward/base_height_exp: 0.1118
              Curriculum/terrain_levels: 0.0000
                   Metrics/success_rate: 0.0703
     Metrics/base_velocity/error_vel_xy: 0.7549
    Metrics/base_velocity/error_vel_yaw: 0.4682
           Episode_Termination/time_out: 0.5985
       Episode_Termination/base_contact: 0.4015
--------------------------------------------------------------------------------
                         Iteration time: 5.92s
                           Time elapsed: 00:30:40
                                    ETA: 02:03:12

################################################################################
[1m                          Learning iteration 299/1500                           [0m 

                            Total steps: 29491200 
                       Steps per second: 16616 
                        Collection time: 5.634s 
                          Learning time: 0.282s 
                        Mean value loss: 0.0338
                    Mean surrogate loss: -0.0015
                      Mean entropy loss: 13.4297
                            Mean reward: 10.96
                    Mean episode length: 806.39
                        Mean action std: 0.78
    Episode_Reward/track_lin_vel_xy_exp: 0.3352
     Episode_Reward/track_ang_vel_z_exp: 0.3357
            Episode_Reward/lin_vel_z_l2: 0.0000
           Episode_Reward/ang_vel_xy_l2: -0.0835
          Episode_Reward/dof_torques_l2: -0.0564
              Episode_Reward/dof_acc_l2: -0.1520
          Episode_Reward/action_rate_l2: -0.1266
      Episode_Reward/undesired_contacts: -0.0032
     Episode_Reward/flat_orientation_l2: -0.2989
          Episode_Reward/dof_pos_limits: 0.0000
   Episode_Reward/disabled_legs_contact: -0.0157
    Episode_Reward/disabled_legs_height: 0.5019
     Episode_Reward/single_leg_air_time: -0.0009
         Episode_Reward/base_height_exp: 0.0962
              Curriculum/terrain_levels: 0.0000
                   Metrics/success_rate: 0.0524
     Metrics/base_velocity/error_vel_xy: 0.7632
    Metrics/base_velocity/error_vel_yaw: 0.4705
           Episode_Termination/time_out: 0.6019
       Episode_Termination/base_contact: 0.3981
--------------------------------------------------------------------------------
                         Iteration time: 5.92s
                           Time elapsed: 00:30:46
                                    ETA: 02:03:05

################################################################################
[1m                          Learning iteration 300/1500                           [0m 

                            Total steps: 29589504 
                       Steps per second: 16809 
                        Collection time: 5.568s 
                          Learning time: 0.280s 
                        Mean value loss: 0.0312
                    Mean surrogate loss: -0.0024
                      Mean entropy loss: 13.4398
                            Mean reward: 12.67
                    Mean episode length: 857.28
                        Mean action std: 0.78
    Episode_Reward/track_lin_vel_xy_exp: 0.3335
     Episode_Reward/track_ang_vel_z_exp: 0.3614
            Episode_Reward/lin_vel_z_l2: 0.0000
           Episode_Reward/ang_vel_xy_l2: -0.0874
          Episode_Reward/dof_torques_l2: -0.0597
              Episode_Reward/dof_acc_l2: -0.1617
          Episode_Reward/action_rate_l2: -0.1333
      Episode_Reward/undesired_contacts: -0.0043
     Episode_Reward/flat_orientation_l2: -0.3177
          Episode_Reward/dof_pos_limits: 0.0000
   Episode_Reward/disabled_legs_contact: -0.0163
    Episode_Reward/disabled_legs_height: 0.5146
     Episode_Reward/single_leg_air_time: -0.0010
         Episode_Reward/base_height_exp: 0.0951
              Curriculum/terrain_levels: 0.0000
                   Metrics/success_rate: 0.0477
     Metrics/base_velocity/error_vel_xy: 0.7885
    Metrics/base_velocity/error_vel_yaw: 0.4548
           Episode_Termination/time_out: 0.6048
       Episode_Termination/base_contact: 0.3952
--------------------------------------------------------------------------------
                         Iteration time: 5.85s
                           Time elapsed: 00:30:52
                                    ETA: 02:02:58

################################################################################
[1m                          Learning iteration 301/1500                           [0m 

                            Total steps: 29687808 
                       Steps per second: 16658 
                        Collection time: 5.623s 
                          Learning time: 0.278s 
                        Mean value loss: 0.0374
                    Mean surrogate loss: 0.0005
                      Mean entropy loss: 13.4478
                            Mean reward: 11.46
                    Mean episode length: 809.51
                        Mean action std: 0.78
    Episode_Reward/track_lin_vel_xy_exp: 0.3351
     Episode_Reward/track_ang_vel_z_exp: 0.3752
            Episode_Reward/lin_vel_z_l2: 0.0000
           Episode_Reward/ang_vel_xy_l2: -0.0884
          Episode_Reward/dof_torques_l2: -0.0616
              Episode_Reward/dof_acc_l2: -0.1612
          Episode_Reward/action_rate_l2: -0.1370
      Episode_Reward/undesired_contacts: -0.0019
     Episode_Reward/flat_orientation_l2: -0.3163
          Episode_Reward/dof_pos_limits: 0.0000
   Episode_Reward/disabled_legs_contact: -0.0201
    Episode_Reward/disabled_legs_height: 0.5814
     Episode_Reward/single_leg_air_time: -0.0010
         Episode_Reward/base_height_exp: 0.0908
              Curriculum/terrain_levels: 0.0000
                   Metrics/success_rate: 0.0788
     Metrics/base_velocity/error_vel_xy: 0.7853
    Metrics/base_velocity/error_vel_yaw: 0.4411
           Episode_Termination/time_out: 0.6104
       Episode_Termination/base_contact: 0.3896
--------------------------------------------------------------------------------
                         Iteration time: 5.90s
                           Time elapsed: 00:30:58
                                    ETA: 02:02:51

################################################################################
[1m                          Learning iteration 302/1500                           [0m 

                            Total steps: 29786112 
                       Steps per second: 16507 
                        Collection time: 5.677s 
                          Learning time: 0.278s 
                        Mean value loss: 0.0349
                    Mean surrogate loss: -0.0014
                      Mean entropy loss: 13.4451
                            Mean reward: 10.31
                    Mean episode length: 885.66
                        Mean action std: 0.78
    Episode_Reward/track_lin_vel_xy_exp: 0.3378
     Episode_Reward/track_ang_vel_z_exp: 0.3716
            Episode_Reward/lin_vel_z_l2: 0.0000
           Episode_Reward/ang_vel_xy_l2: -0.0892
          Episode_Reward/dof_torques_l2: -0.0608
              Episode_Reward/dof_acc_l2: -0.1604
          Episode_Reward/action_rate_l2: -0.1347
      Episode_Reward/undesired_contacts: -0.0026
     Episode_Reward/flat_orientation_l2: -0.3108
          Episode_Reward/dof_pos_limits: 0.0000
   Episode_Reward/disabled_legs_contact: -0.0189
    Episode_Reward/disabled_legs_height: 0.4949
     Episode_Reward/single_leg_air_time: -0.0009
         Episode_Reward/base_height_exp: 0.0868
              Curriculum/terrain_levels: 0.0000
                   Metrics/success_rate: 0.0562
     Metrics/base_velocity/error_vel_xy: 0.7672
    Metrics/base_velocity/error_vel_yaw: 0.4486
           Episode_Termination/time_out: 0.6135
       Episode_Termination/base_contact: 0.3865
--------------------------------------------------------------------------------
                         Iteration time: 5.96s
                           Time elapsed: 00:31:04
                                    ETA: 02:02:44

################################################################################
[1m                          Learning iteration 303/1500                           [0m 

                            Total steps: 29884416 
                       Steps per second: 16623 
                        Collection time: 5.637s 
                          Learning time: 0.277s 
                        Mean value loss: 0.0321
                    Mean surrogate loss: 0.0004
                      Mean entropy loss: 13.4335
                            Mean reward: 10.95
                    Mean episode length: 852.66
                        Mean action std: 0.78
    Episode_Reward/track_lin_vel_xy_exp: 0.3562
     Episode_Reward/track_ang_vel_z_exp: 0.3716
            Episode_Reward/lin_vel_z_l2: 0.0000
           Episode_Reward/ang_vel_xy_l2: -0.0888
          Episode_Reward/dof_torques_l2: -0.0595
              Episode_Reward/dof_acc_l2: -0.1598
          Episode_Reward/action_rate_l2: -0.1349
      Episode_Reward/undesired_contacts: -0.0023
     Episode_Reward/flat_orientation_l2: -0.3175
          Episode_Reward/dof_pos_limits: 0.0000
   Episode_Reward/disabled_legs_contact: -0.0126
    Episode_Reward/disabled_legs_height: 0.5723
     Episode_Reward/single_leg_air_time: -0.0010
         Episode_Reward/base_height_exp: 0.0724
              Curriculum/terrain_levels: 0.0000
                   Metrics/success_rate: 0.0763
     Metrics/base_velocity/error_vel_xy: 0.7742
    Metrics/base_velocity/error_vel_yaw: 0.4400
           Episode_Termination/time_out: 0.6189
       Episode_Termination/base_contact: 0.3811
--------------------------------------------------------------------------------
                         Iteration time: 5.91s
                           Time elapsed: 00:31:10
                                    ETA: 02:02:37

################################################################################
[1m                          Learning iteration 304/1500                           [0m 

                            Total steps: 29982720 
                       Steps per second: 16605 
                        Collection time: 5.643s 
                          Learning time: 0.277s 
                        Mean value loss: 0.0325
                    Mean surrogate loss: 0.0002
                      Mean entropy loss: 13.4266
                            Mean reward: 11.01
                    Mean episode length: 773.19
                        Mean action std: 0.78
    Episode_Reward/track_lin_vel_xy_exp: 0.3688
     Episode_Reward/track_ang_vel_z_exp: 0.3572
            Episode_Reward/lin_vel_z_l2: 0.0000
           Episode_Reward/ang_vel_xy_l2: -0.0838
          Episode_Reward/dof_torques_l2: -0.0572
              Episode_Reward/dof_acc_l2: -0.1515
          Episode_Reward/action_rate_l2: -0.1281
      Episode_Reward/undesired_contacts: -0.0033
     Episode_Reward/flat_orientation_l2: -0.3021
          Episode_Reward/dof_pos_limits: 0.0000
   Episode_Reward/disabled_legs_contact: -0.0131
    Episode_Reward/disabled_legs_height: 0.5265
     Episode_Reward/single_leg_air_time: -0.0010
         Episode_Reward/base_height_exp: 0.0786
              Curriculum/terrain_levels: 0.0000
                   Metrics/success_rate: 0.0800
     Metrics/base_velocity/error_vel_xy: 0.7387
    Metrics/base_velocity/error_vel_yaw: 0.4506
           Episode_Termination/time_out: 0.6214
       Episode_Termination/base_contact: 0.3786
--------------------------------------------------------------------------------
                         Iteration time: 5.92s
                           Time elapsed: 00:31:15
                                    ETA: 02:02:30

################################################################################
[1m                          Learning iteration 305/1500                           [0m 

                            Total steps: 30081024 
                       Steps per second: 16730 
                        Collection time: 5.599s 
                          Learning time: 0.277s 
                        Mean value loss: 0.0302
                    Mean surrogate loss: -0.0024
                      Mean entropy loss: 13.4234
                            Mean reward: 13.18
                    Mean episode length: 898.74
                        Mean action std: 0.78
    Episode_Reward/track_lin_vel_xy_exp: 0.3949
     Episode_Reward/track_ang_vel_z_exp: 0.3887
            Episode_Reward/lin_vel_z_l2: 0.0000
           Episode_Reward/ang_vel_xy_l2: -0.0879
          Episode_Reward/dof_torques_l2: -0.0607
              Episode_Reward/dof_acc_l2: -0.1614
          Episode_Reward/action_rate_l2: -0.1374
      Episode_Reward/undesired_contacts: -0.0051
     Episode_Reward/flat_orientation_l2: -0.3364
          Episode_Reward/dof_pos_limits: 0.0000
   Episode_Reward/disabled_legs_contact: -0.0101
    Episode_Reward/disabled_legs_height: 0.5434
     Episode_Reward/single_leg_air_time: -0.0011
         Episode_Reward/base_height_exp: 0.0979
              Curriculum/terrain_levels: 0.0000
                   Metrics/success_rate: 0.0983
     Metrics/base_velocity/error_vel_xy: 0.7227
    Metrics/base_velocity/error_vel_yaw: 0.4194
           Episode_Termination/time_out: 0.6252
       Episode_Termination/base_contact: 0.3748
--------------------------------------------------------------------------------
                         Iteration time: 5.88s
                           Time elapsed: 00:31:21
                                    ETA: 02:02:22

################################################################################
[1m                          Learning iteration 306/1500                           [0m 

                            Total steps: 30179328 
                       Steps per second: 16649 
                        Collection time: 5.629s 
                          Learning time: 0.275s 
                        Mean value loss: 0.0317
                    Mean surrogate loss: 0.0007
                      Mean entropy loss: 13.4179
                            Mean reward: 12.34
                    Mean episode length: 915.50
                        Mean action std: 0.78
    Episode_Reward/track_lin_vel_xy_exp: 0.4318
     Episode_Reward/track_ang_vel_z_exp: 0.4114
            Episode_Reward/lin_vel_z_l2: 0.0000
           Episode_Reward/ang_vel_xy_l2: -0.0932
          Episode_Reward/dof_torques_l2: -0.0637
              Episode_Reward/dof_acc_l2: -0.1720
          Episode_Reward/action_rate_l2: -0.1448
      Episode_Reward/undesired_contacts: -0.0031
     Episode_Reward/flat_orientation_l2: -0.3486
          Episode_Reward/dof_pos_limits: 0.0000
   Episode_Reward/disabled_legs_contact: -0.0114
    Episode_Reward/disabled_legs_height: 0.5244
     Episode_Reward/single_leg_air_time: -0.0011
         Episode_Reward/base_height_exp: 0.1031
              Curriculum/terrain_levels: 0.0000
                   Metrics/success_rate: 0.1114
     Metrics/base_velocity/error_vel_xy: 0.7360
    Metrics/base_velocity/error_vel_yaw: 0.3987
           Episode_Termination/time_out: 0.6281
       Episode_Termination/base_contact: 0.3719
--------------------------------------------------------------------------------
                         Iteration time: 5.90s
                           Time elapsed: 00:31:27
                                    ETA: 02:02:15

################################################################################
[1m                          Learning iteration 307/1500                           [0m 

                            Total steps: 30277632 
                       Steps per second: 16760 
                        Collection time: 5.588s 
                          Learning time: 0.277s 
                        Mean value loss: 0.0285
                    Mean surrogate loss: -0.0032
                      Mean entropy loss: 13.4149
                            Mean reward: 12.36
                    Mean episode length: 835.75
                        Mean action std: 0.78
    Episode_Reward/track_lin_vel_xy_exp: 0.3808
     Episode_Reward/track_ang_vel_z_exp: 0.3783
            Episode_Reward/lin_vel_z_l2: 0.0000
           Episode_Reward/ang_vel_xy_l2: -0.0890
          Episode_Reward/dof_torques_l2: -0.0595
              Episode_Reward/dof_acc_l2: -0.1604
          Episode_Reward/action_rate_l2: -0.1352
      Episode_Reward/undesired_contacts: -0.0031
     Episode_Reward/flat_orientation_l2: -0.3182
          Episode_Reward/dof_pos_limits: 0.0000
   Episode_Reward/disabled_legs_contact: -0.0183
    Episode_Reward/disabled_legs_height: 0.5805
     Episode_Reward/single_leg_air_time: -0.0011
         Episode_Reward/base_height_exp: 0.1261
              Curriculum/terrain_levels: 0.0000
                   Metrics/success_rate: 0.0702
     Metrics/base_velocity/error_vel_xy: 0.7560
    Metrics/base_velocity/error_vel_yaw: 0.4328
           Episode_Termination/time_out: 0.6318
       Episode_Termination/base_contact: 0.3682
--------------------------------------------------------------------------------
                         Iteration time: 5.87s
                           Time elapsed: 00:31:33
                                    ETA: 02:02:08

################################################################################
[1m                          Learning iteration 308/1500                           [0m 

                            Total steps: 30375936 
                       Steps per second: 16776 
                        Collection time: 5.586s 
                          Learning time: 0.274s 
                        Mean value loss: 0.0334
                    Mean surrogate loss: -0.0006
                      Mean entropy loss: 13.4065
                            Mean reward: 14.67
                    Mean episode length: 875.38
                        Mean action std: 0.78
    Episode_Reward/track_lin_vel_xy_exp: 0.3575
     Episode_Reward/track_ang_vel_z_exp: 0.3859
            Episode_Reward/lin_vel_z_l2: 0.0000
           Episode_Reward/ang_vel_xy_l2: -0.0867
          Episode_Reward/dof_torques_l2: -0.0590
              Episode_Reward/dof_acc_l2: -0.1580
          Episode_Reward/action_rate_l2: -0.1337
      Episode_Reward/undesired_contacts: -0.0078
     Episode_Reward/flat_orientation_l2: -0.3263
          Episode_Reward/dof_pos_limits: 0.0000
   Episode_Reward/disabled_legs_contact: -0.0095
    Episode_Reward/disabled_legs_height: 0.6014
     Episode_Reward/single_leg_air_time: -0.0012
         Episode_Reward/base_height_exp: 0.0951
              Curriculum/terrain_levels: 0.0000
                   Metrics/success_rate: 0.0833
     Metrics/base_velocity/error_vel_xy: 0.7501
    Metrics/base_velocity/error_vel_yaw: 0.4137
           Episode_Termination/time_out: 0.6346
       Episode_Termination/base_contact: 0.3654
--------------------------------------------------------------------------------
                         Iteration time: 5.86s
                           Time elapsed: 00:31:39
                                    ETA: 02:02:01

################################################################################
[1m                          Learning iteration 309/1500                           [0m 

                            Total steps: 30474240 
                       Steps per second: 16628 
                        Collection time: 5.636s 
                          Learning time: 0.276s 
                        Mean value loss: 0.0347
                    Mean surrogate loss: -0.0007
                      Mean entropy loss: 13.4002
                            Mean reward: 13.74
                    Mean episode length: 863.92
                        Mean action std: 0.78
    Episode_Reward/track_lin_vel_xy_exp: 0.3909
     Episode_Reward/track_ang_vel_z_exp: 0.3898
            Episode_Reward/lin_vel_z_l2: 0.0000
           Episode_Reward/ang_vel_xy_l2: -0.0898
          Episode_Reward/dof_torques_l2: -0.0609
              Episode_Reward/dof_acc_l2: -0.1614
          Episode_Reward/action_rate_l2: -0.1372
      Episode_Reward/undesired_contacts: -0.0035
     Episode_Reward/flat_orientation_l2: -0.3314
          Episode_Reward/dof_pos_limits: 0.0000
   Episode_Reward/disabled_legs_contact: -0.0194
    Episode_Reward/disabled_legs_height: 0.6110
     Episode_Reward/single_leg_air_time: -0.0011
         Episode_Reward/base_height_exp: 0.1168
              Curriculum/terrain_levels: 0.0000
                   Metrics/success_rate: 0.1235
     Metrics/base_velocity/error_vel_xy: 0.7407
    Metrics/base_velocity/error_vel_yaw: 0.4175
           Episode_Termination/time_out: 0.6385
       Episode_Termination/base_contact: 0.3615
--------------------------------------------------------------------------------
                         Iteration time: 5.91s
                           Time elapsed: 00:31:45
                                    ETA: 02:01:54

################################################################################
[1m                          Learning iteration 310/1500                           [0m 

                            Total steps: 30572544 
                       Steps per second: 16696 
                        Collection time: 5.609s 
                          Learning time: 0.278s 
                        Mean value loss: 0.0321
                    Mean surrogate loss: 0.0023
                      Mean entropy loss: 13.3970
                            Mean reward: 13.42
                    Mean episode length: 901.85
                        Mean action std: 0.78
    Episode_Reward/track_lin_vel_xy_exp: 0.3737
     Episode_Reward/track_ang_vel_z_exp: 0.4207
            Episode_Reward/lin_vel_z_l2: 0.0000
           Episode_Reward/ang_vel_xy_l2: -0.0926
          Episode_Reward/dof_torques_l2: -0.0626
              Episode_Reward/dof_acc_l2: -0.1694
          Episode_Reward/action_rate_l2: -0.1438
      Episode_Reward/undesired_contacts: -0.0043
     Episode_Reward/flat_orientation_l2: -0.3570
          Episode_Reward/dof_pos_limits: 0.0000
   Episode_Reward/disabled_legs_contact: -0.0083
    Episode_Reward/disabled_legs_height: 0.5915
     Episode_Reward/single_leg_air_time: -0.0012
         Episode_Reward/base_height_exp: 0.1251
              Curriculum/terrain_levels: 0.0000
                   Metrics/success_rate: 0.1383
     Metrics/base_velocity/error_vel_xy: 0.7512
    Metrics/base_velocity/error_vel_yaw: 0.3842
           Episode_Termination/time_out: 0.6463
       Episode_Termination/base_contact: 0.3537
--------------------------------------------------------------------------------
                         Iteration time: 5.89s
                           Time elapsed: 00:31:51
                                    ETA: 02:01:46

################################################################################
[1m                          Learning iteration 311/1500                           [0m 

                            Total steps: 30670848 
                       Steps per second: 16731 
                        Collection time: 5.598s 
                          Learning time: 0.277s 
                        Mean value loss: 0.0353
                    Mean surrogate loss: -0.0001
                      Mean entropy loss: 13.3953
                            Mean reward: 13.10
                    Mean episode length: 831.22
                        Mean action std: 0.78
    Episode_Reward/track_lin_vel_xy_exp: 0.2847
     Episode_Reward/track_ang_vel_z_exp: 0.3771
            Episode_Reward/lin_vel_z_l2: 0.0000
           Episode_Reward/ang_vel_xy_l2: -0.0848
          Episode_Reward/dof_torques_l2: -0.0565
              Episode_Reward/dof_acc_l2: -0.1527
          Episode_Reward/action_rate_l2: -0.1305
      Episode_Reward/undesired_contacts: -0.0025
     Episode_Reward/flat_orientation_l2: -0.3257
          Episode_Reward/dof_pos_limits: 0.0000
   Episode_Reward/disabled_legs_contact: -0.0072
    Episode_Reward/disabled_legs_height: 0.5723
     Episode_Reward/single_leg_air_time: -0.0012
         Episode_Reward/base_height_exp: 0.0907
              Curriculum/terrain_levels: 0.0000
                   Metrics/success_rate: 0.0483
     Metrics/base_velocity/error_vel_xy: 0.7900
    Metrics/base_velocity/error_vel_yaw: 0.4152
           Episode_Termination/time_out: 0.6530
       Episode_Termination/base_contact: 0.3470
--------------------------------------------------------------------------------
                         Iteration time: 5.88s
                           Time elapsed: 00:31:57
                                    ETA: 02:01:39

################################################################################
[1m                          Learning iteration 312/1500                           [0m 

                            Total steps: 30769152 
                       Steps per second: 16767 
                        Collection time: 5.586s 
                          Learning time: 0.276s 
                        Mean value loss: 0.0380
                    Mean surrogate loss: -0.0018
                      Mean entropy loss: 13.3895
                            Mean reward: 11.82
                    Mean episode length: 809.01
                        Mean action std: 0.78
    Episode_Reward/track_lin_vel_xy_exp: 0.3000
     Episode_Reward/track_ang_vel_z_exp: 0.3447
            Episode_Reward/lin_vel_z_l2: 0.0000
           Episode_Reward/ang_vel_xy_l2: -0.0805
          Episode_Reward/dof_torques_l2: -0.0531
              Episode_Reward/dof_acc_l2: -0.1398
          Episode_Reward/action_rate_l2: -0.1206
      Episode_Reward/undesired_contacts: -0.0025
     Episode_Reward/flat_orientation_l2: -0.2960
          Episode_Reward/dof_pos_limits: 0.0000
   Episode_Reward/disabled_legs_contact: -0.0074
    Episode_Reward/disabled_legs_height: 0.5150
     Episode_Reward/single_leg_air_time: -0.0010
         Episode_Reward/base_height_exp: 0.0896
              Curriculum/terrain_levels: 0.0000
                   Metrics/success_rate: 0.0664
     Metrics/base_velocity/error_vel_xy: 0.7708
    Metrics/base_velocity/error_vel_yaw: 0.4558
           Episode_Termination/time_out: 0.6616
       Episode_Termination/base_contact: 0.3384
--------------------------------------------------------------------------------
                         Iteration time: 5.86s
                           Time elapsed: 00:32:02
                                    ETA: 02:01:32

################################################################################
[1m                          Learning iteration 313/1500                           [0m 

                            Total steps: 30867456 
                       Steps per second: 16672 
                        Collection time: 5.622s 
                          Learning time: 0.275s 
                        Mean value loss: 0.0300
                    Mean surrogate loss: 0.0010
                      Mean entropy loss: 13.3860
                            Mean reward: 12.82
                    Mean episode length: 816.90
                        Mean action std: 0.78
    Episode_Reward/track_lin_vel_xy_exp: 0.3688
     Episode_Reward/track_ang_vel_z_exp: 0.3690
            Episode_Reward/lin_vel_z_l2: 0.0000
           Episode_Reward/ang_vel_xy_l2: -0.0846
          Episode_Reward/dof_torques_l2: -0.0562
              Episode_Reward/dof_acc_l2: -0.1498
          Episode_Reward/action_rate_l2: -0.1284
      Episode_Reward/undesired_contacts: -0.0022
     Episode_Reward/flat_orientation_l2: -0.3184
          Episode_Reward/dof_pos_limits: 0.0000
   Episode_Reward/disabled_legs_contact: -0.0119
    Episode_Reward/disabled_legs_height: 0.5635
     Episode_Reward/single_leg_air_time: -0.0010
         Episode_Reward/base_height_exp: 0.1044
              Curriculum/terrain_levels: 0.0000
                   Metrics/success_rate: 0.1271
     Metrics/base_velocity/error_vel_xy: 0.7296
    Metrics/base_velocity/error_vel_yaw: 0.4274
           Episode_Termination/time_out: 0.6652
       Episode_Termination/base_contact: 0.3348
--------------------------------------------------------------------------------
                         Iteration time: 5.90s
                           Time elapsed: 00:32:08
                                    ETA: 02:01:25

################################################################################
[1m                          Learning iteration 314/1500                           [0m 

                            Total steps: 30965760 
                       Steps per second: 16764 
                        Collection time: 5.589s 
                          Learning time: 0.274s 
                        Mean value loss: 0.0322
                    Mean surrogate loss: -0.0003
                      Mean entropy loss: 13.3851
                            Mean reward: 10.97
                    Mean episode length: 764.86
                        Mean action std: 0.78
    Episode_Reward/track_lin_vel_xy_exp: 0.2852
     Episode_Reward/track_ang_vel_z_exp: 0.3417
            Episode_Reward/lin_vel_z_l2: 0.0000
           Episode_Reward/ang_vel_xy_l2: -0.0808
          Episode_Reward/dof_torques_l2: -0.0521
              Episode_Reward/dof_acc_l2: -0.1400
          Episode_Reward/action_rate_l2: -0.1199
      Episode_Reward/undesired_contacts: -0.0035
     Episode_Reward/flat_orientation_l2: -0.3023
          Episode_Reward/dof_pos_limits: 0.0000
   Episode_Reward/disabled_legs_contact: -0.0062
    Episode_Reward/disabled_legs_height: 0.5304
     Episode_Reward/single_leg_air_time: -0.0010
         Episode_Reward/base_height_exp: 0.0985
              Curriculum/terrain_levels: 0.0000
                   Metrics/success_rate: 0.0820
     Metrics/base_velocity/error_vel_xy: 0.7639
    Metrics/base_velocity/error_vel_yaw: 0.4395
           Episode_Termination/time_out: 0.6677
       Episode_Termination/base_contact: 0.3323
--------------------------------------------------------------------------------
                         Iteration time: 5.86s
                           Time elapsed: 00:32:14
                                    ETA: 02:01:18

################################################################################
[1m                          Learning iteration 315/1500                           [0m 

                            Total steps: 31064064 
                       Steps per second: 16764 
                        Collection time: 5.586s 
                          Learning time: 0.278s 
                        Mean value loss: 0.0286
                    Mean surrogate loss: -0.0008
                      Mean entropy loss: 13.3852
                            Mean reward: 12.57
                    Mean episode length: 774.84
                        Mean action std: 0.78
    Episode_Reward/track_lin_vel_xy_exp: 0.4101
     Episode_Reward/track_ang_vel_z_exp: 0.3541
            Episode_Reward/lin_vel_z_l2: 0.0000
           Episode_Reward/ang_vel_xy_l2: -0.0839
          Episode_Reward/dof_torques_l2: -0.0544
              Episode_Reward/dof_acc_l2: -0.1464
          Episode_Reward/action_rate_l2: -0.1245
      Episode_Reward/undesired_contacts: -0.0019
     Episode_Reward/flat_orientation_l2: -0.3016
          Episode_Reward/dof_pos_limits: 0.0000
   Episode_Reward/disabled_legs_contact: -0.0084
    Episode_Reward/disabled_legs_height: 0.5301
     Episode_Reward/single_leg_air_time: -0.0011
         Episode_Reward/base_height_exp: 0.0945
              Curriculum/terrain_levels: 0.0000
                   Metrics/success_rate: 0.1233
     Metrics/base_velocity/error_vel_xy: 0.7106
    Metrics/base_velocity/error_vel_yaw: 0.4220
           Episode_Termination/time_out: 0.6703
       Episode_Termination/base_contact: 0.3297
--------------------------------------------------------------------------------
                         Iteration time: 5.86s
                           Time elapsed: 00:32:20
                                    ETA: 02:01:11

################################################################################
[1m                          Learning iteration 316/1500                           [0m 

                            Total steps: 31162368 
                       Steps per second: 16676 
                        Collection time: 5.617s 
                          Learning time: 0.278s 
                        Mean value loss: 0.0368
                    Mean surrogate loss: 0.0011
                      Mean entropy loss: 13.3922
                            Mean reward: 13.07
                    Mean episode length: 795.29
                        Mean action std: 0.78
    Episode_Reward/track_lin_vel_xy_exp: 0.3208
     Episode_Reward/track_ang_vel_z_exp: 0.3459
            Episode_Reward/lin_vel_z_l2: 0.0000
           Episode_Reward/ang_vel_xy_l2: -0.0800
          Episode_Reward/dof_torques_l2: -0.0535
              Episode_Reward/dof_acc_l2: -0.1442
          Episode_Reward/action_rate_l2: -0.1219
      Episode_Reward/undesired_contacts: -0.0088
     Episode_Reward/flat_orientation_l2: -0.2986
          Episode_Reward/dof_pos_limits: 0.0000
   Episode_Reward/disabled_legs_contact: -0.0204
    Episode_Reward/disabled_legs_height: 0.5975
     Episode_Reward/single_leg_air_time: -0.0011
         Episode_Reward/base_height_exp: 0.1035
              Curriculum/terrain_levels: 0.0000
                   Metrics/success_rate: 0.1118
     Metrics/base_velocity/error_vel_xy: 0.7776
    Metrics/base_velocity/error_vel_yaw: 0.4507
           Episode_Termination/time_out: 0.6722
       Episode_Termination/base_contact: 0.3278
--------------------------------------------------------------------------------
                         Iteration time: 5.89s
                           Time elapsed: 00:32:26
                                    ETA: 02:01:04

################################################################################
[1m                          Learning iteration 317/1500                           [0m 

                            Total steps: 31260672 
                       Steps per second: 16566 
                        Collection time: 5.654s 
                          Learning time: 0.280s 
                        Mean value loss: 0.0402
                    Mean surrogate loss: -0.0005
                      Mean entropy loss: 13.3969
                            Mean reward: 14.58
                    Mean episode length: 816.94
                        Mean action std: 0.78
    Episode_Reward/track_lin_vel_xy_exp: 0.3965
     Episode_Reward/track_ang_vel_z_exp: 0.3571
            Episode_Reward/lin_vel_z_l2: 0.0000
           Episode_Reward/ang_vel_xy_l2: -0.0841
          Episode_Reward/dof_torques_l2: -0.0544
              Episode_Reward/dof_acc_l2: -0.1437
          Episode_Reward/action_rate_l2: -0.1243
      Episode_Reward/undesired_contacts: -0.0061
     Episode_Reward/flat_orientation_l2: -0.3014
          Episode_Reward/dof_pos_limits: 0.0000
   Episode_Reward/disabled_legs_contact: -0.0094
    Episode_Reward/disabled_legs_height: 0.5885
     Episode_Reward/single_leg_air_time: -0.0011
         Episode_Reward/base_height_exp: 0.1002
              Curriculum/terrain_levels: 0.0000
                   Metrics/success_rate: 0.2219
     Metrics/base_velocity/error_vel_xy: 0.7499
    Metrics/base_velocity/error_vel_yaw: 0.4135
           Episode_Termination/time_out: 0.6764
       Episode_Termination/base_contact: 0.3236
--------------------------------------------------------------------------------
                         Iteration time: 5.93s
                           Time elapsed: 00:32:32
                                    ETA: 02:00:57

################################################################################
[1m                          Learning iteration 318/1500                           [0m 

                            Total steps: 31358976 
                       Steps per second: 16649 
                        Collection time: 5.628s 
                          Learning time: 0.277s 
                        Mean value loss: 0.0401
                    Mean surrogate loss: 0.0057
                      Mean entropy loss: 13.3981
                            Mean reward: 11.94
                    Mean episode length: 795.99
                        Mean action std: 0.78
    Episode_Reward/track_lin_vel_xy_exp: 0.3238
     Episode_Reward/track_ang_vel_z_exp: 0.3852
            Episode_Reward/lin_vel_z_l2: 0.0000
           Episode_Reward/ang_vel_xy_l2: -0.0876
          Episode_Reward/dof_torques_l2: -0.0582
              Episode_Reward/dof_acc_l2: -0.1571
          Episode_Reward/action_rate_l2: -0.1335
      Episode_Reward/undesired_contacts: -0.0039
     Episode_Reward/flat_orientation_l2: -0.3313
          Episode_Reward/dof_pos_limits: 0.0000
   Episode_Reward/disabled_legs_contact: -0.0110
    Episode_Reward/disabled_legs_height: 0.5670
     Episode_Reward/single_leg_air_time: -0.0013
         Episode_Reward/base_height_exp: 0.0886
              Curriculum/terrain_levels: 0.0000
                   Metrics/success_rate: 0.0521
     Metrics/base_velocity/error_vel_xy: 0.7694
    Metrics/base_velocity/error_vel_yaw: 0.4141
           Episode_Termination/time_out: 0.6802
       Episode_Termination/base_contact: 0.3198
--------------------------------------------------------------------------------
                         Iteration time: 5.90s
                           Time elapsed: 00:32:38
                                    ETA: 02:00:50

################################################################################
[1m                          Learning iteration 319/1500                           [0m 

                            Total steps: 31457280 
                       Steps per second: 16731 
                        Collection time: 5.597s 
                          Learning time: 0.278s 
                        Mean value loss: 0.0339
                    Mean surrogate loss: -0.0022
                      Mean entropy loss: 13.4024
                            Mean reward: 13.39
                    Mean episode length: 884.97
                        Mean action std: 0.78
    Episode_Reward/track_lin_vel_xy_exp: 0.3835
     Episode_Reward/track_ang_vel_z_exp: 0.4048
            Episode_Reward/lin_vel_z_l2: 0.0000
           Episode_Reward/ang_vel_xy_l2: -0.0899
          Episode_Reward/dof_torques_l2: -0.0608
              Episode_Reward/dof_acc_l2: -0.1639
          Episode_Reward/action_rate_l2: -0.1414
      Episode_Reward/undesired_contacts: -0.0089
     Episode_Reward/flat_orientation_l2: -0.3512
          Episode_Reward/dof_pos_limits: 0.0000
   Episode_Reward/disabled_legs_contact: -0.0067
    Episode_Reward/disabled_legs_height: 0.5983
     Episode_Reward/single_leg_air_time: -0.0012
         Episode_Reward/base_height_exp: 0.1177
              Curriculum/terrain_levels: 0.0000
                   Metrics/success_rate: 0.0757
     Metrics/base_velocity/error_vel_xy: 0.7788
    Metrics/base_velocity/error_vel_yaw: 0.3951
           Episode_Termination/time_out: 0.6843
       Episode_Termination/base_contact: 0.3157
--------------------------------------------------------------------------------
                         Iteration time: 5.88s
                           Time elapsed: 00:32:44
                                    ETA: 02:00:43

################################################################################
[1m                          Learning iteration 320/1500                           [0m 

                            Total steps: 31555584 
                       Steps per second: 16783 
                        Collection time: 5.581s 
                          Learning time: 0.276s 
                        Mean value loss: 0.0354
                    Mean surrogate loss: -0.0013
                      Mean entropy loss: 13.4085
                            Mean reward: 14.41
                    Mean episode length: 879.33
                        Mean action std: 0.78
    Episode_Reward/track_lin_vel_xy_exp: 0.4428
     Episode_Reward/track_ang_vel_z_exp: 0.4177
            Episode_Reward/lin_vel_z_l2: 0.0000
           Episode_Reward/ang_vel_xy_l2: -0.0931
          Episode_Reward/dof_torques_l2: -0.0632
              Episode_Reward/dof_acc_l2: -0.1637
          Episode_Reward/action_rate_l2: -0.1440
      Episode_Reward/undesired_contacts: -0.0037
     Episode_Reward/flat_orientation_l2: -0.3493
          Episode_Reward/dof_pos_limits: 0.0000
   Episode_Reward/disabled_legs_contact: -0.0089
    Episode_Reward/disabled_legs_height: 0.6177
     Episode_Reward/single_leg_air_time: -0.0012
         Episode_Reward/base_height_exp: 0.1153
              Curriculum/terrain_levels: 0.0000
                   Metrics/success_rate: 0.1394
     Metrics/base_velocity/error_vel_xy: 0.7284
    Metrics/base_velocity/error_vel_yaw: 0.3803
           Episode_Termination/time_out: 0.6896
       Episode_Termination/base_contact: 0.3104
--------------------------------------------------------------------------------
                         Iteration time: 5.86s
                           Time elapsed: 00:32:50
                                    ETA: 02:00:35

################################################################################
[1m                          Learning iteration 321/1500                           [0m 

                            Total steps: 31653888 
                       Steps per second: 16706 
                        Collection time: 5.608s 
                          Learning time: 0.276s 
                        Mean value loss: 0.0344
                    Mean surrogate loss: -0.0005
                      Mean entropy loss: 13.4115
                            Mean reward: 13.97
                    Mean episode length: 885.62
                        Mean action std: 0.78
    Episode_Reward/track_lin_vel_xy_exp: 0.4168
     Episode_Reward/track_ang_vel_z_exp: 0.4272
            Episode_Reward/lin_vel_z_l2: 0.0000
           Episode_Reward/ang_vel_xy_l2: -0.0935
          Episode_Reward/dof_torques_l2: -0.0643
              Episode_Reward/dof_acc_l2: -0.1702
          Episode_Reward/action_rate_l2: -0.1443
      Episode_Reward/undesired_contacts: -0.0051
     Episode_Reward/flat_orientation_l2: -0.3487
          Episode_Reward/dof_pos_limits: 0.0000
   Episode_Reward/disabled_legs_contact: -0.0287
    Episode_Reward/disabled_legs_height: 0.6573
     Episode_Reward/single_leg_air_time: -0.0013
         Episode_Reward/base_height_exp: 0.1125
              Curriculum/terrain_levels: 0.0000
                   Metrics/success_rate: 0.1640
     Metrics/base_velocity/error_vel_xy: 0.7349
    Metrics/base_velocity/error_vel_yaw: 0.3727
           Episode_Termination/time_out: 0.6945
       Episode_Termination/base_contact: 0.3055
--------------------------------------------------------------------------------
                         Iteration time: 5.88s
                           Time elapsed: 00:32:55
                                    ETA: 02:00:28

################################################################################
[1m                          Learning iteration 322/1500                           [0m 

                            Total steps: 31752192 
                       Steps per second: 16649 
                        Collection time: 5.629s 
                          Learning time: 0.276s 
                        Mean value loss: 0.0393
                    Mean surrogate loss: -0.0019
                      Mean entropy loss: 13.4068
                            Mean reward: 16.77
                    Mean episode length: 892.66
                        Mean action std: 0.78
    Episode_Reward/track_lin_vel_xy_exp: 0.4490
     Episode_Reward/track_ang_vel_z_exp: 0.4071
            Episode_Reward/lin_vel_z_l2: 0.0000
           Episode_Reward/ang_vel_xy_l2: -0.0887
          Episode_Reward/dof_torques_l2: -0.0615
              Episode_Reward/dof_acc_l2: -0.1595
          Episode_Reward/action_rate_l2: -0.1390
      Episode_Reward/undesired_contacts: -0.0044
     Episode_Reward/flat_orientation_l2: -0.3398
          Episode_Reward/dof_pos_limits: 0.0000
   Episode_Reward/disabled_legs_contact: -0.0117
    Episode_Reward/disabled_legs_height: 0.6549
     Episode_Reward/single_leg_air_time: -0.0012
         Episode_Reward/base_height_exp: 0.1221
              Curriculum/terrain_levels: 0.0000
                   Metrics/success_rate: 0.1087
     Metrics/base_velocity/error_vel_xy: 0.7191
    Metrics/base_velocity/error_vel_yaw: 0.3853
           Episode_Termination/time_out: 0.6990
       Episode_Termination/base_contact: 0.3010
--------------------------------------------------------------------------------
                         Iteration time: 5.90s
                           Time elapsed: 00:33:01
                                    ETA: 02:00:21

################################################################################
[1m                          Learning iteration 323/1500                           [0m 

                            Total steps: 31850496 
                       Steps per second: 16810 
                        Collection time: 5.572s 
                          Learning time: 0.276s 
                        Mean value loss: 0.0319
                    Mean surrogate loss: -0.0007
                      Mean entropy loss: 13.4048
                            Mean reward: 13.32
                    Mean episode length: 887.70
                        Mean action std: 0.78
    Episode_Reward/track_lin_vel_xy_exp: 0.2921
     Episode_Reward/track_ang_vel_z_exp: 0.4024
            Episode_Reward/lin_vel_z_l2: 0.0000
           Episode_Reward/ang_vel_xy_l2: -0.0893
          Episode_Reward/dof_torques_l2: -0.0609
              Episode_Reward/dof_acc_l2: -0.1605
          Episode_Reward/action_rate_l2: -0.1388
      Episode_Reward/undesired_contacts: -0.0041
     Episode_Reward/flat_orientation_l2: -0.3385
          Episode_Reward/dof_pos_limits: 0.0000
   Episode_Reward/disabled_legs_contact: -0.0082
    Episode_Reward/disabled_legs_height: 0.6469
     Episode_Reward/single_leg_air_time: -0.0012
         Episode_Reward/base_height_exp: 0.1303
              Curriculum/terrain_levels: 0.0000
                   Metrics/success_rate: 0.0952
     Metrics/base_velocity/error_vel_xy: 0.8018
    Metrics/base_velocity/error_vel_yaw: 0.4009
           Episode_Termination/time_out: 0.7058
       Episode_Termination/base_contact: 0.2942
--------------------------------------------------------------------------------
                         Iteration time: 5.85s
                           Time elapsed: 00:33:07
                                    ETA: 02:00:14

################################################################################
[1m                          Learning iteration 324/1500                           [0m 

                            Total steps: 31948800 
                       Steps per second: 16830 
                        Collection time: 5.566s 
                          Learning time: 0.275s 
                        Mean value loss: 0.0445
                    Mean surrogate loss: -0.0001
                      Mean entropy loss: 13.4142
                            Mean reward: 13.86
                    Mean episode length: 893.91
                        Mean action std: 0.78
    Episode_Reward/track_lin_vel_xy_exp: 0.3543
     Episode_Reward/track_ang_vel_z_exp: 0.4138
            Episode_Reward/lin_vel_z_l2: 0.0000
           Episode_Reward/ang_vel_xy_l2: -0.0894
          Episode_Reward/dof_torques_l2: -0.0619
              Episode_Reward/dof_acc_l2: -0.1632
          Episode_Reward/action_rate_l2: -0.1416
      Episode_Reward/undesired_contacts: -0.0053
     Episode_Reward/flat_orientation_l2: -0.3535
          Episode_Reward/dof_pos_limits: 0.0000
   Episode_Reward/disabled_legs_contact: -0.0083
    Episode_Reward/disabled_legs_height: 0.6743
     Episode_Reward/single_leg_air_time: -0.0013
         Episode_Reward/base_height_exp: 0.1317
              Curriculum/terrain_levels: 0.0000
                   Metrics/success_rate: 0.0556
     Metrics/base_velocity/error_vel_xy: 0.7657
    Metrics/base_velocity/error_vel_yaw: 0.3818
           Episode_Termination/time_out: 0.7128
       Episode_Termination/base_contact: 0.2872
--------------------------------------------------------------------------------
                         Iteration time: 5.84s
                           Time elapsed: 00:33:13
                                    ETA: 02:00:07

################################################################################
[1m                          Learning iteration 325/1500                           [0m 

                            Total steps: 32047104 
                       Steps per second: 16823 
                        Collection time: 5.564s 
                          Learning time: 0.279s 
                        Mean value loss: 0.0328
                    Mean surrogate loss: -0.0011
                      Mean entropy loss: 13.4226
                            Mean reward: 14.09
                    Mean episode length: 912.11
                        Mean action std: 0.78
    Episode_Reward/track_lin_vel_xy_exp: 0.3673
     Episode_Reward/track_ang_vel_z_exp: 0.4316
            Episode_Reward/lin_vel_z_l2: 0.0000
           Episode_Reward/ang_vel_xy_l2: -0.0928
          Episode_Reward/dof_torques_l2: -0.0646
              Episode_Reward/dof_acc_l2: -0.1696
          Episode_Reward/action_rate_l2: -0.1470
      Episode_Reward/undesired_contacts: -0.0032
     Episode_Reward/flat_orientation_l2: -0.3612
          Episode_Reward/dof_pos_limits: 0.0000
   Episode_Reward/disabled_legs_contact: -0.0074
    Episode_Reward/disabled_legs_height: 0.5973
     Episode_Reward/single_leg_air_time: -0.0014
         Episode_Reward/base_height_exp: 0.1299
              Curriculum/terrain_levels: 0.0000
                   Metrics/success_rate: 0.0903
     Metrics/base_velocity/error_vel_xy: 0.7715
    Metrics/base_velocity/error_vel_yaw: 0.3772
           Episode_Termination/time_out: 0.7209
       Episode_Termination/base_contact: 0.2791
--------------------------------------------------------------------------------
                         Iteration time: 5.84s
                           Time elapsed: 00:33:19
                                    ETA: 02:00:00

################################################################################
[1m                          Learning iteration 326/1500                           [0m 

                            Total steps: 32145408 
                       Steps per second: 16864 
                        Collection time: 5.551s 
                          Learning time: 0.278s 
                        Mean value loss: 0.0367
                    Mean surrogate loss: -0.0000
                      Mean entropy loss: 13.4242
                            Mean reward: 13.43
                    Mean episode length: 917.64
                        Mean action std: 0.78
    Episode_Reward/track_lin_vel_xy_exp: 0.3558
     Episode_Reward/track_ang_vel_z_exp: 0.4265
            Episode_Reward/lin_vel_z_l2: 0.0000
           Episode_Reward/ang_vel_xy_l2: -0.0927
          Episode_Reward/dof_torques_l2: -0.0664
              Episode_Reward/dof_acc_l2: -0.1742
          Episode_Reward/action_rate_l2: -0.1479
      Episode_Reward/undesired_contacts: -0.0037
     Episode_Reward/flat_orientation_l2: -0.3509
          Episode_Reward/dof_pos_limits: 0.0000
   Episode_Reward/disabled_legs_contact: -0.0163
    Episode_Reward/disabled_legs_height: 0.6258
     Episode_Reward/single_leg_air_time: -0.0012
         Episode_Reward/base_height_exp: 0.1165
              Curriculum/terrain_levels: 0.0000
                   Metrics/success_rate: 0.1361
     Metrics/base_velocity/error_vel_xy: 0.7812
    Metrics/base_velocity/error_vel_yaw: 0.3850
           Episode_Termination/time_out: 0.7283
       Episode_Termination/base_contact: 0.2717
--------------------------------------------------------------------------------
                         Iteration time: 5.83s
                           Time elapsed: 00:33:25
                                    ETA: 01:59:53

################################################################################
[1m                          Learning iteration 327/1500                           [0m 

                            Total steps: 32243712 
                       Steps per second: 16904 
                        Collection time: 5.540s 
                          Learning time: 0.275s 
                        Mean value loss: 0.0362
                    Mean surrogate loss: -0.0011
                      Mean entropy loss: 13.4326
                            Mean reward: 12.14
                    Mean episode length: 887.40
                        Mean action std: 0.78
    Episode_Reward/track_lin_vel_xy_exp: 0.3634
     Episode_Reward/track_ang_vel_z_exp: 0.4127
            Episode_Reward/lin_vel_z_l2: 0.0000
           Episode_Reward/ang_vel_xy_l2: -0.0919
          Episode_Reward/dof_torques_l2: -0.0633
              Episode_Reward/dof_acc_l2: -0.1666
          Episode_Reward/action_rate_l2: -0.1423
      Episode_Reward/undesired_contacts: -0.0037
     Episode_Reward/flat_orientation_l2: -0.3386
          Episode_Reward/dof_pos_limits: 0.0000
   Episode_Reward/disabled_legs_contact: -0.0128
    Episode_Reward/disabled_legs_height: 0.5334
     Episode_Reward/single_leg_air_time: -0.0011
         Episode_Reward/base_height_exp: 0.1113
              Curriculum/terrain_levels: 0.0000
                   Metrics/success_rate: 0.0921
     Metrics/base_velocity/error_vel_xy: 0.7599
    Metrics/base_velocity/error_vel_yaw: 0.4011
           Episode_Termination/time_out: 0.7363
       Episode_Termination/base_contact: 0.2637
--------------------------------------------------------------------------------
                         Iteration time: 5.82s
                           Time elapsed: 00:33:31
                                    ETA: 01:59:45

################################################################################
[1m                          Learning iteration 328/1500                           [0m 

                            Total steps: 32342016 
                       Steps per second: 16737 
                        Collection time: 5.596s 
                          Learning time: 0.277s 
                        Mean value loss: 0.0317
                    Mean surrogate loss: -0.0005
                      Mean entropy loss: 13.4319
                            Mean reward: 12.45
                    Mean episode length: 825.08
                        Mean action std: 0.78
    Episode_Reward/track_lin_vel_xy_exp: 0.3419
     Episode_Reward/track_ang_vel_z_exp: 0.3939
            Episode_Reward/lin_vel_z_l2: 0.0000
           Episode_Reward/ang_vel_xy_l2: -0.0849
          Episode_Reward/dof_torques_l2: -0.0591
              Episode_Reward/dof_acc_l2: -0.1488
          Episode_Reward/action_rate_l2: -0.1317
      Episode_Reward/undesired_contacts: -0.0028
     Episode_Reward/flat_orientation_l2: -0.3171
          Episode_Reward/dof_pos_limits: 0.0000
   Episode_Reward/disabled_legs_contact: -0.0081
    Episode_Reward/disabled_legs_height: 0.5524
     Episode_Reward/single_leg_air_time: -0.0010
         Episode_Reward/base_height_exp: 0.0909
              Curriculum/terrain_levels: 0.0000
                   Metrics/success_rate: 0.0625
     Metrics/base_velocity/error_vel_xy: 0.7452
    Metrics/base_velocity/error_vel_yaw: 0.4016
           Episode_Termination/time_out: 0.7435
       Episode_Termination/base_contact: 0.2565
--------------------------------------------------------------------------------
                         Iteration time: 5.87s
                           Time elapsed: 00:33:36
                                    ETA: 01:59:38

################################################################################
[1m                          Learning iteration 329/1500                           [0m 

                            Total steps: 32440320 
                       Steps per second: 16851 
                        Collection time: 5.556s 
                          Learning time: 0.277s 
                        Mean value loss: 0.0322
                    Mean surrogate loss: 0.0001
                      Mean entropy loss: 13.4251
                            Mean reward: 15.00
                    Mean episode length: 868.41
                        Mean action std: 0.78
    Episode_Reward/track_lin_vel_xy_exp: 0.4208
     Episode_Reward/track_ang_vel_z_exp: 0.4087
            Episode_Reward/lin_vel_z_l2: 0.0000
           Episode_Reward/ang_vel_xy_l2: -0.0889
          Episode_Reward/dof_torques_l2: -0.0619
              Episode_Reward/dof_acc_l2: -0.1615
          Episode_Reward/action_rate_l2: -0.1409
      Episode_Reward/undesired_contacts: -0.0035
     Episode_Reward/flat_orientation_l2: -0.3358
          Episode_Reward/dof_pos_limits: 0.0000
   Episode_Reward/disabled_legs_contact: -0.0092
    Episode_Reward/disabled_legs_height: 0.6532
     Episode_Reward/single_leg_air_time: -0.0011
         Episode_Reward/base_height_exp: 0.1326
              Curriculum/terrain_levels: 0.0000
                   Metrics/success_rate: 0.1465
     Metrics/base_velocity/error_vel_xy: 0.7132
    Metrics/base_velocity/error_vel_yaw: 0.3910
           Episode_Termination/time_out: 0.7494
       Episode_Termination/base_contact: 0.2506
--------------------------------------------------------------------------------
                         Iteration time: 5.83s
                           Time elapsed: 00:33:42
                                    ETA: 01:59:31

################################################################################
[1m                          Learning iteration 330/1500                           [0m 

                            Total steps: 32538624 
                       Steps per second: 16837 
                        Collection time: 5.562s 
                          Learning time: 0.276s 
                        Mean value loss: 0.0284
                    Mean surrogate loss: -0.0028
                      Mean entropy loss: 13.4186
                            Mean reward: 15.17
                    Mean episode length: 922.56
                        Mean action std: 0.78
    Episode_Reward/track_lin_vel_xy_exp: 0.3623
     Episode_Reward/track_ang_vel_z_exp: 0.4285
            Episode_Reward/lin_vel_z_l2: 0.0000
           Episode_Reward/ang_vel_xy_l2: -0.0922
          Episode_Reward/dof_torques_l2: -0.0643
              Episode_Reward/dof_acc_l2: -0.1659
          Episode_Reward/action_rate_l2: -0.1454
      Episode_Reward/undesired_contacts: -0.0045
     Episode_Reward/flat_orientation_l2: -0.3531
          Episode_Reward/dof_pos_limits: 0.0000
   Episode_Reward/disabled_legs_contact: -0.0113
    Episode_Reward/disabled_legs_height: 0.5757
     Episode_Reward/single_leg_air_time: -0.0013
         Episode_Reward/base_height_exp: 0.1220
              Curriculum/terrain_levels: 0.0000
                   Metrics/success_rate: 0.1341
     Metrics/base_velocity/error_vel_xy: 0.7679
    Metrics/base_velocity/error_vel_yaw: 0.3735
           Episode_Termination/time_out: 0.7548
       Episode_Termination/base_contact: 0.2452
--------------------------------------------------------------------------------
                         Iteration time: 5.84s
                           Time elapsed: 00:33:48
                                    ETA: 01:59:24

################################################################################
[1m                          Learning iteration 331/1500                           [0m 

                            Total steps: 32636928 
                       Steps per second: 17065 
                        Collection time: 5.485s 
                          Learning time: 0.276s 
                        Mean value loss: 0.0302
                    Mean surrogate loss: -0.0014
                      Mean entropy loss: 13.4143
                            Mean reward: 14.01
                    Mean episode length: 925.62
                        Mean action std: 0.78
    Episode_Reward/track_lin_vel_xy_exp: 0.4604
     Episode_Reward/track_ang_vel_z_exp: 0.4366
            Episode_Reward/lin_vel_z_l2: 0.0000
           Episode_Reward/ang_vel_xy_l2: -0.0967
          Episode_Reward/dof_torques_l2: -0.0657
              Episode_Reward/dof_acc_l2: -0.1727
          Episode_Reward/action_rate_l2: -0.1513
      Episode_Reward/undesired_contacts: -0.0054
     Episode_Reward/flat_orientation_l2: -0.3726
          Episode_Reward/dof_pos_limits: 0.0000
   Episode_Reward/disabled_legs_contact: -0.0089
    Episode_Reward/disabled_legs_height: 0.6598
     Episode_Reward/single_leg_air_time: -0.0013
         Episode_Reward/base_height_exp: 0.1422
              Curriculum/terrain_levels: 0.0000
                   Metrics/success_rate: 0.1369
     Metrics/base_velocity/error_vel_xy: 0.7327
    Metrics/base_velocity/error_vel_yaw: 0.3856
           Episode_Termination/time_out: 0.7604
       Episode_Termination/base_contact: 0.2396
--------------------------------------------------------------------------------
                         Iteration time: 5.76s
                           Time elapsed: 00:33:54
                                    ETA: 01:59:16

################################################################################
[1m                          Learning iteration 332/1500                           [0m 

                            Total steps: 32735232 
                       Steps per second: 17000 
                        Collection time: 5.507s 
                          Learning time: 0.276s 
                        Mean value loss: 0.0298
                    Mean surrogate loss: 0.0005
                      Mean entropy loss: 13.4135
                            Mean reward: 15.22
                    Mean episode length: 898.90
                        Mean action std: 0.78
    Episode_Reward/track_lin_vel_xy_exp: 0.4203
     Episode_Reward/track_ang_vel_z_exp: 0.4285
            Episode_Reward/lin_vel_z_l2: 0.0000
           Episode_Reward/ang_vel_xy_l2: -0.0943
          Episode_Reward/dof_torques_l2: -0.0661
              Episode_Reward/dof_acc_l2: -0.1698
          Episode_Reward/action_rate_l2: -0.1489
      Episode_Reward/undesired_contacts: -0.0029
     Episode_Reward/flat_orientation_l2: -0.3500
          Episode_Reward/dof_pos_limits: 0.0000
   Episode_Reward/disabled_legs_contact: -0.0111
    Episode_Reward/disabled_legs_height: 0.6257
     Episode_Reward/single_leg_air_time: -0.0012
         Episode_Reward/base_height_exp: 0.1375
              Curriculum/terrain_levels: 0.0000
                   Metrics/success_rate: 0.1174
     Metrics/base_velocity/error_vel_xy: 0.7375
    Metrics/base_velocity/error_vel_yaw: 0.3812
           Episode_Termination/time_out: 0.7648
       Episode_Termination/base_contact: 0.2352
--------------------------------------------------------------------------------
                         Iteration time: 5.78s
                           Time elapsed: 00:34:00
                                    ETA: 01:59:09

################################################################################
[1m                          Learning iteration 333/1500                           [0m 

                            Total steps: 32833536 
                       Steps per second: 16983 
                        Collection time: 5.513s 
                          Learning time: 0.275s 
                        Mean value loss: 0.0326
                    Mean surrogate loss: -0.0003
                      Mean entropy loss: 13.4103
                            Mean reward: 13.17
                    Mean episode length: 921.47
                        Mean action std: 0.78
    Episode_Reward/track_lin_vel_xy_exp: 0.3777
     Episode_Reward/track_ang_vel_z_exp: 0.4259
            Episode_Reward/lin_vel_z_l2: 0.0000
           Episode_Reward/ang_vel_xy_l2: -0.0974
          Episode_Reward/dof_torques_l2: -0.0653
              Episode_Reward/dof_acc_l2: -0.1686
          Episode_Reward/action_rate_l2: -0.1470
      Episode_Reward/undesired_contacts: -0.0025
     Episode_Reward/flat_orientation_l2: -0.3580
          Episode_Reward/dof_pos_limits: 0.0000
   Episode_Reward/disabled_legs_contact: -0.0107
    Episode_Reward/disabled_legs_height: 0.6130
     Episode_Reward/single_leg_air_time: -0.0011
         Episode_Reward/base_height_exp: 0.1146
              Curriculum/terrain_levels: 0.0000
                   Metrics/success_rate: 0.0986
     Metrics/base_velocity/error_vel_xy: 0.7564
    Metrics/base_velocity/error_vel_yaw: 0.3821
           Episode_Termination/time_out: 0.7704
       Episode_Termination/base_contact: 0.2296
--------------------------------------------------------------------------------
                         Iteration time: 5.79s
                           Time elapsed: 00:34:05
                                    ETA: 01:59:02

################################################################################
[1m                          Learning iteration 334/1500                           [0m 

                            Total steps: 32931840 
                       Steps per second: 17104 
                        Collection time: 5.468s 
                          Learning time: 0.279s 
                        Mean value loss: 0.0303
                    Mean surrogate loss: -0.0003
                      Mean entropy loss: 13.4060
                            Mean reward: 13.49
                    Mean episode length: 924.07
                        Mean action std: 0.78
    Episode_Reward/track_lin_vel_xy_exp: 0.3908
     Episode_Reward/track_ang_vel_z_exp: 0.4367
            Episode_Reward/lin_vel_z_l2: 0.0000
           Episode_Reward/ang_vel_xy_l2: -0.0923
          Episode_Reward/dof_torques_l2: -0.0661
              Episode_Reward/dof_acc_l2: -0.1753
          Episode_Reward/action_rate_l2: -0.1490
      Episode_Reward/undesired_contacts: -0.0061
     Episode_Reward/flat_orientation_l2: -0.3595
          Episode_Reward/dof_pos_limits: 0.0000
   Episode_Reward/disabled_legs_contact: -0.0094
    Episode_Reward/disabled_legs_height: 0.6283
     Episode_Reward/single_leg_air_time: -0.0013
         Episode_Reward/base_height_exp: 0.1384
              Curriculum/terrain_levels: 0.0000
                   Metrics/success_rate: 0.1441
     Metrics/base_velocity/error_vel_xy: 0.7521
    Metrics/base_velocity/error_vel_yaw: 0.3820
           Episode_Termination/time_out: 0.7757
       Episode_Termination/base_contact: 0.2243
--------------------------------------------------------------------------------
                         Iteration time: 5.75s
                           Time elapsed: 00:34:11
                                    ETA: 01:58:54

################################################################################
[1m                          Learning iteration 335/1500                           [0m 

                            Total steps: 33030144 
                       Steps per second: 17026 
                        Collection time: 5.497s 
                          Learning time: 0.277s 
                        Mean value loss: 0.0333
                    Mean surrogate loss: -0.0004
                      Mean entropy loss: 13.4017
                            Mean reward: 16.62
                    Mean episode length: 912.21
                        Mean action std: 0.78
    Episode_Reward/track_lin_vel_xy_exp: 0.4579
     Episode_Reward/track_ang_vel_z_exp: 0.4211
            Episode_Reward/lin_vel_z_l2: 0.0000
           Episode_Reward/ang_vel_xy_l2: -0.0951
          Episode_Reward/dof_torques_l2: -0.0669
              Episode_Reward/dof_acc_l2: -0.1761
          Episode_Reward/action_rate_l2: -0.1497
      Episode_Reward/undesired_contacts: -0.0032
     Episode_Reward/flat_orientation_l2: -0.3426
          Episode_Reward/dof_pos_limits: 0.0000
   Episode_Reward/disabled_legs_contact: -0.0124
    Episode_Reward/disabled_legs_height: 0.6623
     Episode_Reward/single_leg_air_time: -0.0011
         Episode_Reward/base_height_exp: 0.1534
              Curriculum/terrain_levels: 0.0000
                   Metrics/success_rate: 0.1448
     Metrics/base_velocity/error_vel_xy: 0.7340
    Metrics/base_velocity/error_vel_yaw: 0.3970
           Episode_Termination/time_out: 0.7805
       Episode_Termination/base_contact: 0.2195
--------------------------------------------------------------------------------
                         Iteration time: 5.77s
                           Time elapsed: 00:34:17
                                    ETA: 01:58:47

################################################################################
[1m                          Learning iteration 336/1500                           [0m 

                            Total steps: 33128448 
                       Steps per second: 16943 
                        Collection time: 5.526s 
                          Learning time: 0.276s 
                        Mean value loss: 0.0358
                    Mean surrogate loss: -0.0027
                      Mean entropy loss: 13.3952
                            Mean reward: 14.79
                    Mean episode length: 945.36
                        Mean action std: 0.78
    Episode_Reward/track_lin_vel_xy_exp: 0.3680
     Episode_Reward/track_ang_vel_z_exp: 0.4437
            Episode_Reward/lin_vel_z_l2: 0.0000
           Episode_Reward/ang_vel_xy_l2: -0.0950
          Episode_Reward/dof_torques_l2: -0.0671
              Episode_Reward/dof_acc_l2: -0.1769
          Episode_Reward/action_rate_l2: -0.1521
      Episode_Reward/undesired_contacts: -0.0013
     Episode_Reward/flat_orientation_l2: -0.3563
          Episode_Reward/dof_pos_limits: 0.0000
   Episode_Reward/disabled_legs_contact: -0.0107
    Episode_Reward/disabled_legs_height: 0.6335
     Episode_Reward/single_leg_air_time: -0.0013
         Episode_Reward/base_height_exp: 0.1411
              Curriculum/terrain_levels: 0.0000
                   Metrics/success_rate: 0.0334
     Metrics/base_velocity/error_vel_xy: 0.7828
    Metrics/base_velocity/error_vel_yaw: 0.3838
           Episode_Termination/time_out: 0.7865
       Episode_Termination/base_contact: 0.2135
--------------------------------------------------------------------------------
                         Iteration time: 5.80s
                           Time elapsed: 00:34:23
                                    ETA: 01:58:40

################################################################################
[1m                          Learning iteration 337/1500                           [0m 

                            Total steps: 33226752 
                       Steps per second: 16926 
                        Collection time: 5.529s 
                          Learning time: 0.278s 
                        Mean value loss: 0.0287
                    Mean surrogate loss: -0.0010
                      Mean entropy loss: 13.3893
                            Mean reward: 14.55
                    Mean episode length: 916.80
                        Mean action std: 0.78
    Episode_Reward/track_lin_vel_xy_exp: 0.4418
     Episode_Reward/track_ang_vel_z_exp: 0.4371
            Episode_Reward/lin_vel_z_l2: 0.0000
           Episode_Reward/ang_vel_xy_l2: -0.0935
          Episode_Reward/dof_torques_l2: -0.0663
              Episode_Reward/dof_acc_l2: -0.1688
          Episode_Reward/action_rate_l2: -0.1489
      Episode_Reward/undesired_contacts: -0.0040
     Episode_Reward/flat_orientation_l2: -0.3602
          Episode_Reward/dof_pos_limits: 0.0000
   Episode_Reward/disabled_legs_contact: -0.0074
    Episode_Reward/disabled_legs_height: 0.6112
     Episode_Reward/single_leg_air_time: -0.0012
         Episode_Reward/base_height_exp: 0.1204
              Curriculum/terrain_levels: 0.0000
                   Metrics/success_rate: 0.1882
     Metrics/base_velocity/error_vel_xy: 0.7215
    Metrics/base_velocity/error_vel_yaw: 0.3712
           Episode_Termination/time_out: 0.7926
       Episode_Termination/base_contact: 0.2074
--------------------------------------------------------------------------------
                         Iteration time: 5.81s
                           Time elapsed: 00:34:29
                                    ETA: 01:58:33

################################################################################
[1m                          Learning iteration 338/1500                           [0m 

                            Total steps: 33325056 
                       Steps per second: 16792 
                        Collection time: 5.575s 
                          Learning time: 0.279s 
                        Mean value loss: 0.0304
                    Mean surrogate loss: -0.0009
                      Mean entropy loss: 13.3915
                            Mean reward: 16.19
                    Mean episode length: 956.42
                        Mean action std: 0.78
    Episode_Reward/track_lin_vel_xy_exp: 0.3789
     Episode_Reward/track_ang_vel_z_exp: 0.4431
            Episode_Reward/lin_vel_z_l2: 0.0000
           Episode_Reward/ang_vel_xy_l2: -0.0964
          Episode_Reward/dof_torques_l2: -0.0685
              Episode_Reward/dof_acc_l2: -0.1809
          Episode_Reward/action_rate_l2: -0.1542
      Episode_Reward/undesired_contacts: -0.0042
     Episode_Reward/flat_orientation_l2: -0.3639
          Episode_Reward/dof_pos_limits: 0.0000
   Episode_Reward/disabled_legs_contact: -0.0106
    Episode_Reward/disabled_legs_height: 0.6777
     Episode_Reward/single_leg_air_time: -0.0012
         Episode_Reward/base_height_exp: 0.1345
              Curriculum/terrain_levels: 0.0000
                   Metrics/success_rate: 0.0893
     Metrics/base_velocity/error_vel_xy: 0.7848
    Metrics/base_velocity/error_vel_yaw: 0.3757
           Episode_Termination/time_out: 0.7974
       Episode_Termination/base_contact: 0.2026
--------------------------------------------------------------------------------
                         Iteration time: 5.85s
                           Time elapsed: 00:34:34
                                    ETA: 01:58:26

################################################################################
[1m                          Learning iteration 339/1500                           [0m 

                            Total steps: 33423360 
                       Steps per second: 16818 
                        Collection time: 5.569s 
                          Learning time: 0.276s 
                        Mean value loss: 0.0347
                    Mean surrogate loss: -0.0002
                      Mean entropy loss: 13.4002
                            Mean reward: 14.81
                    Mean episode length: 931.92
                        Mean action std: 0.78
    Episode_Reward/track_lin_vel_xy_exp: 0.4440
     Episode_Reward/track_ang_vel_z_exp: 0.4390
            Episode_Reward/lin_vel_z_l2: 0.0000
           Episode_Reward/ang_vel_xy_l2: -0.0954
          Episode_Reward/dof_torques_l2: -0.0676
              Episode_Reward/dof_acc_l2: -0.1747
          Episode_Reward/action_rate_l2: -0.1515
      Episode_Reward/undesired_contacts: -0.0026
     Episode_Reward/flat_orientation_l2: -0.3464
          Episode_Reward/dof_pos_limits: 0.0000
   Episode_Reward/disabled_legs_contact: -0.0107
    Episode_Reward/disabled_legs_height: 0.6115
     Episode_Reward/single_leg_air_time: -0.0012
         Episode_Reward/base_height_exp: 0.1159
              Curriculum/terrain_levels: 0.0000
                   Metrics/success_rate: 0.1057
     Metrics/base_velocity/error_vel_xy: 0.7440
    Metrics/base_velocity/error_vel_yaw: 0.3837
           Episode_Termination/time_out: 0.8045
       Episode_Termination/base_contact: 0.1955
--------------------------------------------------------------------------------
                         Iteration time: 5.85s
                           Time elapsed: 00:34:40
                                    ETA: 01:58:19

################################################################################
[1m                          Learning iteration 340/1500                           [0m 

                            Total steps: 33521664 
                       Steps per second: 16775 
                        Collection time: 5.584s 
                          Learning time: 0.276s 
                        Mean value loss: 0.0375
                    Mean surrogate loss: -0.0005
                      Mean entropy loss: 13.4104
                            Mean reward: 15.07
                    Mean episode length: 962.55
                        Mean action std: 0.78
    Episode_Reward/track_lin_vel_xy_exp: 0.3809
     Episode_Reward/track_ang_vel_z_exp: 0.4542
            Episode_Reward/lin_vel_z_l2: 0.0000
           Episode_Reward/ang_vel_xy_l2: -0.0994
          Episode_Reward/dof_torques_l2: -0.0712
              Episode_Reward/dof_acc_l2: -0.1842
          Episode_Reward/action_rate_l2: -0.1572
      Episode_Reward/undesired_contacts: -0.0043
     Episode_Reward/flat_orientation_l2: -0.3553
          Episode_Reward/dof_pos_limits: 0.0000
   Episode_Reward/disabled_legs_contact: -0.0116
    Episode_Reward/disabled_legs_height: 0.6887
     Episode_Reward/single_leg_air_time: -0.0012
         Episode_Reward/base_height_exp: 0.1404
              Curriculum/terrain_levels: 0.0000
                   Metrics/success_rate: 0.0678
     Metrics/base_velocity/error_vel_xy: 0.7608
    Metrics/base_velocity/error_vel_yaw: 0.3692
           Episode_Termination/time_out: 0.8093
       Episode_Termination/base_contact: 0.1907
--------------------------------------------------------------------------------
                         Iteration time: 5.86s
                           Time elapsed: 00:34:46
                                    ETA: 01:58:12

################################################################################
[1m                          Learning iteration 341/1500                           [0m 

                            Total steps: 33619968 
                       Steps per second: 16852 
                        Collection time: 5.555s 
                          Learning time: 0.278s 
                        Mean value loss: 0.0364
                    Mean surrogate loss: -0.0001
                      Mean entropy loss: 13.4150
                            Mean reward: 13.77
                    Mean episode length: 961.33
                        Mean action std: 0.78
    Episode_Reward/track_lin_vel_xy_exp: 0.4130
     Episode_Reward/track_ang_vel_z_exp: 0.4516
            Episode_Reward/lin_vel_z_l2: 0.0000
           Episode_Reward/ang_vel_xy_l2: -0.0973
          Episode_Reward/dof_torques_l2: -0.0701
              Episode_Reward/dof_acc_l2: -0.1793
          Episode_Reward/action_rate_l2: -0.1559
      Episode_Reward/undesired_contacts: -0.0029
     Episode_Reward/flat_orientation_l2: -0.3555
          Episode_Reward/dof_pos_limits: 0.0000
   Episode_Reward/disabled_legs_contact: -0.0109
    Episode_Reward/disabled_legs_height: 0.5778
     Episode_Reward/single_leg_air_time: -0.0012
         Episode_Reward/base_height_exp: 0.1115
              Curriculum/terrain_levels: 0.0000
                   Metrics/success_rate: 0.0741
     Metrics/base_velocity/error_vel_xy: 0.7513
    Metrics/base_velocity/error_vel_yaw: 0.3708
           Episode_Termination/time_out: 0.8148
       Episode_Termination/base_contact: 0.1852
--------------------------------------------------------------------------------
                         Iteration time: 5.83s
                           Time elapsed: 00:34:52
                                    ETA: 01:58:04

################################################################################
[1m                          Learning iteration 342/1500                           [0m 

                            Total steps: 33718272 
                       Steps per second: 16905 
                        Collection time: 5.537s 
                          Learning time: 0.278s 
                        Mean value loss: 0.0355
                    Mean surrogate loss: -0.0023
                      Mean entropy loss: 13.4193
                            Mean reward: 16.12
                    Mean episode length: 965.68
                        Mean action std: 0.78
    Episode_Reward/track_lin_vel_xy_exp: 0.3980
     Episode_Reward/track_ang_vel_z_exp: 0.4581
            Episode_Reward/lin_vel_z_l2: 0.0000
           Episode_Reward/ang_vel_xy_l2: -0.0977
          Episode_Reward/dof_torques_l2: -0.0701
              Episode_Reward/dof_acc_l2: -0.1800
          Episode_Reward/action_rate_l2: -0.1577
      Episode_Reward/undesired_contacts: -0.0017
     Episode_Reward/flat_orientation_l2: -0.3583
          Episode_Reward/dof_pos_limits: 0.0000
   Episode_Reward/disabled_legs_contact: -0.0105
    Episode_Reward/disabled_legs_height: 0.6605
     Episode_Reward/single_leg_air_time: -0.0013
         Episode_Reward/base_height_exp: 0.1164
              Curriculum/terrain_levels: 0.0000
                   Metrics/success_rate: 0.0911
     Metrics/base_velocity/error_vel_xy: 0.7651
    Metrics/base_velocity/error_vel_yaw: 0.3730
           Episode_Termination/time_out: 0.8206
       Episode_Termination/base_contact: 0.1794
--------------------------------------------------------------------------------
                         Iteration time: 5.82s
                           Time elapsed: 00:34:58
                                    ETA: 01:57:57

################################################################################
[1m                          Learning iteration 343/1500                           [0m 

                            Total steps: 33816576 
                       Steps per second: 17024 
                        Collection time: 5.497s 
                          Learning time: 0.277s 
                        Mean value loss: 0.0359
                    Mean surrogate loss: -0.0024
                      Mean entropy loss: 13.4176
                            Mean reward: 14.14
                    Mean episode length: 999.59
                        Mean action std: 0.78
    Episode_Reward/track_lin_vel_xy_exp: 0.3951
     Episode_Reward/track_ang_vel_z_exp: 0.4691
            Episode_Reward/lin_vel_z_l2: 0.0000
           Episode_Reward/ang_vel_xy_l2: -0.0998
          Episode_Reward/dof_torques_l2: -0.0730
              Episode_Reward/dof_acc_l2: -0.1845
          Episode_Reward/action_rate_l2: -0.1619
      Episode_Reward/undesired_contacts: -0.0025
     Episode_Reward/flat_orientation_l2: -0.3680
          Episode_Reward/dof_pos_limits: 0.0000
   Episode_Reward/disabled_legs_contact: -0.0122
    Episode_Reward/disabled_legs_height: 0.6409
     Episode_Reward/single_leg_air_time: -0.0012
         Episode_Reward/base_height_exp: 0.1036
              Curriculum/terrain_levels: 0.0000
                   Metrics/success_rate: 0.0836
     Metrics/base_velocity/error_vel_xy: 0.7582
    Metrics/base_velocity/error_vel_yaw: 0.3622
           Episode_Termination/time_out: 0.8249
       Episode_Termination/base_contact: 0.1751
--------------------------------------------------------------------------------
                         Iteration time: 5.77s
                           Time elapsed: 00:35:04
                                    ETA: 01:57:50

################################################################################
[1m                          Learning iteration 344/1500                           [0m 

                            Total steps: 33914880 
                       Steps per second: 16845 
                        Collection time: 5.561s 
                          Learning time: 0.275s 
                        Mean value loss: 0.0372
                    Mean surrogate loss: -0.0027
                      Mean entropy loss: 13.4190
                            Mean reward: 14.28
                    Mean episode length: 965.96
                        Mean action std: 0.78
    Episode_Reward/track_lin_vel_xy_exp: 0.3760
     Episode_Reward/track_ang_vel_z_exp: 0.4628
            Episode_Reward/lin_vel_z_l2: 0.0000
           Episode_Reward/ang_vel_xy_l2: -0.0983
          Episode_Reward/dof_torques_l2: -0.0701
              Episode_Reward/dof_acc_l2: -0.1806
          Episode_Reward/action_rate_l2: -0.1567
      Episode_Reward/undesired_contacts: -0.0014
     Episode_Reward/flat_orientation_l2: -0.3599
          Episode_Reward/dof_pos_limits: 0.0000
   Episode_Reward/disabled_legs_contact: -0.0119
    Episode_Reward/disabled_legs_height: 0.6159
     Episode_Reward/single_leg_air_time: -0.0013
         Episode_Reward/base_height_exp: 0.1044
              Curriculum/terrain_levels: 0.0000
                   Metrics/success_rate: 0.0817
     Metrics/base_velocity/error_vel_xy: 0.7808
    Metrics/base_velocity/error_vel_yaw: 0.3648
           Episode_Termination/time_out: 0.8318
       Episode_Termination/base_contact: 0.1682
--------------------------------------------------------------------------------
                         Iteration time: 5.84s
                           Time elapsed: 00:35:09
                                    ETA: 01:57:43

################################################################################
[1m                          Learning iteration 345/1500                           [0m 

                            Total steps: 34013184 
                       Steps per second: 16611 
                        Collection time: 5.643s 
                          Learning time: 0.275s 
                        Mean value loss: 0.0394
                    Mean surrogate loss: -0.0019
                      Mean entropy loss: 13.4184
                            Mean reward: 15.45
                    Mean episode length: 991.26
                        Mean action std: 0.78
    Episode_Reward/track_lin_vel_xy_exp: 0.4715
     Episode_Reward/track_ang_vel_z_exp: 0.4716
            Episode_Reward/lin_vel_z_l2: 0.0000
           Episode_Reward/ang_vel_xy_l2: -0.0997
          Episode_Reward/dof_torques_l2: -0.0720
              Episode_Reward/dof_acc_l2: -0.1833
          Episode_Reward/action_rate_l2: -0.1606
      Episode_Reward/undesired_contacts: -0.0027
     Episode_Reward/flat_orientation_l2: -0.3688
          Episode_Reward/dof_pos_limits: 0.0000
   Episode_Reward/disabled_legs_contact: -0.0116
    Episode_Reward/disabled_legs_height: 0.6395
     Episode_Reward/single_leg_air_time: -0.0013
         Episode_Reward/base_height_exp: 0.0855
              Curriculum/terrain_levels: 0.0000
                   Metrics/success_rate: 0.0839
     Metrics/base_velocity/error_vel_xy: 0.7313
    Metrics/base_velocity/error_vel_yaw: 0.3574
           Episode_Termination/time_out: 0.8368
       Episode_Termination/base_contact: 0.1632
--------------------------------------------------------------------------------
                         Iteration time: 5.92s
                           Time elapsed: 00:35:15
                                    ETA: 01:57:36

################################################################################
[1m                          Learning iteration 346/1500                           [0m 

                            Total steps: 34111488 
                       Steps per second: 16829 
                        Collection time: 5.564s 
                          Learning time: 0.277s 
                        Mean value loss: 0.0367
                    Mean surrogate loss: 0.0001
                      Mean entropy loss: 13.4185
                            Mean reward: 15.02
                    Mean episode length: 937.95
                        Mean action std: 0.78
    Episode_Reward/track_lin_vel_xy_exp: 0.4371
     Episode_Reward/track_ang_vel_z_exp: 0.4500
            Episode_Reward/lin_vel_z_l2: 0.0000
           Episode_Reward/ang_vel_xy_l2: -0.0972
          Episode_Reward/dof_torques_l2: -0.0700
              Episode_Reward/dof_acc_l2: -0.1789
          Episode_Reward/action_rate_l2: -0.1549
      Episode_Reward/undesired_contacts: -0.0021
     Episode_Reward/flat_orientation_l2: -0.3546
          Episode_Reward/dof_pos_limits: 0.0000
   Episode_Reward/disabled_legs_contact: -0.0203
    Episode_Reward/disabled_legs_height: 0.6495
     Episode_Reward/single_leg_air_time: -0.0012
         Episode_Reward/base_height_exp: 0.1022
              Curriculum/terrain_levels: 0.0000
                   Metrics/success_rate: 0.1420
     Metrics/base_velocity/error_vel_xy: 0.7348
    Metrics/base_velocity/error_vel_yaw: 0.3731
           Episode_Termination/time_out: 0.8436
       Episode_Termination/base_contact: 0.1564
--------------------------------------------------------------------------------
                         Iteration time: 5.84s
                           Time elapsed: 00:35:21
                                    ETA: 01:57:29

################################################################################
[1m                          Learning iteration 347/1500                           [0m 

                            Total steps: 34209792 
                       Steps per second: 16594 
                        Collection time: 5.648s 
                          Learning time: 0.276s 
                        Mean value loss: 0.0361
                    Mean surrogate loss: -0.0026
                      Mean entropy loss: 13.4176
                            Mean reward: 12.77
                    Mean episode length: 953.80
                        Mean action std: 0.78
    Episode_Reward/track_lin_vel_xy_exp: 0.4065
     Episode_Reward/track_ang_vel_z_exp: 0.4658
            Episode_Reward/lin_vel_z_l2: 0.0000
           Episode_Reward/ang_vel_xy_l2: -0.0973
          Episode_Reward/dof_torques_l2: -0.0700
              Episode_Reward/dof_acc_l2: -0.1760
          Episode_Reward/action_rate_l2: -0.1557
      Episode_Reward/undesired_contacts: -0.0031
     Episode_Reward/flat_orientation_l2: -0.3733
          Episode_Reward/dof_pos_limits: 0.0000
   Episode_Reward/disabled_legs_contact: -0.0074
    Episode_Reward/disabled_legs_height: 0.5423
     Episode_Reward/single_leg_air_time: -0.0014
         Episode_Reward/base_height_exp: 0.1015
              Curriculum/terrain_levels: 0.0000
                   Metrics/success_rate: 0.1079
     Metrics/base_velocity/error_vel_xy: 0.7681
    Metrics/base_velocity/error_vel_yaw: 0.3533
           Episode_Termination/time_out: 0.8467
       Episode_Termination/base_contact: 0.1533
--------------------------------------------------------------------------------
                         Iteration time: 5.92s
                           Time elapsed: 00:35:27
                                    ETA: 01:57:22

################################################################################
[1m                          Learning iteration 348/1500                           [0m 

                            Total steps: 34308096 
                       Steps per second: 16465 
                        Collection time: 5.696s 
                          Learning time: 0.274s 
                        Mean value loss: 0.0295
                    Mean surrogate loss: 0.0001
                      Mean entropy loss: 13.4087
                            Mean reward: 14.04
                    Mean episode length: 955.63
                        Mean action std: 0.78
    Episode_Reward/track_lin_vel_xy_exp: 0.4033
     Episode_Reward/track_ang_vel_z_exp: 0.4640
            Episode_Reward/lin_vel_z_l2: 0.0000
           Episode_Reward/ang_vel_xy_l2: -0.0987
          Episode_Reward/dof_torques_l2: -0.0686
              Episode_Reward/dof_acc_l2: -0.1774
          Episode_Reward/action_rate_l2: -0.1556
      Episode_Reward/undesired_contacts: -0.0025
     Episode_Reward/flat_orientation_l2: -0.3718
          Episode_Reward/dof_pos_limits: 0.0000
   Episode_Reward/disabled_legs_contact: -0.0071
    Episode_Reward/disabled_legs_height: 0.6220
     Episode_Reward/single_leg_air_time: -0.0014
         Episode_Reward/base_height_exp: 0.1184
              Curriculum/terrain_levels: 0.0000
                   Metrics/success_rate: 0.0681
     Metrics/base_velocity/error_vel_xy: 0.7706
    Metrics/base_velocity/error_vel_yaw: 0.3604
           Episode_Termination/time_out: 0.8495
       Episode_Termination/base_contact: 0.1505
--------------------------------------------------------------------------------
                         Iteration time: 5.97s
                           Time elapsed: 00:35:33
                                    ETA: 01:57:16

################################################################################
[1m                          Learning iteration 349/1500                           [0m 

                            Total steps: 34406400 
                       Steps per second: 16516 
                        Collection time: 5.673s 
                          Learning time: 0.279s 
                        Mean value loss: 0.0399
                    Mean surrogate loss: 0.0009
                      Mean entropy loss: 13.4102
                            Mean reward: 15.61
                    Mean episode length: 887.19
                        Mean action std: 0.78
    Episode_Reward/track_lin_vel_xy_exp: 0.4574
     Episode_Reward/track_ang_vel_z_exp: 0.4279
            Episode_Reward/lin_vel_z_l2: 0.0000
           Episode_Reward/ang_vel_xy_l2: -0.0902
          Episode_Reward/dof_torques_l2: -0.0633
              Episode_Reward/dof_acc_l2: -0.1610
          Episode_Reward/action_rate_l2: -0.1430
      Episode_Reward/undesired_contacts: -0.0051
     Episode_Reward/flat_orientation_l2: -0.3457
          Episode_Reward/dof_pos_limits: 0.0000
   Episode_Reward/disabled_legs_contact: -0.0088
    Episode_Reward/disabled_legs_height: 0.5942
     Episode_Reward/single_leg_air_time: -0.0013
         Episode_Reward/base_height_exp: 0.1264
              Curriculum/terrain_levels: 0.0000
                   Metrics/success_rate: 0.2010
     Metrics/base_velocity/error_vel_xy: 0.7212
    Metrics/base_velocity/error_vel_yaw: 0.3821
           Episode_Termination/time_out: 0.8517
       Episode_Termination/base_contact: 0.1483
--------------------------------------------------------------------------------
                         Iteration time: 5.95s
                           Time elapsed: 00:35:39
                                    ETA: 01:57:09

################################################################################
[1m                          Learning iteration 350/1500                           [0m 

                            Total steps: 34504704 
                       Steps per second: 16367 
                        Collection time: 5.729s 
                          Learning time: 0.277s 
                        Mean value loss: 0.0312
                    Mean surrogate loss: -0.0015
                      Mean entropy loss: 13.4121
                            Mean reward: 16.30
                    Mean episode length: 939.38
                        Mean action std: 0.78
    Episode_Reward/track_lin_vel_xy_exp: 0.4102
     Episode_Reward/track_ang_vel_z_exp: 0.4683
            Episode_Reward/lin_vel_z_l2: 0.0000
           Episode_Reward/ang_vel_xy_l2: -0.0950
          Episode_Reward/dof_torques_l2: -0.0692
              Episode_Reward/dof_acc_l2: -0.1708
          Episode_Reward/action_rate_l2: -0.1537
      Episode_Reward/undesired_contacts: -0.0026
     Episode_Reward/flat_orientation_l2: -0.3681
          Episode_Reward/dof_pos_limits: 0.0000
   Episode_Reward/disabled_legs_contact: -0.0072
    Episode_Reward/disabled_legs_height: 0.6932
     Episode_Reward/single_leg_air_time: -0.0013
         Episode_Reward/base_height_exp: 0.1252
              Curriculum/terrain_levels: 0.0000
                   Metrics/success_rate: 0.1181
     Metrics/base_velocity/error_vel_xy: 0.7607
    Metrics/base_velocity/error_vel_yaw: 0.3436
           Episode_Termination/time_out: 0.8532
       Episode_Termination/base_contact: 0.1468
--------------------------------------------------------------------------------
                         Iteration time: 6.01s
                           Time elapsed: 00:35:45
                                    ETA: 01:57:03

################################################################################
[1m                          Learning iteration 351/1500                           [0m 

                            Total steps: 34603008 
                       Steps per second: 16497 
                        Collection time: 5.681s 
                          Learning time: 0.278s 
                        Mean value loss: 0.0262
                    Mean surrogate loss: -0.0016
                      Mean entropy loss: 13.4078
                            Mean reward: 15.28
                    Mean episode length: 957.35
                        Mean action std: 0.78
    Episode_Reward/track_lin_vel_xy_exp: 0.4184
     Episode_Reward/track_ang_vel_z_exp: 0.4684
            Episode_Reward/lin_vel_z_l2: 0.0000
           Episode_Reward/ang_vel_xy_l2: -0.0971
          Episode_Reward/dof_torques_l2: -0.0698
              Episode_Reward/dof_acc_l2: -0.1750
          Episode_Reward/action_rate_l2: -0.1547
      Episode_Reward/undesired_contacts: -0.0020
     Episode_Reward/flat_orientation_l2: -0.3696
          Episode_Reward/dof_pos_limits: 0.0000
   Episode_Reward/disabled_legs_contact: -0.0076
    Episode_Reward/disabled_legs_height: 0.7017
     Episode_Reward/single_leg_air_time: -0.0014
         Episode_Reward/base_height_exp: 0.1294
              Curriculum/terrain_levels: 0.0000
                   Metrics/success_rate: 0.0678
     Metrics/base_velocity/error_vel_xy: 0.7490
    Metrics/base_velocity/error_vel_yaw: 0.3469
           Episode_Termination/time_out: 0.8565
       Episode_Termination/base_contact: 0.1435
--------------------------------------------------------------------------------
                         Iteration time: 5.96s
                           Time elapsed: 00:35:51
                                    ETA: 01:56:56

################################################################################
[1m                          Learning iteration 352/1500                           [0m 

                            Total steps: 34701312 
                       Steps per second: 16547 
                        Collection time: 5.665s 
                          Learning time: 0.276s 
                        Mean value loss: 0.0309
                    Mean surrogate loss: -0.0026
                      Mean entropy loss: 13.4001
                            Mean reward: 15.29
                    Mean episode length: 939.11
                        Mean action std: 0.78
    Episode_Reward/track_lin_vel_xy_exp: 0.4188
     Episode_Reward/track_ang_vel_z_exp: 0.4644
            Episode_Reward/lin_vel_z_l2: 0.0000
           Episode_Reward/ang_vel_xy_l2: -0.0955
          Episode_Reward/dof_torques_l2: -0.0686
              Episode_Reward/dof_acc_l2: -0.1701
          Episode_Reward/action_rate_l2: -0.1529
      Episode_Reward/undesired_contacts: -0.0021
     Episode_Reward/flat_orientation_l2: -0.3788
          Episode_Reward/dof_pos_limits: 0.0000
   Episode_Reward/disabled_legs_contact: -0.0050
    Episode_Reward/disabled_legs_height: 0.6354
     Episode_Reward/single_leg_air_time: -0.0014
         Episode_Reward/base_height_exp: 0.1326
              Curriculum/terrain_levels: 0.0000
                   Metrics/success_rate: 0.0653
     Metrics/base_velocity/error_vel_xy: 0.7490
    Metrics/base_velocity/error_vel_yaw: 0.3552
           Episode_Termination/time_out: 0.8593
       Episode_Termination/base_contact: 0.1407
--------------------------------------------------------------------------------
                         Iteration time: 5.94s
                           Time elapsed: 00:35:57
                                    ETA: 01:56:49

################################################################################
[1m                          Learning iteration 353/1500                           [0m 

                            Total steps: 34799616 
                       Steps per second: 16607 
                        Collection time: 5.642s 
                          Learning time: 0.278s 
                        Mean value loss: 0.0362
                    Mean surrogate loss: 0.0017
                      Mean entropy loss: 13.3939
                            Mean reward: 15.76
                    Mean episode length: 943.30
                        Mean action std: 0.78
    Episode_Reward/track_lin_vel_xy_exp: 0.3851
     Episode_Reward/track_ang_vel_z_exp: 0.4541
            Episode_Reward/lin_vel_z_l2: 0.0000
           Episode_Reward/ang_vel_xy_l2: -0.0947
          Episode_Reward/dof_torques_l2: -0.0677
              Episode_Reward/dof_acc_l2: -0.1688
          Episode_Reward/action_rate_l2: -0.1501
      Episode_Reward/undesired_contacts: -0.0017
     Episode_Reward/flat_orientation_l2: -0.3723
          Episode_Reward/dof_pos_limits: 0.0000
   Episode_Reward/disabled_legs_contact: -0.0085
    Episode_Reward/disabled_legs_height: 0.6413
     Episode_Reward/single_leg_air_time: -0.0013
         Episode_Reward/base_height_exp: 0.1125
              Curriculum/terrain_levels: 0.0000
                   Metrics/success_rate: 0.1076
     Metrics/base_velocity/error_vel_xy: 0.7706
    Metrics/base_velocity/error_vel_yaw: 0.3463
           Episode_Termination/time_out: 0.8621
       Episode_Termination/base_contact: 0.1379
--------------------------------------------------------------------------------
                         Iteration time: 5.92s
                           Time elapsed: 00:36:03
                                    ETA: 01:56:43

################################################################################
[1m                          Learning iteration 354/1500                           [0m 

                            Total steps: 34897920 
                       Steps per second: 16466 
                        Collection time: 5.691s 
                          Learning time: 0.279s 
                        Mean value loss: 0.0332
                    Mean surrogate loss: 0.0030
                      Mean entropy loss: 13.3915
                            Mean reward: 15.28
                    Mean episode length: 926.25
                        Mean action std: 0.78
    Episode_Reward/track_lin_vel_xy_exp: 0.3870
     Episode_Reward/track_ang_vel_z_exp: 0.4572
            Episode_Reward/lin_vel_z_l2: 0.0000
           Episode_Reward/ang_vel_xy_l2: -0.0929
          Episode_Reward/dof_torques_l2: -0.0682
              Episode_Reward/dof_acc_l2: -0.1659
          Episode_Reward/action_rate_l2: -0.1491
      Episode_Reward/undesired_contacts: -0.0054
     Episode_Reward/flat_orientation_l2: -0.3649
          Episode_Reward/dof_pos_limits: 0.0000
   Episode_Reward/disabled_legs_contact: -0.0039
    Episode_Reward/disabled_legs_height: 0.6664
     Episode_Reward/single_leg_air_time: -0.0012
         Episode_Reward/base_height_exp: 0.1050
              Curriculum/terrain_levels: 0.0000
                   Metrics/success_rate: 0.0921
     Metrics/base_velocity/error_vel_xy: 0.7761
    Metrics/base_velocity/error_vel_yaw: 0.3538
           Episode_Termination/time_out: 0.8655
       Episode_Termination/base_contact: 0.1345
--------------------------------------------------------------------------------
                         Iteration time: 5.97s
                           Time elapsed: 00:36:09
                                    ETA: 01:56:36

################################################################################
[1m                          Learning iteration 355/1500                           [0m 

                            Total steps: 34996224 
                       Steps per second: 16695 
                        Collection time: 5.613s 
                          Learning time: 0.275s 
                        Mean value loss: 0.0253
                    Mean surrogate loss: -0.0017
                      Mean entropy loss: 13.3855
                            Mean reward: 14.43
                    Mean episode length: 938.71
                        Mean action std: 0.78
    Episode_Reward/track_lin_vel_xy_exp: 0.3734
     Episode_Reward/track_ang_vel_z_exp: 0.4658
            Episode_Reward/lin_vel_z_l2: 0.0000
           Episode_Reward/ang_vel_xy_l2: -0.0963
          Episode_Reward/dof_torques_l2: -0.0695
              Episode_Reward/dof_acc_l2: -0.1740
          Episode_Reward/action_rate_l2: -0.1553
      Episode_Reward/undesired_contacts: -0.0042
     Episode_Reward/flat_orientation_l2: -0.3865
          Episode_Reward/dof_pos_limits: 0.0000
   Episode_Reward/disabled_legs_contact: -0.0063
    Episode_Reward/disabled_legs_height: 0.6356
     Episode_Reward/single_leg_air_time: -0.0014
         Episode_Reward/base_height_exp: 0.1337
              Curriculum/terrain_levels: 0.0000
                   Metrics/success_rate: 0.0729
     Metrics/base_velocity/error_vel_xy: 0.7863
    Metrics/base_velocity/error_vel_yaw: 0.3465
           Episode_Termination/time_out: 0.8690
       Episode_Termination/base_contact: 0.1310
--------------------------------------------------------------------------------
                         Iteration time: 5.89s
                           Time elapsed: 00:36:15
                                    ETA: 01:56:29

################################################################################
[1m                          Learning iteration 356/1500                           [0m 

                            Total steps: 35094528 
                       Steps per second: 16612 
                        Collection time: 5.641s 
                          Learning time: 0.277s 
                        Mean value loss: 0.0307
                    Mean surrogate loss: 0.0029
                      Mean entropy loss: 13.3801
                            Mean reward: 15.19
                    Mean episode length: 934.82
                        Mean action std: 0.78
    Episode_Reward/track_lin_vel_xy_exp: 0.3742
     Episode_Reward/track_ang_vel_z_exp: 0.4542
            Episode_Reward/lin_vel_z_l2: 0.0000
           Episode_Reward/ang_vel_xy_l2: -0.0906
          Episode_Reward/dof_torques_l2: -0.0675
              Episode_Reward/dof_acc_l2: -0.1652
          Episode_Reward/action_rate_l2: -0.1493
      Episode_Reward/undesired_contacts: -0.0054
     Episode_Reward/flat_orientation_l2: -0.3647
          Episode_Reward/dof_pos_limits: 0.0000
   Episode_Reward/disabled_legs_contact: -0.0053
    Episode_Reward/disabled_legs_height: 0.6234
     Episode_Reward/single_leg_air_time: -0.0013
         Episode_Reward/base_height_exp: 0.1096
              Curriculum/terrain_levels: 0.0000
                   Metrics/success_rate: 0.0556
     Metrics/base_velocity/error_vel_xy: 0.7617
    Metrics/base_velocity/error_vel_yaw: 0.3590
           Episode_Termination/time_out: 0.8734
       Episode_Termination/base_contact: 0.1266
--------------------------------------------------------------------------------
                         Iteration time: 5.92s
                           Time elapsed: 00:36:21
                                    ETA: 01:56:23

################################################################################
[1m                          Learning iteration 357/1500                           [0m 

                            Total steps: 35192832 
                       Steps per second: 16608 
                        Collection time: 5.643s 
                          Learning time: 0.276s 
                        Mean value loss: 0.0302
                    Mean surrogate loss: -0.0021
                      Mean entropy loss: 13.3734
                            Mean reward: 16.80
                    Mean episode length: 928.77
                        Mean action std: 0.78
    Episode_Reward/track_lin_vel_xy_exp: 0.4622
     Episode_Reward/track_ang_vel_z_exp: 0.4524
            Episode_Reward/lin_vel_z_l2: 0.0000
           Episode_Reward/ang_vel_xy_l2: -0.0953
          Episode_Reward/dof_torques_l2: -0.0680
              Episode_Reward/dof_acc_l2: -0.1715
          Episode_Reward/action_rate_l2: -0.1524
      Episode_Reward/undesired_contacts: -0.0070
     Episode_Reward/flat_orientation_l2: -0.3774
          Episode_Reward/dof_pos_limits: 0.0000
   Episode_Reward/disabled_legs_contact: -0.0064
    Episode_Reward/disabled_legs_height: 0.6671
     Episode_Reward/single_leg_air_time: -0.0014
         Episode_Reward/base_height_exp: 0.1209
              Curriculum/terrain_levels: 0.0000
                   Metrics/success_rate: 0.1569
     Metrics/base_velocity/error_vel_xy: 0.7101
    Metrics/base_velocity/error_vel_yaw: 0.3549
           Episode_Termination/time_out: 0.8771
       Episode_Termination/base_contact: 0.1229
--------------------------------------------------------------------------------
                         Iteration time: 5.92s
                           Time elapsed: 00:36:26
                                    ETA: 01:56:16

################################################################################
[1m                          Learning iteration 358/1500                           [0m 

                            Total steps: 35291136 
                       Steps per second: 16508 
                        Collection time: 5.680s 
                          Learning time: 0.275s 
                        Mean value loss: 0.0302
                    Mean surrogate loss: 0.0019
                      Mean entropy loss: 13.3692
                            Mean reward: 17.13
                    Mean episode length: 928.84
                        Mean action std: 0.78
    Episode_Reward/track_lin_vel_xy_exp: 0.4030
     Episode_Reward/track_ang_vel_z_exp: 0.4358
            Episode_Reward/lin_vel_z_l2: 0.0000
           Episode_Reward/ang_vel_xy_l2: -0.0889
          Episode_Reward/dof_torques_l2: -0.0645
              Episode_Reward/dof_acc_l2: -0.1568
          Episode_Reward/action_rate_l2: -0.1435
      Episode_Reward/undesired_contacts: -0.0055
     Episode_Reward/flat_orientation_l2: -0.3563
          Episode_Reward/dof_pos_limits: 0.0000
   Episode_Reward/disabled_legs_contact: -0.0047
    Episode_Reward/disabled_legs_height: 0.6907
     Episode_Reward/single_leg_air_time: -0.0013
         Episode_Reward/base_height_exp: 0.1432
              Curriculum/terrain_levels: 0.0000
                   Metrics/success_rate: 0.1458
     Metrics/base_velocity/error_vel_xy: 0.7328
    Metrics/base_velocity/error_vel_yaw: 0.3556
           Episode_Termination/time_out: 0.8792
       Episode_Termination/base_contact: 0.1208
--------------------------------------------------------------------------------
                         Iteration time: 5.95s
                           Time elapsed: 00:36:32
                                    ETA: 01:56:09

################################################################################
[1m                          Learning iteration 359/1500                           [0m 

                            Total steps: 35389440 
                       Steps per second: 16603 
                        Collection time: 5.646s 
                          Learning time: 0.275s 
                        Mean value loss: 0.0311
                    Mean surrogate loss: -0.0027
                      Mean entropy loss: 13.3658
                            Mean reward: 16.28
                    Mean episode length: 929.47
                        Mean action std: 0.78
    Episode_Reward/track_lin_vel_xy_exp: 0.3773
     Episode_Reward/track_ang_vel_z_exp: 0.4430
            Episode_Reward/lin_vel_z_l2: 0.0000
           Episode_Reward/ang_vel_xy_l2: -0.0945
          Episode_Reward/dof_torques_l2: -0.0668
              Episode_Reward/dof_acc_l2: -0.1644
          Episode_Reward/action_rate_l2: -0.1471
      Episode_Reward/undesired_contacts: -0.0058
     Episode_Reward/flat_orientation_l2: -0.3641
          Episode_Reward/dof_pos_limits: 0.0000
   Episode_Reward/disabled_legs_contact: -0.0123
    Episode_Reward/disabled_legs_height: 0.7116
     Episode_Reward/single_leg_air_time: -0.0012
         Episode_Reward/base_height_exp: 0.1191
              Curriculum/terrain_levels: 0.0000
                   Metrics/success_rate: 0.1021
     Metrics/base_velocity/error_vel_xy: 0.7701
    Metrics/base_velocity/error_vel_yaw: 0.3774
           Episode_Termination/time_out: 0.8816
       Episode_Termination/base_contact: 0.1184
--------------------------------------------------------------------------------
                         Iteration time: 5.92s
                           Time elapsed: 00:36:38
                                    ETA: 01:56:03

################################################################################
[1m                          Learning iteration 360/1500                           [0m 

                            Total steps: 35487744 
                       Steps per second: 16572 
                        Collection time: 5.655s 
                          Learning time: 0.277s 
                        Mean value loss: 0.0349
                    Mean surrogate loss: -0.0039
                      Mean entropy loss: 13.3572
                            Mean reward: 14.80
                    Mean episode length: 930.18
                        Mean action std: 0.78
    Episode_Reward/track_lin_vel_xy_exp: 0.3999
     Episode_Reward/track_ang_vel_z_exp: 0.4624
            Episode_Reward/lin_vel_z_l2: 0.0000
           Episode_Reward/ang_vel_xy_l2: -0.0911
          Episode_Reward/dof_torques_l2: -0.0676
              Episode_Reward/dof_acc_l2: -0.1658
          Episode_Reward/action_rate_l2: -0.1502
      Episode_Reward/undesired_contacts: -0.0023
     Episode_Reward/flat_orientation_l2: -0.3786
          Episode_Reward/dof_pos_limits: 0.0000
   Episode_Reward/disabled_legs_contact: -0.0038
    Episode_Reward/disabled_legs_height: 0.6174
     Episode_Reward/single_leg_air_time: -0.0015
         Episode_Reward/base_height_exp: 0.1077
              Curriculum/terrain_levels: 0.0000
                   Metrics/success_rate: 0.1610
     Metrics/base_velocity/error_vel_xy: 0.7538
    Metrics/base_velocity/error_vel_yaw: 0.3522
           Episode_Termination/time_out: 0.8843
       Episode_Termination/base_contact: 0.1157
--------------------------------------------------------------------------------
                         Iteration time: 5.93s
                           Time elapsed: 00:36:44
                                    ETA: 01:55:56

################################################################################
[1m                          Learning iteration 361/1500                           [0m 

                            Total steps: 35586048 
                       Steps per second: 16618 
                        Collection time: 5.637s 
                          Learning time: 0.278s 
                        Mean value loss: 0.0329
                    Mean surrogate loss: -0.0021
                      Mean entropy loss: 13.3621
                            Mean reward: 16.51
                    Mean episode length: 919.44
                        Mean action std: 0.78
    Episode_Reward/track_lin_vel_xy_exp: 0.3670
     Episode_Reward/track_ang_vel_z_exp: 0.4566
            Episode_Reward/lin_vel_z_l2: 0.0000
           Episode_Reward/ang_vel_xy_l2: -0.0944
          Episode_Reward/dof_torques_l2: -0.0670
              Episode_Reward/dof_acc_l2: -0.1680
          Episode_Reward/action_rate_l2: -0.1501
      Episode_Reward/undesired_contacts: -0.0033
     Episode_Reward/flat_orientation_l2: -0.3769
          Episode_Reward/dof_pos_limits: 0.0000
   Episode_Reward/disabled_legs_contact: -0.0040
    Episode_Reward/disabled_legs_height: 0.6779
     Episode_Reward/single_leg_air_time: -0.0016
         Episode_Reward/base_height_exp: 0.1419
              Curriculum/terrain_levels: 0.0000
                   Metrics/success_rate: 0.0667
     Metrics/base_velocity/error_vel_xy: 0.7721
    Metrics/base_velocity/error_vel_yaw: 0.3693
           Episode_Termination/time_out: 0.8858
       Episode_Termination/base_contact: 0.1142
--------------------------------------------------------------------------------
                         Iteration time: 5.92s
                           Time elapsed: 00:36:50
                                    ETA: 01:55:49

################################################################################
[1m                          Learning iteration 362/1500                           [0m 

                            Total steps: 35684352 
                       Steps per second: 16605 
                        Collection time: 5.644s 
                          Learning time: 0.276s 
                        Mean value loss: 0.0318
                    Mean surrogate loss: 0.0015
                      Mean entropy loss: 13.3627
                            Mean reward: 15.50
                    Mean episode length: 935.16
                        Mean action std: 0.78
    Episode_Reward/track_lin_vel_xy_exp: 0.3292
     Episode_Reward/track_ang_vel_z_exp: 0.4554
            Episode_Reward/lin_vel_z_l2: 0.0000
           Episode_Reward/ang_vel_xy_l2: -0.0941
          Episode_Reward/dof_torques_l2: -0.0675
              Episode_Reward/dof_acc_l2: -0.1658
          Episode_Reward/action_rate_l2: -0.1497
      Episode_Reward/undesired_contacts: -0.0032
     Episode_Reward/flat_orientation_l2: -0.3575
          Episode_Reward/dof_pos_limits: 0.0000
   Episode_Reward/disabled_legs_contact: -0.0062
    Episode_Reward/disabled_legs_height: 0.6435
     Episode_Reward/single_leg_air_time: -0.0014
         Episode_Reward/base_height_exp: 0.1147
              Curriculum/terrain_levels: 0.0000
                   Metrics/success_rate: 0.0701
     Metrics/base_velocity/error_vel_xy: 0.7825
    Metrics/base_velocity/error_vel_yaw: 0.3474
           Episode_Termination/time_out: 0.8877
       Episode_Termination/base_contact: 0.1123
--------------------------------------------------------------------------------
                         Iteration time: 5.92s
                           Time elapsed: 00:36:56
                                    ETA: 01:55:42

################################################################################
[1m                          Learning iteration 363/1500                           [0m 

                            Total steps: 35782656 
                       Steps per second: 16767 
                        Collection time: 5.586s 
                          Learning time: 0.276s 
                        Mean value loss: 0.0367
                    Mean surrogate loss: 0.0022
                      Mean entropy loss: 13.3610
                            Mean reward: 16.13
                    Mean episode length: 965.07
                        Mean action std: 0.78
    Episode_Reward/track_lin_vel_xy_exp: 0.4310
     Episode_Reward/track_ang_vel_z_exp: 0.4988
            Episode_Reward/lin_vel_z_l2: 0.0000
           Episode_Reward/ang_vel_xy_l2: -0.0955
          Episode_Reward/dof_torques_l2: -0.0725
              Episode_Reward/dof_acc_l2: -0.1723
          Episode_Reward/action_rate_l2: -0.1592
      Episode_Reward/undesired_contacts: -0.0025
     Episode_Reward/flat_orientation_l2: -0.4008
          Episode_Reward/dof_pos_limits: 0.0000
   Episode_Reward/disabled_legs_contact: -0.0053
    Episode_Reward/disabled_legs_height: 0.6648
     Episode_Reward/single_leg_air_time: -0.0015
         Episode_Reward/base_height_exp: 0.1017
              Curriculum/terrain_levels: 0.0000
                   Metrics/success_rate: 0.1275
     Metrics/base_velocity/error_vel_xy: 0.7586
    Metrics/base_velocity/error_vel_yaw: 0.3204
           Episode_Termination/time_out: 0.8891
       Episode_Termination/base_contact: 0.1109
--------------------------------------------------------------------------------
                         Iteration time: 5.86s
                           Time elapsed: 00:37:02
                                    ETA: 01:55:36

################################################################################
[1m                          Learning iteration 364/1500                           [0m 

                            Total steps: 35880960 
                       Steps per second: 16757 
                        Collection time: 5.589s 
                          Learning time: 0.277s 
                        Mean value loss: 0.0385
                    Mean surrogate loss: -0.0019
                      Mean entropy loss: 13.3618
                            Mean reward: 16.44
                    Mean episode length: 968.94
                        Mean action std: 0.78
    Episode_Reward/track_lin_vel_xy_exp: 0.3548
     Episode_Reward/track_ang_vel_z_exp: 0.4794
            Episode_Reward/lin_vel_z_l2: 0.0000
           Episode_Reward/ang_vel_xy_l2: -0.0946
          Episode_Reward/dof_torques_l2: -0.0715
              Episode_Reward/dof_acc_l2: -0.1723
          Episode_Reward/action_rate_l2: -0.1572
      Episode_Reward/undesired_contacts: -0.0041
     Episode_Reward/flat_orientation_l2: -0.3810
          Episode_Reward/dof_pos_limits: 0.0000
   Episode_Reward/disabled_legs_contact: -0.0083
    Episode_Reward/disabled_legs_height: 0.7519
     Episode_Reward/single_leg_air_time: -0.0014
         Episode_Reward/base_height_exp: 0.1289
              Curriculum/terrain_levels: 0.0000
                   Metrics/success_rate: 0.0726
     Metrics/base_velocity/error_vel_xy: 0.7622
    Metrics/base_velocity/error_vel_yaw: 0.3329
           Episode_Termination/time_out: 0.8917
       Episode_Termination/base_contact: 0.1083
--------------------------------------------------------------------------------
                         Iteration time: 5.87s
                           Time elapsed: 00:37:08
                                    ETA: 01:55:29

################################################################################
[1m                          Learning iteration 365/1500                           [0m 

                            Total steps: 35979264 
                       Steps per second: 16622 
                        Collection time: 5.641s 
                          Learning time: 0.273s 
                        Mean value loss: 0.0345
                    Mean surrogate loss: 0.0007
                      Mean entropy loss: 13.3725
                            Mean reward: 18.60
                    Mean episode length: 972.00
                        Mean action std: 0.78
    Episode_Reward/track_lin_vel_xy_exp: 0.4929
     Episode_Reward/track_ang_vel_z_exp: 0.4816
            Episode_Reward/lin_vel_z_l2: 0.0000
           Episode_Reward/ang_vel_xy_l2: -0.0960
          Episode_Reward/dof_torques_l2: -0.0718
              Episode_Reward/dof_acc_l2: -0.1731
          Episode_Reward/action_rate_l2: -0.1583
      Episode_Reward/undesired_contacts: -0.0063
     Episode_Reward/flat_orientation_l2: -0.3815
          Episode_Reward/dof_pos_limits: 0.0000
   Episode_Reward/disabled_legs_contact: -0.0090
    Episode_Reward/disabled_legs_height: 0.7660
     Episode_Reward/single_leg_air_time: -0.0015
         Episode_Reward/base_height_exp: 0.1581
              Curriculum/terrain_levels: 0.0000
                   Metrics/success_rate: 0.2118
     Metrics/base_velocity/error_vel_xy: 0.7133
    Metrics/base_velocity/error_vel_yaw: 0.3376
           Episode_Termination/time_out: 0.8939
       Episode_Termination/base_contact: 0.1061
--------------------------------------------------------------------------------
                         Iteration time: 5.91s
                           Time elapsed: 00:37:14
                                    ETA: 01:55:22

################################################################################
[1m                          Learning iteration 366/1500                           [0m 

                            Total steps: 36077568 
                       Steps per second: 16732 
                        Collection time: 5.598s 
                          Learning time: 0.277s 
                        Mean value loss: 0.0384
                    Mean surrogate loss: 0.0045
                      Mean entropy loss: 13.3787
                            Mean reward: 17.07
                    Mean episode length: 987.08
                        Mean action std: 0.78
    Episode_Reward/track_lin_vel_xy_exp: 0.4309
     Episode_Reward/track_ang_vel_z_exp: 0.4926
            Episode_Reward/lin_vel_z_l2: 0.0000
           Episode_Reward/ang_vel_xy_l2: -0.0946
          Episode_Reward/dof_torques_l2: -0.0727
              Episode_Reward/dof_acc_l2: -0.1764
          Episode_Reward/action_rate_l2: -0.1591
      Episode_Reward/undesired_contacts: -0.0035
     Episode_Reward/flat_orientation_l2: -0.3871
          Episode_Reward/dof_pos_limits: 0.0000
   Episode_Reward/disabled_legs_contact: -0.0070
    Episode_Reward/disabled_legs_height: 0.6615
     Episode_Reward/single_leg_air_time: -0.0014
         Episode_Reward/base_height_exp: 0.1427
              Curriculum/terrain_levels: 0.0000
                   Metrics/success_rate: 0.1219
     Metrics/base_velocity/error_vel_xy: 0.7708
    Metrics/base_velocity/error_vel_yaw: 0.3309
           Episode_Termination/time_out: 0.8971
       Episode_Termination/base_contact: 0.1029
--------------------------------------------------------------------------------
                         Iteration time: 5.87s
                           Time elapsed: 00:37:20
                                    ETA: 01:55:15

################################################################################
[1m                          Learning iteration 367/1500                           [0m 

                            Total steps: 36175872 
                       Steps per second: 16834 
                        Collection time: 5.564s 
                          Learning time: 0.276s 
                        Mean value loss: 0.0296
                    Mean surrogate loss: -0.0025
                      Mean entropy loss: 13.3822
                            Mean reward: 17.15
                    Mean episode length: 960.57
                        Mean action std: 0.78
    Episode_Reward/track_lin_vel_xy_exp: 0.4951
     Episode_Reward/track_ang_vel_z_exp: 0.4796
            Episode_Reward/lin_vel_z_l2: 0.0000
           Episode_Reward/ang_vel_xy_l2: -0.0947
          Episode_Reward/dof_torques_l2: -0.0719
              Episode_Reward/dof_acc_l2: -0.1748
          Episode_Reward/action_rate_l2: -0.1575
      Episode_Reward/undesired_contacts: -0.0037
     Episode_Reward/flat_orientation_l2: -0.3726
          Episode_Reward/dof_pos_limits: 0.0000
   Episode_Reward/disabled_legs_contact: -0.0059
    Episode_Reward/disabled_legs_height: 0.6763
     Episode_Reward/single_leg_air_time: -0.0014
         Episode_Reward/base_height_exp: 0.1262
              Curriculum/terrain_levels: 0.0000
                   Metrics/success_rate: 0.0972
     Metrics/base_velocity/error_vel_xy: 0.7315
    Metrics/base_velocity/error_vel_yaw: 0.3355
           Episode_Termination/time_out: 0.8987
       Episode_Termination/base_contact: 0.1013
--------------------------------------------------------------------------------
                         Iteration time: 5.84s
                           Time elapsed: 00:37:25
                                    ETA: 01:55:08

################################################################################
[1m                          Learning iteration 368/1500                           [0m 

                            Total steps: 36274176 
                       Steps per second: 16887 
                        Collection time: 5.547s 
                          Learning time: 0.274s 
                        Mean value loss: 0.0355
                    Mean surrogate loss: -0.0020
                      Mean entropy loss: 13.3794
                            Mean reward: 14.96
                    Mean episode length: 975.87
                        Mean action std: 0.78
    Episode_Reward/track_lin_vel_xy_exp: 0.4270
     Episode_Reward/track_ang_vel_z_exp: 0.4838
            Episode_Reward/lin_vel_z_l2: 0.0000
           Episode_Reward/ang_vel_xy_l2: -0.0967
          Episode_Reward/dof_torques_l2: -0.0738
              Episode_Reward/dof_acc_l2: -0.1758
          Episode_Reward/action_rate_l2: -0.1598
      Episode_Reward/undesired_contacts: -0.0040
     Episode_Reward/flat_orientation_l2: -0.3712
          Episode_Reward/dof_pos_limits: 0.0000
   Episode_Reward/disabled_legs_contact: -0.0089
    Episode_Reward/disabled_legs_height: 0.6542
     Episode_Reward/single_leg_air_time: -0.0013
         Episode_Reward/base_height_exp: 0.1155
              Curriculum/terrain_levels: 0.0000
                   Metrics/success_rate: 0.0813
     Metrics/base_velocity/error_vel_xy: 0.7604
    Metrics/base_velocity/error_vel_yaw: 0.3386
           Episode_Termination/time_out: 0.9008
       Episode_Termination/base_contact: 0.0992
--------------------------------------------------------------------------------
                         Iteration time: 5.82s
                           Time elapsed: 00:37:31
                                    ETA: 01:55:01

################################################################################
[1m                          Learning iteration 369/1500                           [0m 

                            Total steps: 36372480 
                       Steps per second: 16932 
                        Collection time: 5.527s 
                          Learning time: 0.279s 
                        Mean value loss: 0.0327
                    Mean surrogate loss: -0.0002
                      Mean entropy loss: 13.3846
                            Mean reward: 16.48
                    Mean episode length: 989.50
                        Mean action std: 0.78
    Episode_Reward/track_lin_vel_xy_exp: 0.4436
     Episode_Reward/track_ang_vel_z_exp: 0.4923
            Episode_Reward/lin_vel_z_l2: 0.0000
           Episode_Reward/ang_vel_xy_l2: -0.0981
          Episode_Reward/dof_torques_l2: -0.0747
              Episode_Reward/dof_acc_l2: -0.1759
          Episode_Reward/action_rate_l2: -0.1610
      Episode_Reward/undesired_contacts: -0.0035
     Episode_Reward/flat_orientation_l2: -0.3773
          Episode_Reward/dof_pos_limits: 0.0000
   Episode_Reward/disabled_legs_contact: -0.0053
    Episode_Reward/disabled_legs_height: 0.6416
     Episode_Reward/single_leg_air_time: -0.0014
         Episode_Reward/base_height_exp: 0.1267
              Curriculum/terrain_levels: 0.0000
                   Metrics/success_rate: 0.0723
     Metrics/base_velocity/error_vel_xy: 0.7171
    Metrics/base_velocity/error_vel_yaw: 0.3276
           Episode_Termination/time_out: 0.9041
       Episode_Termination/base_contact: 0.0959
--------------------------------------------------------------------------------
                         Iteration time: 5.81s
                           Time elapsed: 00:37:37
                                    ETA: 01:54:54

################################################################################
[1m                          Learning iteration 370/1500                           [0m 

                            Total steps: 36470784 
                       Steps per second: 16631 
                        Collection time: 5.633s 
                          Learning time: 0.278s 
                        Mean value loss: 0.0445
                    Mean surrogate loss: -0.0001
                      Mean entropy loss: 13.3950
                            Mean reward: 19.34
                    Mean episode length: 976.54
                        Mean action std: 0.78
    Episode_Reward/track_lin_vel_xy_exp: 0.5193
     Episode_Reward/track_ang_vel_z_exp: 0.4878
            Episode_Reward/lin_vel_z_l2: 0.0000
           Episode_Reward/ang_vel_xy_l2: -0.0979
          Episode_Reward/dof_torques_l2: -0.0745
              Episode_Reward/dof_acc_l2: -0.1781
          Episode_Reward/action_rate_l2: -0.1605
      Episode_Reward/undesired_contacts: -0.0067
     Episode_Reward/flat_orientation_l2: -0.3681
          Episode_Reward/dof_pos_limits: 0.0000
   Episode_Reward/disabled_legs_contact: -0.0085
    Episode_Reward/disabled_legs_height: 0.7551
     Episode_Reward/single_leg_air_time: -0.0013
         Episode_Reward/base_height_exp: 0.1224
              Curriculum/terrain_levels: 0.0000
                   Metrics/success_rate: 0.1833
     Metrics/base_velocity/error_vel_xy: 0.7101
    Metrics/base_velocity/error_vel_yaw: 0.3338
           Episode_Termination/time_out: 0.9076
       Episode_Termination/base_contact: 0.0924
--------------------------------------------------------------------------------
                         Iteration time: 5.91s
                           Time elapsed: 00:37:43
                                    ETA: 01:54:48

################################################################################
[1m                          Learning iteration 371/1500                           [0m 

                            Total steps: 36569088 
                       Steps per second: 16873 
                        Collection time: 5.548s 
                          Learning time: 0.278s 
                        Mean value loss: 0.0306
                    Mean surrogate loss: 0.0049
                      Mean entropy loss: 13.4012
                            Mean reward: 19.64
                    Mean episode length: 988.39
                        Mean action std: 0.78
    Episode_Reward/track_lin_vel_xy_exp: 0.4524
     Episode_Reward/track_ang_vel_z_exp: 0.4855
            Episode_Reward/lin_vel_z_l2: 0.0000
           Episode_Reward/ang_vel_xy_l2: -0.0966
          Episode_Reward/dof_torques_l2: -0.0744
              Episode_Reward/dof_acc_l2: -0.1780
          Episode_Reward/action_rate_l2: -0.1595
      Episode_Reward/undesired_contacts: -0.0079
     Episode_Reward/flat_orientation_l2: -0.3684
          Episode_Reward/dof_pos_limits: 0.0000
   Episode_Reward/disabled_legs_contact: -0.0112
    Episode_Reward/disabled_legs_height: 0.7651
     Episode_Reward/single_leg_air_time: -0.0013
         Episode_Reward/base_height_exp: 0.1579
              Curriculum/terrain_levels: 0.0000
                   Metrics/success_rate: 0.1069
     Metrics/base_velocity/error_vel_xy: 0.7387
    Metrics/base_velocity/error_vel_yaw: 0.3354
           Episode_Termination/time_out: 0.9112
       Episode_Termination/base_contact: 0.0888
--------------------------------------------------------------------------------
                         Iteration time: 5.83s
                           Time elapsed: 00:37:49
                                    ETA: 01:54:41

################################################################################
[1m                          Learning iteration 372/1500                           [0m 

                            Total steps: 36667392 
                       Steps per second: 16873 
                        Collection time: 5.549s 
                          Learning time: 0.277s 
                        Mean value loss: 0.0298
                    Mean surrogate loss: -0.0024
                      Mean entropy loss: 13.4021
                            Mean reward: 16.05
                    Mean episode length: 981.60
                        Mean action std: 0.78
    Episode_Reward/track_lin_vel_xy_exp: 0.3867
     Episode_Reward/track_ang_vel_z_exp: 0.4938
            Episode_Reward/lin_vel_z_l2: 0.0000
           Episode_Reward/ang_vel_xy_l2: -0.0974
          Episode_Reward/dof_torques_l2: -0.0742
              Episode_Reward/dof_acc_l2: -0.1790
          Episode_Reward/action_rate_l2: -0.1600
      Episode_Reward/undesired_contacts: -0.0118
     Episode_Reward/flat_orientation_l2: -0.3679
          Episode_Reward/dof_pos_limits: 0.0000
   Episode_Reward/disabled_legs_contact: -0.0072
    Episode_Reward/disabled_legs_height: 0.6287
     Episode_Reward/single_leg_air_time: -0.0013
         Episode_Reward/base_height_exp: 0.1338
              Curriculum/terrain_levels: 0.0000
                   Metrics/success_rate: 0.0646
     Metrics/base_velocity/error_vel_xy: 0.7613
    Metrics/base_velocity/error_vel_yaw: 0.3237
           Episode_Termination/time_out: 0.9132
       Episode_Termination/base_contact: 0.0868
--------------------------------------------------------------------------------
                         Iteration time: 5.83s
                           Time elapsed: 00:37:55
                                    ETA: 01:54:34

################################################################################
[1m                          Learning iteration 373/1500                           [0m 

                            Total steps: 36765696 
                       Steps per second: 16837 
                        Collection time: 5.562s 
                          Learning time: 0.277s 
                        Mean value loss: 0.0266
                    Mean surrogate loss: -0.0007
                      Mean entropy loss: 13.4027
                            Mean reward: 15.20
                    Mean episode length: 979.56
                        Mean action std: 0.78
    Episode_Reward/track_lin_vel_xy_exp: 0.4014
     Episode_Reward/track_ang_vel_z_exp: 0.4868
            Episode_Reward/lin_vel_z_l2: 0.0000
           Episode_Reward/ang_vel_xy_l2: -0.0997
          Episode_Reward/dof_torques_l2: -0.0734
              Episode_Reward/dof_acc_l2: -0.1789
          Episode_Reward/action_rate_l2: -0.1594
      Episode_Reward/undesired_contacts: -0.0034
     Episode_Reward/flat_orientation_l2: -0.3655
          Episode_Reward/dof_pos_limits: 0.0000
   Episode_Reward/disabled_legs_contact: -0.0082
    Episode_Reward/disabled_legs_height: 0.6719
     Episode_Reward/single_leg_air_time: -0.0013
         Episode_Reward/base_height_exp: 0.1231
              Curriculum/terrain_levels: 0.0000
                   Metrics/success_rate: 0.0694
     Metrics/base_velocity/error_vel_xy: 0.7661
    Metrics/base_velocity/error_vel_yaw: 0.3310
           Episode_Termination/time_out: 0.9151
       Episode_Termination/base_contact: 0.0849
--------------------------------------------------------------------------------
                         Iteration time: 5.84s
                           Time elapsed: 00:38:01
                                    ETA: 01:54:27

################################################################################
[1m                          Learning iteration 374/1500                           [0m 

                            Total steps: 36864000 
                       Steps per second: 16875 
                        Collection time: 5.547s 
                          Learning time: 0.279s 
                        Mean value loss: 0.0308
                    Mean surrogate loss: -0.0025
                      Mean entropy loss: 13.3971
                            Mean reward: 17.73
                    Mean episode length: 956.63
                        Mean action std: 0.78
    Episode_Reward/track_lin_vel_xy_exp: 0.4572
     Episode_Reward/track_ang_vel_z_exp: 0.4791
            Episode_Reward/lin_vel_z_l2: 0.0000
           Episode_Reward/ang_vel_xy_l2: -0.0965
          Episode_Reward/dof_torques_l2: -0.0726
              Episode_Reward/dof_acc_l2: -0.1770
          Episode_Reward/action_rate_l2: -0.1571
      Episode_Reward/undesired_contacts: -0.0062
     Episode_Reward/flat_orientation_l2: -0.3507
          Episode_Reward/dof_pos_limits: 0.0000
   Episode_Reward/disabled_legs_contact: -0.0085
    Episode_Reward/disabled_legs_height: 0.6980
     Episode_Reward/single_leg_air_time: -0.0013
         Episode_Reward/base_height_exp: 0.1308
              Curriculum/terrain_levels: 0.0000
                   Metrics/success_rate: 0.1271
     Metrics/base_velocity/error_vel_xy: 0.7204
    Metrics/base_velocity/error_vel_yaw: 0.3455
           Episode_Termination/time_out: 0.9173
       Episode_Termination/base_contact: 0.0827
--------------------------------------------------------------------------------
                         Iteration time: 5.83s
                           Time elapsed: 00:38:06
                                    ETA: 01:54:20

################################################################################
[1m                          Learning iteration 375/1500                           [0m 

                            Total steps: 36962304 
                       Steps per second: 16760 
                        Collection time: 5.588s 
                          Learning time: 0.277s 
                        Mean value loss: 0.0284
                    Mean surrogate loss: -0.0003
                      Mean entropy loss: 13.3932
                            Mean reward: 16.60
                    Mean episode length: 974.66
                        Mean action std: 0.78
    Episode_Reward/track_lin_vel_xy_exp: 0.4929
     Episode_Reward/track_ang_vel_z_exp: 0.4947
            Episode_Reward/lin_vel_z_l2: 0.0000
           Episode_Reward/ang_vel_xy_l2: -0.0970
          Episode_Reward/dof_torques_l2: -0.0749
              Episode_Reward/dof_acc_l2: -0.1776
          Episode_Reward/action_rate_l2: -0.1607
      Episode_Reward/undesired_contacts: -0.0032
     Episode_Reward/flat_orientation_l2: -0.3552
          Episode_Reward/dof_pos_limits: 0.0000
   Episode_Reward/disabled_legs_contact: -0.0104
    Episode_Reward/disabled_legs_height: 0.6116
     Episode_Reward/single_leg_air_time: -0.0013
         Episode_Reward/base_height_exp: 0.1123
              Curriculum/terrain_levels: 0.0000
                   Metrics/success_rate: 0.1392
     Metrics/base_velocity/error_vel_xy: 0.7159
    Metrics/base_velocity/error_vel_yaw: 0.3305
           Episode_Termination/time_out: 0.9204
       Episode_Termination/base_contact: 0.0796
--------------------------------------------------------------------------------
                         Iteration time: 5.87s
                           Time elapsed: 00:38:12
                                    ETA: 01:54:13

################################################################################
[1m                          Learning iteration 376/1500                           [0m 

                            Total steps: 37060608 
                       Steps per second: 16728 
                        Collection time: 5.602s 
                          Learning time: 0.274s 
                        Mean value loss: 0.0245
                    Mean surrogate loss: -0.0025
                      Mean entropy loss: 13.3850
                            Mean reward: 15.90
                    Mean episode length: 983.06
                        Mean action std: 0.78
    Episode_Reward/track_lin_vel_xy_exp: 0.3511
     Episode_Reward/track_ang_vel_z_exp: 0.4809
            Episode_Reward/lin_vel_z_l2: 0.0000
           Episode_Reward/ang_vel_xy_l2: -0.0969
          Episode_Reward/dof_torques_l2: -0.0731
              Episode_Reward/dof_acc_l2: -0.1771
          Episode_Reward/action_rate_l2: -0.1602
      Episode_Reward/undesired_contacts: -0.0037
     Episode_Reward/flat_orientation_l2: -0.3483
          Episode_Reward/dof_pos_limits: 0.0000
   Episode_Reward/disabled_legs_contact: -0.0117
    Episode_Reward/disabled_legs_height: 0.6027
     Episode_Reward/single_leg_air_time: -0.0014
         Episode_Reward/base_height_exp: 0.1112
              Curriculum/terrain_levels: 0.0000
                   Metrics/success_rate: 0.1398
     Metrics/base_velocity/error_vel_xy: 0.8022
    Metrics/base_velocity/error_vel_yaw: 0.3388
           Episode_Termination/time_out: 0.9225
       Episode_Termination/base_contact: 0.0775
--------------------------------------------------------------------------------
                         Iteration time: 5.88s
                           Time elapsed: 00:38:18
                                    ETA: 01:54:06

################################################################################
[1m                          Learning iteration 377/1500                           [0m 

                            Total steps: 37158912 
                       Steps per second: 16760 
                        Collection time: 5.586s 
                          Learning time: 0.280s 
                        Mean value loss: 0.0269
                    Mean surrogate loss: -0.0011
                      Mean entropy loss: 13.3755
                            Mean reward: 17.26
                    Mean episode length: 983.71
                        Mean action std: 0.78
    Episode_Reward/track_lin_vel_xy_exp: 0.4019
     Episode_Reward/track_ang_vel_z_exp: 0.4872
            Episode_Reward/lin_vel_z_l2: 0.0000
           Episode_Reward/ang_vel_xy_l2: -0.0983
          Episode_Reward/dof_torques_l2: -0.0750
              Episode_Reward/dof_acc_l2: -0.1842
          Episode_Reward/action_rate_l2: -0.1611
      Episode_Reward/undesired_contacts: -0.0049
     Episode_Reward/flat_orientation_l2: -0.3355
          Episode_Reward/dof_pos_limits: 0.0000
   Episode_Reward/disabled_legs_contact: -0.0118
    Episode_Reward/disabled_legs_height: 0.7186
     Episode_Reward/single_leg_air_time: -0.0012
         Episode_Reward/base_height_exp: 0.1528
              Curriculum/terrain_levels: 0.0000
                   Metrics/success_rate: 0.1136
     Metrics/base_velocity/error_vel_xy: 0.7607
    Metrics/base_velocity/error_vel_yaw: 0.3354
           Episode_Termination/time_out: 0.9240
       Episode_Termination/base_contact: 0.0760
--------------------------------------------------------------------------------
                         Iteration time: 5.87s
                           Time elapsed: 00:38:24
                                    ETA: 01:54:00

################################################################################
[1m                          Learning iteration 378/1500                           [0m 

                            Total steps: 37257216 
                       Steps per second: 16744 
                        Collection time: 5.596s 
                          Learning time: 0.275s 
                        Mean value loss: 0.0309
                    Mean surrogate loss: 0.0005
                      Mean entropy loss: 13.3719
                            Mean reward: 15.97
                    Mean episode length: 955.19
                        Mean action std: 0.78
    Episode_Reward/track_lin_vel_xy_exp: 0.4070
     Episode_Reward/track_ang_vel_z_exp: 0.4717
            Episode_Reward/lin_vel_z_l2: 0.0000
           Episode_Reward/ang_vel_xy_l2: -0.0961
          Episode_Reward/dof_torques_l2: -0.0721
              Episode_Reward/dof_acc_l2: -0.1730
          Episode_Reward/action_rate_l2: -0.1561
      Episode_Reward/undesired_contacts: -0.0039
     Episode_Reward/flat_orientation_l2: -0.3501
          Episode_Reward/dof_pos_limits: 0.0000
   Episode_Reward/disabled_legs_contact: -0.0077
    Episode_Reward/disabled_legs_height: 0.6400
     Episode_Reward/single_leg_air_time: -0.0014
         Episode_Reward/base_height_exp: 0.1199
              Curriculum/terrain_levels: 0.0000
                   Metrics/success_rate: 0.1199
     Metrics/base_velocity/error_vel_xy: 0.7662
    Metrics/base_velocity/error_vel_yaw: 0.3506
           Episode_Termination/time_out: 0.9257
       Episode_Termination/base_contact: 0.0743
--------------------------------------------------------------------------------
                         Iteration time: 5.87s
                           Time elapsed: 00:38:30
                                    ETA: 01:53:53

################################################################################
[1m                          Learning iteration 379/1500                           [0m 

                            Total steps: 37355520 
                       Steps per second: 16705 
                        Collection time: 5.609s 
                          Learning time: 0.276s 
                        Mean value loss: 0.0293
                    Mean surrogate loss: -0.0014
                      Mean entropy loss: 13.3660
                            Mean reward: 15.63
                    Mean episode length: 988.29
                        Mean action std: 0.78
    Episode_Reward/track_lin_vel_xy_exp: 0.4053
     Episode_Reward/track_ang_vel_z_exp: 0.4868
            Episode_Reward/lin_vel_z_l2: 0.0000
           Episode_Reward/ang_vel_xy_l2: -0.0979
          Episode_Reward/dof_torques_l2: -0.0750
              Episode_Reward/dof_acc_l2: -0.1794
          Episode_Reward/action_rate_l2: -0.1601
      Episode_Reward/undesired_contacts: -0.0042
     Episode_Reward/flat_orientation_l2: -0.3449
          Episode_Reward/dof_pos_limits: 0.0000
   Episode_Reward/disabled_legs_contact: -0.0112
    Episode_Reward/disabled_legs_height: 0.5965
     Episode_Reward/single_leg_air_time: -0.0013
         Episode_Reward/base_height_exp: 0.1117
              Curriculum/terrain_levels: 0.0000
                   Metrics/success_rate: 0.1031
     Metrics/base_velocity/error_vel_xy: 0.7507
    Metrics/base_velocity/error_vel_yaw: 0.3401
           Episode_Termination/time_out: 0.9281
       Episode_Termination/base_contact: 0.0719
--------------------------------------------------------------------------------
                         Iteration time: 5.88s
                           Time elapsed: 00:38:36
                                    ETA: 01:53:46

################################################################################
[1m                          Learning iteration 380/1500                           [0m 

                            Total steps: 37453824 
                       Steps per second: 16685 
                        Collection time: 5.616s 
                          Learning time: 0.276s 
                        Mean value loss: 0.0299
                    Mean surrogate loss: 0.0004
                      Mean entropy loss: 13.3594
                            Mean reward: 16.96
                    Mean episode length: 996.33
                        Mean action std: 0.78
    Episode_Reward/track_lin_vel_xy_exp: 0.3963
     Episode_Reward/track_ang_vel_z_exp: 0.4921
            Episode_Reward/lin_vel_z_l2: 0.0000
           Episode_Reward/ang_vel_xy_l2: -0.0977
          Episode_Reward/dof_torques_l2: -0.0756
              Episode_Reward/dof_acc_l2: -0.1838
          Episode_Reward/action_rate_l2: -0.1630
      Episode_Reward/undesired_contacts: -0.0033
     Episode_Reward/flat_orientation_l2: -0.3492
          Episode_Reward/dof_pos_limits: 0.0000
   Episode_Reward/disabled_legs_contact: -0.0118
    Episode_Reward/disabled_legs_height: 0.7310
     Episode_Reward/single_leg_air_time: -0.0014
         Episode_Reward/base_height_exp: 0.1268
              Curriculum/terrain_levels: 0.0000
                   Metrics/success_rate: 0.1242
     Metrics/base_velocity/error_vel_xy: 0.7636
    Metrics/base_velocity/error_vel_yaw: 0.3338
           Episode_Termination/time_out: 0.9309
       Episode_Termination/base_contact: 0.0691
--------------------------------------------------------------------------------
                         Iteration time: 5.89s
                           Time elapsed: 00:38:42
                                    ETA: 01:53:40

################################################################################
[1m                          Learning iteration 381/1500                           [0m 

                            Total steps: 37552128 
                       Steps per second: 16716 
                        Collection time: 5.605s 
                          Learning time: 0.275s 
                        Mean value loss: 0.0367
                    Mean surrogate loss: -0.0016
                      Mean entropy loss: 13.3558
                            Mean reward: 16.11
                    Mean episode length: 988.17
                        Mean action std: 0.78
    Episode_Reward/track_lin_vel_xy_exp: 0.3627
     Episode_Reward/track_ang_vel_z_exp: 0.4920
            Episode_Reward/lin_vel_z_l2: 0.0000
           Episode_Reward/ang_vel_xy_l2: -0.0993
          Episode_Reward/dof_torques_l2: -0.0757
              Episode_Reward/dof_acc_l2: -0.1804
          Episode_Reward/action_rate_l2: -0.1612
      Episode_Reward/undesired_contacts: -0.0056
     Episode_Reward/flat_orientation_l2: -0.3371
          Episode_Reward/dof_pos_limits: 0.0000
   Episode_Reward/disabled_legs_contact: -0.0099
    Episode_Reward/disabled_legs_height: 0.6764
     Episode_Reward/single_leg_air_time: -0.0013
         Episode_Reward/base_height_exp: 0.1173
              Curriculum/terrain_levels: 0.0000
                   Metrics/success_rate: 0.1020
     Metrics/base_velocity/error_vel_xy: 0.7727
    Metrics/base_velocity/error_vel_yaw: 0.3286
           Episode_Termination/time_out: 0.9335
       Episode_Termination/base_contact: 0.0665
--------------------------------------------------------------------------------
                         Iteration time: 5.88s
                           Time elapsed: 00:38:47
                                    ETA: 01:53:33

################################################################################
[1m                          Learning iteration 382/1500                           [0m 

                            Total steps: 37650432 
                       Steps per second: 16699 
                        Collection time: 5.611s 
                          Learning time: 0.276s 
                        Mean value loss: 0.0349
                    Mean surrogate loss: -0.0013
                      Mean entropy loss: 13.3595
                            Mean reward: 15.90
                    Mean episode length: 978.61
                        Mean action std: 0.78
    Episode_Reward/track_lin_vel_xy_exp: 0.4279
     Episode_Reward/track_ang_vel_z_exp: 0.4825
            Episode_Reward/lin_vel_z_l2: 0.0000
           Episode_Reward/ang_vel_xy_l2: -0.0993
          Episode_Reward/dof_torques_l2: -0.0756
              Episode_Reward/dof_acc_l2: -0.1844
          Episode_Reward/action_rate_l2: -0.1608
      Episode_Reward/undesired_contacts: -0.0028
     Episode_Reward/flat_orientation_l2: -0.3251
          Episode_Reward/dof_pos_limits: 0.0000
   Episode_Reward/disabled_legs_contact: -0.0132
    Episode_Reward/disabled_legs_height: 0.6746
     Episode_Reward/single_leg_air_time: -0.0012
         Episode_Reward/base_height_exp: 0.1176
              Curriculum/terrain_levels: 0.0000
                   Metrics/success_rate: 0.1462
     Metrics/base_velocity/error_vel_xy: 0.7474
    Metrics/base_velocity/error_vel_yaw: 0.3399
           Episode_Termination/time_out: 0.9350
       Episode_Termination/base_contact: 0.0650
--------------------------------------------------------------------------------
                         Iteration time: 5.89s
                           Time elapsed: 00:38:53
                                    ETA: 01:53:26

################################################################################
[1m                          Learning iteration 383/1500                           [0m 

                            Total steps: 37748736 
                       Steps per second: 16572 
                        Collection time: 5.653s 
                          Learning time: 0.278s 
                        Mean value loss: 0.0294
                    Mean surrogate loss: -0.0006
                      Mean entropy loss: 13.3624
                            Mean reward: 14.32
                    Mean episode length: 968.29
                        Mean action std: 0.78
    Episode_Reward/track_lin_vel_xy_exp: 0.3785
     Episode_Reward/track_ang_vel_z_exp: 0.4879
            Episode_Reward/lin_vel_z_l2: 0.0000
           Episode_Reward/ang_vel_xy_l2: -0.0966
          Episode_Reward/dof_torques_l2: -0.0754
              Episode_Reward/dof_acc_l2: -0.1760
          Episode_Reward/action_rate_l2: -0.1590
      Episode_Reward/undesired_contacts: -0.0029
     Episode_Reward/flat_orientation_l2: -0.3296
          Episode_Reward/dof_pos_limits: 0.0000
   Episode_Reward/disabled_legs_contact: -0.0100
    Episode_Reward/disabled_legs_height: 0.5613
     Episode_Reward/single_leg_air_time: -0.0013
         Episode_Reward/base_height_exp: 0.0957
              Curriculum/terrain_levels: 0.0000
                   Metrics/success_rate: 0.0985
     Metrics/base_velocity/error_vel_xy: 0.7648
    Metrics/base_velocity/error_vel_yaw: 0.3330
           Episode_Termination/time_out: 0.9353
       Episode_Termination/base_contact: 0.0647
--------------------------------------------------------------------------------
                         Iteration time: 5.93s
                           Time elapsed: 00:38:59
                                    ETA: 01:53:20

################################################################################
[1m                          Learning iteration 384/1500                           [0m 

                            Total steps: 37847040 
                       Steps per second: 16531 
                        Collection time: 5.669s 
                          Learning time: 0.277s 
                        Mean value loss: 0.0382
                    Mean surrogate loss: -0.0027
                      Mean entropy loss: 13.3553
                            Mean reward: 14.62
                    Mean episode length: 973.32
                        Mean action std: 0.78
    Episode_Reward/track_lin_vel_xy_exp: 0.4152
     Episode_Reward/track_ang_vel_z_exp: 0.4838
            Episode_Reward/lin_vel_z_l2: 0.0000
           Episode_Reward/ang_vel_xy_l2: -0.0974
          Episode_Reward/dof_torques_l2: -0.0742
              Episode_Reward/dof_acc_l2: -0.1808
          Episode_Reward/action_rate_l2: -0.1592
      Episode_Reward/undesired_contacts: -0.0029
     Episode_Reward/flat_orientation_l2: -0.3327
          Episode_Reward/dof_pos_limits: 0.0000
   Episode_Reward/disabled_legs_contact: -0.0148
    Episode_Reward/disabled_legs_height: 0.6528
     Episode_Reward/single_leg_air_time: -0.0013
         Episode_Reward/base_height_exp: 0.1059
              Curriculum/terrain_levels: 0.0000
                   Metrics/success_rate: 0.1202
     Metrics/base_velocity/error_vel_xy: 0.7642
    Metrics/base_velocity/error_vel_yaw: 0.3364
           Episode_Termination/time_out: 0.9345
       Episode_Termination/base_contact: 0.0655
--------------------------------------------------------------------------------
                         Iteration time: 5.95s
                           Time elapsed: 00:39:05
                                    ETA: 01:53:13

################################################################################
[1m                          Learning iteration 385/1500                           [0m 

                            Total steps: 37945344 
                       Steps per second: 16519 
                        Collection time: 5.673s 
                          Learning time: 0.278s 
                        Mean value loss: 0.0566
                    Mean surrogate loss: -0.0018
                      Mean entropy loss: 13.3602
                            Mean reward: 13.54
                    Mean episode length: 961.75
                        Mean action std: 0.78
    Episode_Reward/track_lin_vel_xy_exp: 0.4049
     Episode_Reward/track_ang_vel_z_exp: 0.4860
            Episode_Reward/lin_vel_z_l2: 0.0000
           Episode_Reward/ang_vel_xy_l2: -0.0949
          Episode_Reward/dof_torques_l2: -0.0743
              Episode_Reward/dof_acc_l2: -0.1743
          Episode_Reward/action_rate_l2: -0.1572
      Episode_Reward/undesired_contacts: -0.0033
     Episode_Reward/flat_orientation_l2: -0.3278
          Episode_Reward/dof_pos_limits: 0.0000
   Episode_Reward/disabled_legs_contact: -0.0124
    Episode_Reward/disabled_legs_height: 0.6084
     Episode_Reward/single_leg_air_time: -0.0013
         Episode_Reward/base_height_exp: 0.0857
              Curriculum/terrain_levels: 0.0000
                   Metrics/success_rate: 0.1157
     Metrics/base_velocity/error_vel_xy: 0.7480
    Metrics/base_velocity/error_vel_yaw: 0.3289
           Episode_Termination/time_out: 0.9339
       Episode_Termination/base_contact: 0.0661
--------------------------------------------------------------------------------
                         Iteration time: 5.95s
                           Time elapsed: 00:39:11
                                    ETA: 01:53:07

################################################################################
[1m                          Learning iteration 386/1500                           [0m 

                            Total steps: 38043648 
                       Steps per second: 16541 
                        Collection time: 5.667s 
                          Learning time: 0.276s 
                        Mean value loss: 0.0365
                    Mean surrogate loss: -0.0001
                      Mean entropy loss: 13.3758
                            Mean reward: 14.27
                    Mean episode length: 925.84
                        Mean action std: 0.78
    Episode_Reward/track_lin_vel_xy_exp: 0.3559
     Episode_Reward/track_ang_vel_z_exp: 0.4544
            Episode_Reward/lin_vel_z_l2: 0.0000
           Episode_Reward/ang_vel_xy_l2: -0.0929
          Episode_Reward/dof_torques_l2: -0.0696
              Episode_Reward/dof_acc_l2: -0.1692
          Episode_Reward/action_rate_l2: -0.1506
      Episode_Reward/undesired_contacts: -0.0057
     Episode_Reward/flat_orientation_l2: -0.3174
          Episode_Reward/dof_pos_limits: 0.0000
   Episode_Reward/disabled_legs_contact: -0.0098
    Episode_Reward/disabled_legs_height: 0.6096
     Episode_Reward/single_leg_air_time: -0.0013
         Episode_Reward/base_height_exp: 0.0873
              Curriculum/terrain_levels: 0.0000
                   Metrics/success_rate: 0.0681
     Metrics/base_velocity/error_vel_xy: 0.7806
    Metrics/base_velocity/error_vel_yaw: 0.3644
           Episode_Termination/time_out: 0.9323
       Episode_Termination/base_contact: 0.0677
--------------------------------------------------------------------------------
                         Iteration time: 5.94s
                           Time elapsed: 00:39:17
                                    ETA: 01:53:00

################################################################################
[1m                          Learning iteration 387/1500                           [0m 

                            Total steps: 38141952 
                       Steps per second: 16485 
                        Collection time: 5.683s 
                          Learning time: 0.280s 
                        Mean value loss: 0.0392
                    Mean surrogate loss: 0.0002
                      Mean entropy loss: 13.3796
                            Mean reward: 15.71
                    Mean episode length: 960.13
                        Mean action std: 0.78
    Episode_Reward/track_lin_vel_xy_exp: 0.4123
     Episode_Reward/track_ang_vel_z_exp: 0.4835
            Episode_Reward/lin_vel_z_l2: 0.0000
           Episode_Reward/ang_vel_xy_l2: -0.0950
          Episode_Reward/dof_torques_l2: -0.0730
              Episode_Reward/dof_acc_l2: -0.1750
          Episode_Reward/action_rate_l2: -0.1564
      Episode_Reward/undesired_contacts: -0.0035
     Episode_Reward/flat_orientation_l2: -0.3396
          Episode_Reward/dof_pos_limits: 0.0000
   Episode_Reward/disabled_legs_contact: -0.0073
    Episode_Reward/disabled_legs_height: 0.6233
     Episode_Reward/single_leg_air_time: -0.0013
         Episode_Reward/base_height_exp: 0.0770
              Curriculum/terrain_levels: 0.0000
                   Metrics/success_rate: 0.1223
     Metrics/base_velocity/error_vel_xy: 0.7598
    Metrics/base_velocity/error_vel_yaw: 0.3312
           Episode_Termination/time_out: 0.9298
       Episode_Termination/base_contact: 0.0702
--------------------------------------------------------------------------------
                         Iteration time: 5.96s
                           Time elapsed: 00:39:23
                                    ETA: 01:52:54

################################################################################
[1m                          Learning iteration 388/1500                           [0m 

                            Total steps: 38240256 
                       Steps per second: 16439 
                        Collection time: 5.704s 
                          Learning time: 0.275s 
                        Mean value loss: 0.0344
                    Mean surrogate loss: -0.0021
                      Mean entropy loss: 13.3873
                            Mean reward: 13.70
                    Mean episode length: 960.09
                        Mean action std: 0.78
    Episode_Reward/track_lin_vel_xy_exp: 0.4067
     Episode_Reward/track_ang_vel_z_exp: 0.4858
            Episode_Reward/lin_vel_z_l2: 0.0000
           Episode_Reward/ang_vel_xy_l2: -0.0972
          Episode_Reward/dof_torques_l2: -0.0721
              Episode_Reward/dof_acc_l2: -0.1749
          Episode_Reward/action_rate_l2: -0.1568
      Episode_Reward/undesired_contacts: -0.0030
     Episode_Reward/flat_orientation_l2: -0.3525
          Episode_Reward/dof_pos_limits: 0.0000
   Episode_Reward/disabled_legs_contact: -0.0098
    Episode_Reward/disabled_legs_height: 0.5603
     Episode_Reward/single_leg_air_time: -0.0014
         Episode_Reward/base_height_exp: 0.0829
              Curriculum/terrain_levels: 0.0000
                   Metrics/success_rate: 0.0940
     Metrics/base_velocity/error_vel_xy: 0.7522
    Metrics/base_velocity/error_vel_yaw: 0.3228
           Episode_Termination/time_out: 0.9298
       Episode_Termination/base_contact: 0.0702
--------------------------------------------------------------------------------
                         Iteration time: 5.98s
                           Time elapsed: 00:39:29
                                    ETA: 01:52:47

################################################################################
[1m                          Learning iteration 389/1500                           [0m 

                            Total steps: 38338560 
                       Steps per second: 16595 
                        Collection time: 5.647s 
                          Learning time: 0.276s 
                        Mean value loss: 0.0389
                    Mean surrogate loss: 0.0005
                      Mean entropy loss: 13.3931
                            Mean reward: 13.71
                    Mean episode length: 959.14
                        Mean action std: 0.78
    Episode_Reward/track_lin_vel_xy_exp: 0.4156
     Episode_Reward/track_ang_vel_z_exp: 0.4895
            Episode_Reward/lin_vel_z_l2: 0.0000
           Episode_Reward/ang_vel_xy_l2: -0.0951
          Episode_Reward/dof_torques_l2: -0.0720
              Episode_Reward/dof_acc_l2: -0.1731
          Episode_Reward/action_rate_l2: -0.1568
      Episode_Reward/undesired_contacts: -0.0048
     Episode_Reward/flat_orientation_l2: -0.3528
          Episode_Reward/dof_pos_limits: 0.0000
   Episode_Reward/disabled_legs_contact: -0.0058
    Episode_Reward/disabled_legs_height: 0.5672
     Episode_Reward/single_leg_air_time: -0.0014
         Episode_Reward/base_height_exp: 0.1042
              Curriculum/terrain_levels: 0.0000
                   Metrics/success_rate: 0.1066
     Metrics/base_velocity/error_vel_xy: 0.7438
    Metrics/base_velocity/error_vel_yaw: 0.3251
           Episode_Termination/time_out: 0.9295
       Episode_Termination/base_contact: 0.0705
--------------------------------------------------------------------------------
                         Iteration time: 5.92s
                           Time elapsed: 00:39:35
                                    ETA: 01:52:41

################################################################################
[1m                          Learning iteration 390/1500                           [0m 

                            Total steps: 38436864 
                       Steps per second: 16506 
                        Collection time: 5.678s 
                          Learning time: 0.278s 
                        Mean value loss: 0.0316
                    Mean surrogate loss: -0.0035
                      Mean entropy loss: 13.3977
                            Mean reward: 15.65
                    Mean episode length: 935.71
                        Mean action std: 0.78
    Episode_Reward/track_lin_vel_xy_exp: 0.4172
     Episode_Reward/track_ang_vel_z_exp: 0.4741
            Episode_Reward/lin_vel_z_l2: 0.0000
           Episode_Reward/ang_vel_xy_l2: -0.0919
          Episode_Reward/dof_torques_l2: -0.0698
              Episode_Reward/dof_acc_l2: -0.1704
          Episode_Reward/action_rate_l2: -0.1512
      Episode_Reward/undesired_contacts: -0.0052
     Episode_Reward/flat_orientation_l2: -0.3455
          Episode_Reward/dof_pos_limits: 0.0000
   Episode_Reward/disabled_legs_contact: -0.0068
    Episode_Reward/disabled_legs_height: 0.6618
     Episode_Reward/single_leg_air_time: -0.0014
         Episode_Reward/base_height_exp: 0.1194
              Curriculum/terrain_levels: 0.0000
                   Metrics/success_rate: 0.0887
     Metrics/base_velocity/error_vel_xy: 0.7429
    Metrics/base_velocity/error_vel_yaw: 0.3393
           Episode_Termination/time_out: 0.9282
       Episode_Termination/base_contact: 0.0718
--------------------------------------------------------------------------------
                         Iteration time: 5.96s
                           Time elapsed: 00:39:41
                                    ETA: 01:52:34

################################################################################
[1m                          Learning iteration 391/1500                           [0m 

                            Total steps: 38535168 
                       Steps per second: 16503 
                        Collection time: 5.680s 
                          Learning time: 0.277s 
                        Mean value loss: 0.0276
                    Mean surrogate loss: 0.0003
                      Mean entropy loss: 13.4028
                            Mean reward: 16.11
                    Mean episode length: 931.30
                        Mean action std: 0.78
    Episode_Reward/track_lin_vel_xy_exp: 0.4348
     Episode_Reward/track_ang_vel_z_exp: 0.4808
            Episode_Reward/lin_vel_z_l2: 0.0000
           Episode_Reward/ang_vel_xy_l2: -0.0920
          Episode_Reward/dof_torques_l2: -0.0704
              Episode_Reward/dof_acc_l2: -0.1684
          Episode_Reward/action_rate_l2: -0.1537
      Episode_Reward/undesired_contacts: -0.0078
     Episode_Reward/flat_orientation_l2: -0.3523
          Episode_Reward/dof_pos_limits: 0.0000
   Episode_Reward/disabled_legs_contact: -0.0046
    Episode_Reward/disabled_legs_height: 0.6484
     Episode_Reward/single_leg_air_time: -0.0014
         Episode_Reward/base_height_exp: 0.1205
              Curriculum/terrain_levels: 0.0000
                   Metrics/success_rate: 0.1886
     Metrics/base_velocity/error_vel_xy: 0.7213
    Metrics/base_velocity/error_vel_yaw: 0.3332
           Episode_Termination/time_out: 0.9305
       Episode_Termination/base_contact: 0.0695
--------------------------------------------------------------------------------
                         Iteration time: 5.96s
                           Time elapsed: 00:39:47
                                    ETA: 01:52:28

################################################################################
[1m                          Learning iteration 392/1500                           [0m 

                            Total steps: 38633472 
                       Steps per second: 16549 
                        Collection time: 5.662s 
                          Learning time: 0.278s 
                        Mean value loss: 0.0309
                    Mean surrogate loss: -0.0021
                      Mean entropy loss: 13.4023
                            Mean reward: 17.50
                    Mean episode length: 949.22
                        Mean action std: 0.78
    Episode_Reward/track_lin_vel_xy_exp: 0.4634
     Episode_Reward/track_ang_vel_z_exp: 0.4908
            Episode_Reward/lin_vel_z_l2: 0.0000
           Episode_Reward/ang_vel_xy_l2: -0.0943
          Episode_Reward/dof_torques_l2: -0.0721
              Episode_Reward/dof_acc_l2: -0.1708
          Episode_Reward/action_rate_l2: -0.1560
      Episode_Reward/undesired_contacts: -0.0040
     Episode_Reward/flat_orientation_l2: -0.3577
          Episode_Reward/dof_pos_limits: 0.0000
   Episode_Reward/disabled_legs_contact: -0.0045
    Episode_Reward/disabled_legs_height: 0.6592
     Episode_Reward/single_leg_air_time: -0.0014
         Episode_Reward/base_height_exp: 0.1220
              Curriculum/terrain_levels: 0.0000
                   Metrics/success_rate: 0.1778
     Metrics/base_velocity/error_vel_xy: 0.7222
    Metrics/base_velocity/error_vel_yaw: 0.3194
           Episode_Termination/time_out: 0.9310
       Episode_Termination/base_contact: 0.0690
--------------------------------------------------------------------------------
                         Iteration time: 5.94s
                           Time elapsed: 00:39:53
                                    ETA: 01:52:21

################################################################################
[1m                          Learning iteration 393/1500                           [0m 

                            Total steps: 38731776 
                       Steps per second: 16485 
                        Collection time: 5.687s 
                          Learning time: 0.276s 
                        Mean value loss: 0.0264
                    Mean surrogate loss: -0.0003
                      Mean entropy loss: 13.3898
                            Mean reward: 16.54
                    Mean episode length: 948.90
                        Mean action std: 0.78
    Episode_Reward/track_lin_vel_xy_exp: 0.4460
     Episode_Reward/track_ang_vel_z_exp: 0.4848
            Episode_Reward/lin_vel_z_l2: 0.0000
           Episode_Reward/ang_vel_xy_l2: -0.0930
          Episode_Reward/dof_torques_l2: -0.0719
              Episode_Reward/dof_acc_l2: -0.1722
          Episode_Reward/action_rate_l2: -0.1547
      Episode_Reward/undesired_contacts: -0.0037
     Episode_Reward/flat_orientation_l2: -0.3502
          Episode_Reward/dof_pos_limits: 0.0000
   Episode_Reward/disabled_legs_contact: -0.0108
    Episode_Reward/disabled_legs_height: 0.6950
     Episode_Reward/single_leg_air_time: -0.0013
         Episode_Reward/base_height_exp: 0.1264
              Curriculum/terrain_levels: 0.0000
                   Metrics/success_rate: 0.1278
     Metrics/base_velocity/error_vel_xy: 0.7423
    Metrics/base_velocity/error_vel_yaw: 0.3324
           Episode_Termination/time_out: 0.9308
       Episode_Termination/base_contact: 0.0692
--------------------------------------------------------------------------------
                         Iteration time: 5.96s
                           Time elapsed: 00:39:59
                                    ETA: 01:52:15

################################################################################
[1m                          Learning iteration 394/1500                           [0m 

                            Total steps: 38830080 
                       Steps per second: 16272 
                        Collection time: 5.765s 
                          Learning time: 0.276s 
                        Mean value loss: 0.0320
                    Mean surrogate loss: -0.0013
                      Mean entropy loss: 13.3877
                            Mean reward: 17.24
                    Mean episode length: 942.89
                        Mean action std: 0.78
    Episode_Reward/track_lin_vel_xy_exp: 0.4208
     Episode_Reward/track_ang_vel_z_exp: 0.4776
            Episode_Reward/lin_vel_z_l2: 0.0000
           Episode_Reward/ang_vel_xy_l2: -0.0915
          Episode_Reward/dof_torques_l2: -0.0695
              Episode_Reward/dof_acc_l2: -0.1651
          Episode_Reward/action_rate_l2: -0.1518
      Episode_Reward/undesired_contacts: -0.0044
     Episode_Reward/flat_orientation_l2: -0.3613
          Episode_Reward/dof_pos_limits: 0.0000
   Episode_Reward/disabled_legs_contact: -0.0031
    Episode_Reward/disabled_legs_height: 0.6222
     Episode_Reward/single_leg_air_time: -0.0015
         Episode_Reward/base_height_exp: 0.1063
              Curriculum/terrain_levels: 0.0000
                   Metrics/success_rate: 0.1709
     Metrics/base_velocity/error_vel_xy: 0.7466
    Metrics/base_velocity/error_vel_yaw: 0.3350
           Episode_Termination/time_out: 0.9315
       Episode_Termination/base_contact: 0.0685
--------------------------------------------------------------------------------
                         Iteration time: 6.04s
                           Time elapsed: 00:40:05
                                    ETA: 01:52:08

################################################################################
[1m                          Learning iteration 395/1500                           [0m 

                            Total steps: 38928384 
                       Steps per second: 16270 
                        Collection time: 5.766s 
                          Learning time: 0.276s 
                        Mean value loss: 0.0323
                    Mean surrogate loss: 0.0049
                      Mean entropy loss: 13.3902
                            Mean reward: 15.33
                    Mean episode length: 971.39
                        Mean action std: 0.78
    Episode_Reward/track_lin_vel_xy_exp: 0.4072
     Episode_Reward/track_ang_vel_z_exp: 0.4909
            Episode_Reward/lin_vel_z_l2: 0.0000
           Episode_Reward/ang_vel_xy_l2: -0.0940
          Episode_Reward/dof_torques_l2: -0.0721
              Episode_Reward/dof_acc_l2: -0.1693
          Episode_Reward/action_rate_l2: -0.1561
      Episode_Reward/undesired_contacts: -0.0035
     Episode_Reward/flat_orientation_l2: -0.3748
          Episode_Reward/dof_pos_limits: 0.0000
   Episode_Reward/disabled_legs_contact: -0.0037
    Episode_Reward/disabled_legs_height: 0.6440
     Episode_Reward/single_leg_air_time: -0.0015
         Episode_Reward/base_height_exp: 0.1030
              Curriculum/terrain_levels: 0.0000
                   Metrics/success_rate: 0.1403
     Metrics/base_velocity/error_vel_xy: 0.7483
    Metrics/base_velocity/error_vel_yaw: 0.3321
           Episode_Termination/time_out: 0.9331
       Episode_Termination/base_contact: 0.0669
--------------------------------------------------------------------------------
                         Iteration time: 6.04s
                           Time elapsed: 00:40:11
                                    ETA: 01:52:02

################################################################################
[1m                          Learning iteration 396/1500                           [0m 

                            Total steps: 39026688 
                       Steps per second: 16420 
                        Collection time: 5.709s 
                          Learning time: 0.278s 
                        Mean value loss: 0.0280
                    Mean surrogate loss: 0.0014
                      Mean entropy loss: 13.3906
                            Mean reward: 14.57
                    Mean episode length: 934.30
                        Mean action std: 0.78
    Episode_Reward/track_lin_vel_xy_exp: 0.3596
     Episode_Reward/track_ang_vel_z_exp: 0.4792
            Episode_Reward/lin_vel_z_l2: 0.0000
           Episode_Reward/ang_vel_xy_l2: -0.0928
          Episode_Reward/dof_torques_l2: -0.0705
              Episode_Reward/dof_acc_l2: -0.1690
          Episode_Reward/action_rate_l2: -0.1530
      Episode_Reward/undesired_contacts: -0.0023
     Episode_Reward/flat_orientation_l2: -0.3602
          Episode_Reward/dof_pos_limits: 0.0000
   Episode_Reward/disabled_legs_contact: -0.0040
    Episode_Reward/disabled_legs_height: 0.6821
     Episode_Reward/single_leg_air_time: -0.0015
         Episode_Reward/base_height_exp: 0.1074
              Curriculum/terrain_levels: 0.0000
                   Metrics/success_rate: 0.1288
     Metrics/base_velocity/error_vel_xy: 0.8055
    Metrics/base_velocity/error_vel_yaw: 0.3329
           Episode_Termination/time_out: 0.9343
       Episode_Termination/base_contact: 0.0657
--------------------------------------------------------------------------------
                         Iteration time: 5.99s
                           Time elapsed: 00:40:17
                                    ETA: 01:51:56

################################################################################
[1m                          Learning iteration 397/1500                           [0m 

                            Total steps: 39124992 
                       Steps per second: 16343 
                        Collection time: 5.738s 
                          Learning time: 0.276s 
                        Mean value loss: 0.0288
                    Mean surrogate loss: -0.0019
                      Mean entropy loss: 13.3893
                            Mean reward: 14.87
                    Mean episode length: 958.20
                        Mean action std: 0.78
    Episode_Reward/track_lin_vel_xy_exp: 0.4079
     Episode_Reward/track_ang_vel_z_exp: 0.4855
            Episode_Reward/lin_vel_z_l2: 0.0000
           Episode_Reward/ang_vel_xy_l2: -0.0948
          Episode_Reward/dof_torques_l2: -0.0719
              Episode_Reward/dof_acc_l2: -0.1733
          Episode_Reward/action_rate_l2: -0.1566
      Episode_Reward/undesired_contacts: -0.0077
     Episode_Reward/flat_orientation_l2: -0.3712
          Episode_Reward/dof_pos_limits: 0.0000
   Episode_Reward/disabled_legs_contact: -0.0056
    Episode_Reward/disabled_legs_height: 0.6304
     Episode_Reward/single_leg_air_time: -0.0014
         Episode_Reward/base_height_exp: 0.1242
              Curriculum/terrain_levels: 0.0000
                   Metrics/success_rate: 0.1254
     Metrics/base_velocity/error_vel_xy: 0.7566
    Metrics/base_velocity/error_vel_yaw: 0.3245
           Episode_Termination/time_out: 0.9343
       Episode_Termination/base_contact: 0.0657
--------------------------------------------------------------------------------
                         Iteration time: 6.01s
                           Time elapsed: 00:40:23
                                    ETA: 01:51:50

################################################################################
[1m                          Learning iteration 398/1500                           [0m 

                            Total steps: 39223296 
                       Steps per second: 16358 
                        Collection time: 5.734s 
                          Learning time: 0.276s 
                        Mean value loss: 0.0309
                    Mean surrogate loss: -0.0011
                      Mean entropy loss: 13.3812
                            Mean reward: 16.02
                    Mean episode length: 972.07
                        Mean action std: 0.78
    Episode_Reward/track_lin_vel_xy_exp: 0.3244
     Episode_Reward/track_ang_vel_z_exp: 0.5100
            Episode_Reward/lin_vel_z_l2: 0.0000
           Episode_Reward/ang_vel_xy_l2: -0.0938
          Episode_Reward/dof_torques_l2: -0.0735
              Episode_Reward/dof_acc_l2: -0.1772
          Episode_Reward/action_rate_l2: -0.1591
      Episode_Reward/undesired_contacts: -0.0068
     Episode_Reward/flat_orientation_l2: -0.3758
          Episode_Reward/dof_pos_limits: 0.0000
   Episode_Reward/disabled_legs_contact: -0.0041
    Episode_Reward/disabled_legs_height: 0.6635
     Episode_Reward/single_leg_air_time: -0.0015
         Episode_Reward/base_height_exp: 0.1037
              Curriculum/terrain_levels: 0.0000
                   Metrics/success_rate: 0.0431
     Metrics/base_velocity/error_vel_xy: 0.7919
    Metrics/base_velocity/error_vel_yaw: 0.3072
           Episode_Termination/time_out: 0.9353
       Episode_Termination/base_contact: 0.0647
--------------------------------------------------------------------------------
                         Iteration time: 6.01s
                           Time elapsed: 00:40:29
                                    ETA: 01:51:43

################################################################################
[1m                          Learning iteration 399/1500                           [0m 

                            Total steps: 39321600 
                       Steps per second: 16504 
                        Collection time: 5.679s 
                          Learning time: 0.277s 
                        Mean value loss: 0.0355
                    Mean surrogate loss: -0.0005
                      Mean entropy loss: 13.3728
                            Mean reward: 16.25
                    Mean episode length: 935.13
                        Mean action std: 0.78
    Episode_Reward/track_lin_vel_xy_exp: 0.3912
     Episode_Reward/track_ang_vel_z_exp: 0.4712
            Episode_Reward/lin_vel_z_l2: 0.0000
           Episode_Reward/ang_vel_xy_l2: -0.0923
          Episode_Reward/dof_torques_l2: -0.0692
              Episode_Reward/dof_acc_l2: -0.1663
          Episode_Reward/action_rate_l2: -0.1509
      Episode_Reward/undesired_contacts: -0.0084
     Episode_Reward/flat_orientation_l2: -0.3595
          Episode_Reward/dof_pos_limits: 0.0000
   Episode_Reward/disabled_legs_contact: -0.0030
    Episode_Reward/disabled_legs_height: 0.6475
     Episode_Reward/single_leg_air_time: -0.0014
         Episode_Reward/base_height_exp: 0.1240
              Curriculum/terrain_levels: 0.0000
                   Metrics/success_rate: 0.1166
     Metrics/base_velocity/error_vel_xy: 0.7521
    Metrics/base_velocity/error_vel_yaw: 0.3371
           Episode_Termination/time_out: 0.9370
       Episode_Termination/base_contact: 0.0630
--------------------------------------------------------------------------------
                         Iteration time: 5.96s
                           Time elapsed: 00:40:35
                                    ETA: 01:51:37

################################################################################
[1m                          Learning iteration 400/1500                           [0m 

                            Total steps: 39419904 
                       Steps per second: 16699 
                        Collection time: 5.610s 
                          Learning time: 0.276s 
                        Mean value loss: 0.0283
                    Mean surrogate loss: -0.0025
                      Mean entropy loss: 13.3667
                            Mean reward: 17.82
                    Mean episode length: 914.93
                        Mean action std: 0.78
    Episode_Reward/track_lin_vel_xy_exp: 0.3991
     Episode_Reward/track_ang_vel_z_exp: 0.4733
            Episode_Reward/lin_vel_z_l2: 0.0000
           Episode_Reward/ang_vel_xy_l2: -0.0910
          Episode_Reward/dof_torques_l2: -0.0702
              Episode_Reward/dof_acc_l2: -0.1691
          Episode_Reward/action_rate_l2: -0.1516
      Episode_Reward/undesired_contacts: -0.0116
     Episode_Reward/flat_orientation_l2: -0.3502
          Episode_Reward/dof_pos_limits: 0.0000
   Episode_Reward/disabled_legs_contact: -0.0038
    Episode_Reward/disabled_legs_height: 0.7033
     Episode_Reward/single_leg_air_time: -0.0014
         Episode_Reward/base_height_exp: 0.1414
              Curriculum/terrain_levels: 0.0000
                   Metrics/success_rate: 0.1000
     Metrics/base_velocity/error_vel_xy: 0.7510
    Metrics/base_velocity/error_vel_yaw: 0.3405
           Episode_Termination/time_out: 0.9373
       Episode_Termination/base_contact: 0.0627
--------------------------------------------------------------------------------
                         Iteration time: 5.89s
                           Time elapsed: 00:40:41
                                    ETA: 01:51:30

################################################################################
[1m                          Learning iteration 401/1500                           [0m 

                            Total steps: 39518208 
                       Steps per second: 16728 
                        Collection time: 5.602s 
                          Learning time: 0.275s 
                        Mean value loss: 0.0352
                    Mean surrogate loss: -0.0011
                      Mean entropy loss: 13.3624
                            Mean reward: 17.67
                    Mean episode length: 942.90
                        Mean action std: 0.78
    Episode_Reward/track_lin_vel_xy_exp: 0.4721
     Episode_Reward/track_ang_vel_z_exp: 0.4998
            Episode_Reward/lin_vel_z_l2: 0.0000
           Episode_Reward/ang_vel_xy_l2: -0.0949
          Episode_Reward/dof_torques_l2: -0.0729
              Episode_Reward/dof_acc_l2: -0.1721
          Episode_Reward/action_rate_l2: -0.1574
      Episode_Reward/undesired_contacts: -0.0053
     Episode_Reward/flat_orientation_l2: -0.3744
          Episode_Reward/dof_pos_limits: 0.0000
   Episode_Reward/disabled_legs_contact: -0.0032
    Episode_Reward/disabled_legs_height: 0.7446
     Episode_Reward/single_leg_air_time: -0.0015
         Episode_Reward/base_height_exp: 0.1079
              Curriculum/terrain_levels: 0.0000
                   Metrics/success_rate: 0.1539
     Metrics/base_velocity/error_vel_xy: 0.7388
    Metrics/base_velocity/error_vel_yaw: 0.3129
           Episode_Termination/time_out: 0.9374
       Episode_Termination/base_contact: 0.0626
--------------------------------------------------------------------------------
                         Iteration time: 5.88s
                           Time elapsed: 00:40:47
                                    ETA: 01:51:23

################################################################################
[1m                          Learning iteration 402/1500                           [0m 

                            Total steps: 39616512 
                       Steps per second: 16507 
                        Collection time: 5.677s 
                          Learning time: 0.278s 
                        Mean value loss: 0.0339
                    Mean surrogate loss: -0.0019
                      Mean entropy loss: 13.3660
                            Mean reward: 15.00
                    Mean episode length: 952.88
                        Mean action std: 0.78
    Episode_Reward/track_lin_vel_xy_exp: 0.3316
     Episode_Reward/track_ang_vel_z_exp: 0.4859
            Episode_Reward/lin_vel_z_l2: 0.0000
           Episode_Reward/ang_vel_xy_l2: -0.0932
          Episode_Reward/dof_torques_l2: -0.0703
              Episode_Reward/dof_acc_l2: -0.1727
          Episode_Reward/action_rate_l2: -0.1555
      Episode_Reward/undesired_contacts: -0.0049
     Episode_Reward/flat_orientation_l2: -0.3798
          Episode_Reward/dof_pos_limits: 0.0000
   Episode_Reward/disabled_legs_contact: -0.0032
    Episode_Reward/disabled_legs_height: 0.6389
     Episode_Reward/single_leg_air_time: -0.0015
         Episode_Reward/base_height_exp: 0.1210
              Curriculum/terrain_levels: 0.0000
                   Metrics/success_rate: 0.1036
     Metrics/base_velocity/error_vel_xy: 0.7986
    Metrics/base_velocity/error_vel_yaw: 0.3280
           Episode_Termination/time_out: 0.9385
       Episode_Termination/base_contact: 0.0615
--------------------------------------------------------------------------------
                         Iteration time: 5.96s
                           Time elapsed: 00:40:53
                                    ETA: 01:51:17

################################################################################
[1m                          Learning iteration 403/1500                           [0m 

                            Total steps: 39714816 
                       Steps per second: 16529 
                        Collection time: 5.670s 
                          Learning time: 0.277s 
                        Mean value loss: 0.0367
                    Mean surrogate loss: 0.0030
                      Mean entropy loss: 13.3734
                            Mean reward: 16.28
                    Mean episode length: 945.56
                        Mean action std: 0.78
    Episode_Reward/track_lin_vel_xy_exp: 0.3752
     Episode_Reward/track_ang_vel_z_exp: 0.4981
            Episode_Reward/lin_vel_z_l2: 0.0000
           Episode_Reward/ang_vel_xy_l2: -0.0936
          Episode_Reward/dof_torques_l2: -0.0734
              Episode_Reward/dof_acc_l2: -0.1774
          Episode_Reward/action_rate_l2: -0.1584
      Episode_Reward/undesired_contacts: -0.0060
     Episode_Reward/flat_orientation_l2: -0.3781
          Episode_Reward/dof_pos_limits: 0.0000
   Episode_Reward/disabled_legs_contact: -0.0058
    Episode_Reward/disabled_legs_height: 0.7369
     Episode_Reward/single_leg_air_time: -0.0015
         Episode_Reward/base_height_exp: 0.1261
              Curriculum/terrain_levels: 0.0000
                   Metrics/success_rate: 0.0826
     Metrics/base_velocity/error_vel_xy: 0.7721
    Metrics/base_velocity/error_vel_yaw: 0.3171
           Episode_Termination/time_out: 0.9386
       Episode_Termination/base_contact: 0.0614
--------------------------------------------------------------------------------
                         Iteration time: 5.95s
                           Time elapsed: 00:40:59
                                    ETA: 01:51:11

################################################################################
[1m                          Learning iteration 404/1500                           [0m 

                            Total steps: 39813120 
                       Steps per second: 16615 
                        Collection time: 5.640s 
                          Learning time: 0.276s 
                        Mean value loss: 0.0313
                    Mean surrogate loss: -0.0009
                      Mean entropy loss: 13.3761
                            Mean reward: 17.61
                    Mean episode length: 962.49
                        Mean action std: 0.78
    Episode_Reward/track_lin_vel_xy_exp: 0.4047
     Episode_Reward/track_ang_vel_z_exp: 0.4819
            Episode_Reward/lin_vel_z_l2: 0.0000
           Episode_Reward/ang_vel_xy_l2: -0.0915
          Episode_Reward/dof_torques_l2: -0.0710
              Episode_Reward/dof_acc_l2: -0.1684
          Episode_Reward/action_rate_l2: -0.1525
      Episode_Reward/undesired_contacts: -0.0034
     Episode_Reward/flat_orientation_l2: -0.3660
          Episode_Reward/dof_pos_limits: 0.0000
   Episode_Reward/disabled_legs_contact: -0.0045
    Episode_Reward/disabled_legs_height: 0.6278
     Episode_Reward/single_leg_air_time: -0.0014
         Episode_Reward/base_height_exp: 0.1167
              Curriculum/terrain_levels: 0.0000
                   Metrics/success_rate: 0.1226
     Metrics/base_velocity/error_vel_xy: 0.7322
    Metrics/base_velocity/error_vel_yaw: 0.3247
           Episode_Termination/time_out: 0.9386
       Episode_Termination/base_contact: 0.0614
--------------------------------------------------------------------------------
                         Iteration time: 5.92s
                           Time elapsed: 00:41:04
                                    ETA: 01:51:04

################################################################################
[1m                          Learning iteration 405/1500                           [0m 

                            Total steps: 39911424 
                       Steps per second: 16702 
                        Collection time: 5.608s 
                          Learning time: 0.278s 
                        Mean value loss: 0.0326
                    Mean surrogate loss: -0.0025
                      Mean entropy loss: 13.3695
                            Mean reward: 16.22
                    Mean episode length: 980.10
                        Mean action std: 0.78
    Episode_Reward/track_lin_vel_xy_exp: 0.3470
     Episode_Reward/track_ang_vel_z_exp: 0.5107
            Episode_Reward/lin_vel_z_l2: 0.0000
           Episode_Reward/ang_vel_xy_l2: -0.0965
          Episode_Reward/dof_torques_l2: -0.0747
              Episode_Reward/dof_acc_l2: -0.1776
          Episode_Reward/action_rate_l2: -0.1601
      Episode_Reward/undesired_contacts: -0.0052
     Episode_Reward/flat_orientation_l2: -0.3894
          Episode_Reward/dof_pos_limits: 0.0000
   Episode_Reward/disabled_legs_contact: -0.0049
    Episode_Reward/disabled_legs_height: 0.7456
     Episode_Reward/single_leg_air_time: -0.0014
         Episode_Reward/base_height_exp: 0.1157
              Curriculum/terrain_levels: 0.0000
                   Metrics/success_rate: 0.1084
     Metrics/base_velocity/error_vel_xy: 0.7973
    Metrics/base_velocity/error_vel_yaw: 0.3080
           Episode_Termination/time_out: 0.9388
       Episode_Termination/base_contact: 0.0612
--------------------------------------------------------------------------------
                         Iteration time: 5.89s
                           Time elapsed: 00:41:10
                                    ETA: 01:50:57

################################################################################
[1m                          Learning iteration 406/1500                           [0m 

                            Total steps: 40009728 
                       Steps per second: 16748 
                        Collection time: 5.593s 
                          Learning time: 0.277s 
                        Mean value loss: 0.0439
                    Mean surrogate loss: -0.0010
                      Mean entropy loss: 13.3681
                            Mean reward: 17.30
                    Mean episode length: 971.36
                        Mean action std: 0.78
    Episode_Reward/track_lin_vel_xy_exp: 0.4136
     Episode_Reward/track_ang_vel_z_exp: 0.5030
            Episode_Reward/lin_vel_z_l2: 0.0000
           Episode_Reward/ang_vel_xy_l2: -0.0917
          Episode_Reward/dof_torques_l2: -0.0733
              Episode_Reward/dof_acc_l2: -0.1719
          Episode_Reward/action_rate_l2: -0.1573
      Episode_Reward/undesired_contacts: -0.0065
     Episode_Reward/flat_orientation_l2: -0.3829
          Episode_Reward/dof_pos_limits: 0.0000
   Episode_Reward/disabled_legs_contact: -0.0047
    Episode_Reward/disabled_legs_height: 0.6950
     Episode_Reward/single_leg_air_time: -0.0015
         Episode_Reward/base_height_exp: 0.1233
              Curriculum/terrain_levels: 0.0000
                   Metrics/success_rate: 0.0868
     Metrics/base_velocity/error_vel_xy: 0.7595
    Metrics/base_velocity/error_vel_yaw: 0.3123
           Episode_Termination/time_out: 0.9398
       Episode_Termination/base_contact: 0.0602
--------------------------------------------------------------------------------
                         Iteration time: 5.87s
                           Time elapsed: 00:41:16
                                    ETA: 01:50:51

################################################################################
[1m                          Learning iteration 407/1500                           [0m 

                            Total steps: 40108032 
                       Steps per second: 16705 
                        Collection time: 5.607s 
                          Learning time: 0.278s 
                        Mean value loss: 0.0368
                    Mean surrogate loss: 0.0030
                      Mean entropy loss: 13.3632
                            Mean reward: 16.76
                    Mean episode length: 966.23
                        Mean action std: 0.78
    Episode_Reward/track_lin_vel_xy_exp: 0.3824
     Episode_Reward/track_ang_vel_z_exp: 0.4958
            Episode_Reward/lin_vel_z_l2: 0.0000
           Episode_Reward/ang_vel_xy_l2: -0.0920
          Episode_Reward/dof_torques_l2: -0.0731
              Episode_Reward/dof_acc_l2: -0.1705
          Episode_Reward/action_rate_l2: -0.1556
      Episode_Reward/undesired_contacts: -0.0055
     Episode_Reward/flat_orientation_l2: -0.3729
          Episode_Reward/dof_pos_limits: 0.0000
   Episode_Reward/disabled_legs_contact: -0.0058
    Episode_Reward/disabled_legs_height: 0.7030
     Episode_Reward/single_leg_air_time: -0.0014
         Episode_Reward/base_height_exp: 0.1471
              Curriculum/terrain_levels: 0.0000
                   Metrics/success_rate: 0.1116
     Metrics/base_velocity/error_vel_xy: 0.7761
    Metrics/base_velocity/error_vel_yaw: 0.3193
           Episode_Termination/time_out: 0.9397
       Episode_Termination/base_contact: 0.0603
--------------------------------------------------------------------------------
                         Iteration time: 5.88s
                           Time elapsed: 00:41:22
                                    ETA: 01:50:44

################################################################################
[1m                          Learning iteration 408/1500                           [0m 

                            Total steps: 40206336 
                       Steps per second: 16756 
                        Collection time: 5.587s 
                          Learning time: 0.279s 
                        Mean value loss: 0.0301
                    Mean surrogate loss: 0.0038
                      Mean entropy loss: 13.3626
                            Mean reward: 15.62
                    Mean episode length: 964.16
                        Mean action std: 0.78
    Episode_Reward/track_lin_vel_xy_exp: 0.3356
     Episode_Reward/track_ang_vel_z_exp: 0.4968
            Episode_Reward/lin_vel_z_l2: 0.0000
           Episode_Reward/ang_vel_xy_l2: -0.0916
          Episode_Reward/dof_torques_l2: -0.0724
              Episode_Reward/dof_acc_l2: -0.1739
          Episode_Reward/action_rate_l2: -0.1564
      Episode_Reward/undesired_contacts: -0.0055
     Episode_Reward/flat_orientation_l2: -0.3736
          Episode_Reward/dof_pos_limits: 0.0000
   Episode_Reward/disabled_legs_contact: -0.0055
    Episode_Reward/disabled_legs_height: 0.6529
     Episode_Reward/single_leg_air_time: -0.0015
         Episode_Reward/base_height_exp: 0.1150
              Curriculum/terrain_levels: 0.0000
                   Metrics/success_rate: 0.0573
     Metrics/base_velocity/error_vel_xy: 0.7886
    Metrics/base_velocity/error_vel_yaw: 0.3099
           Episode_Termination/time_out: 0.9391
       Episode_Termination/base_contact: 0.0609
--------------------------------------------------------------------------------
                         Iteration time: 5.87s
                           Time elapsed: 00:41:28
                                    ETA: 01:50:37

################################################################################
[1m                          Learning iteration 409/1500                           [0m 

                            Total steps: 40304640 
                       Steps per second: 16739 
                        Collection time: 5.597s 
                          Learning time: 0.275s 
                        Mean value loss: 0.0333
                    Mean surrogate loss: -0.0001
                      Mean entropy loss: 13.3626
                            Mean reward: 16.49
                    Mean episode length: 969.18
                        Mean action std: 0.78
    Episode_Reward/track_lin_vel_xy_exp: 0.4025
     Episode_Reward/track_ang_vel_z_exp: 0.4887
            Episode_Reward/lin_vel_z_l2: 0.0000
           Episode_Reward/ang_vel_xy_l2: -0.0949
          Episode_Reward/dof_torques_l2: -0.0729
              Episode_Reward/dof_acc_l2: -0.1696
          Episode_Reward/action_rate_l2: -0.1548
      Episode_Reward/undesired_contacts: -0.0076
     Episode_Reward/flat_orientation_l2: -0.3633
          Episode_Reward/dof_pos_limits: 0.0000
   Episode_Reward/disabled_legs_contact: -0.0056
    Episode_Reward/disabled_legs_height: 0.6318
     Episode_Reward/single_leg_air_time: -0.0013
         Episode_Reward/base_height_exp: 0.1163
              Curriculum/terrain_levels: 0.0000
                   Metrics/success_rate: 0.0698
     Metrics/base_velocity/error_vel_xy: 0.7481
    Metrics/base_velocity/error_vel_yaw: 0.3129
           Episode_Termination/time_out: 0.9387
       Episode_Termination/base_contact: 0.0613
--------------------------------------------------------------------------------
                         Iteration time: 5.87s
                           Time elapsed: 00:41:34
                                    ETA: 01:50:31

################################################################################
[1m                          Learning iteration 410/1500                           [0m 

                            Total steps: 40402944 
                       Steps per second: 16868 
                        Collection time: 5.549s 
                          Learning time: 0.278s 
                        Mean value loss: 0.0355
                    Mean surrogate loss: -0.0011
                      Mean entropy loss: 13.3612
                            Mean reward: 16.19
                    Mean episode length: 978.17
                        Mean action std: 0.78
    Episode_Reward/track_lin_vel_xy_exp: 0.4878
     Episode_Reward/track_ang_vel_z_exp: 0.5068
            Episode_Reward/lin_vel_z_l2: 0.0000
           Episode_Reward/ang_vel_xy_l2: -0.0954
          Episode_Reward/dof_torques_l2: -0.0756
              Episode_Reward/dof_acc_l2: -0.1751
          Episode_Reward/action_rate_l2: -0.1601
      Episode_Reward/undesired_contacts: -0.0044
     Episode_Reward/flat_orientation_l2: -0.3690
          Episode_Reward/dof_pos_limits: 0.0000
   Episode_Reward/disabled_legs_contact: -0.0083
    Episode_Reward/disabled_legs_height: 0.6591
     Episode_Reward/single_leg_air_time: -0.0014
         Episode_Reward/base_height_exp: 0.1223
              Curriculum/terrain_levels: 0.0000
                   Metrics/success_rate: 0.1626
     Metrics/base_velocity/error_vel_xy: 0.7161
    Metrics/base_velocity/error_vel_yaw: 0.3126
           Episode_Termination/time_out: 0.9391
       Episode_Termination/base_contact: 0.0609
--------------------------------------------------------------------------------
                         Iteration time: 5.83s
                           Time elapsed: 00:41:40
                                    ETA: 01:50:24

################################################################################
[1m                          Learning iteration 411/1500                           [0m 

                            Total steps: 40501248 
                       Steps per second: 16776 
                        Collection time: 5.584s 
                          Learning time: 0.275s 
                        Mean value loss: 0.0315
                    Mean surrogate loss: -0.0007
                      Mean entropy loss: 13.3603
                            Mean reward: 16.74
                    Mean episode length: 971.05
                        Mean action std: 0.78
    Episode_Reward/track_lin_vel_xy_exp: 0.4478
     Episode_Reward/track_ang_vel_z_exp: 0.4951
            Episode_Reward/lin_vel_z_l2: 0.0000
           Episode_Reward/ang_vel_xy_l2: -0.0912
          Episode_Reward/dof_torques_l2: -0.0719
              Episode_Reward/dof_acc_l2: -0.1704
          Episode_Reward/action_rate_l2: -0.1546
      Episode_Reward/undesired_contacts: -0.0039
     Episode_Reward/flat_orientation_l2: -0.3736
          Episode_Reward/dof_pos_limits: 0.0000
   Episode_Reward/disabled_legs_contact: -0.0050
    Episode_Reward/disabled_legs_height: 0.6803
     Episode_Reward/single_leg_air_time: -0.0014
         Episode_Reward/base_height_exp: 0.1189
              Curriculum/terrain_levels: 0.0000
                   Metrics/success_rate: 0.0938
     Metrics/base_velocity/error_vel_xy: 0.7310
    Metrics/base_velocity/error_vel_yaw: 0.3276
           Episode_Termination/time_out: 0.9391
       Episode_Termination/base_contact: 0.0609
--------------------------------------------------------------------------------
                         Iteration time: 5.86s
                           Time elapsed: 00:41:46
                                    ETA: 01:50:17

################################################################################
[1m                          Learning iteration 412/1500                           [0m 

                            Total steps: 40599552 
                       Steps per second: 16649 
                        Collection time: 5.630s 
                          Learning time: 0.275s 
                        Mean value loss: 0.0306
                    Mean surrogate loss: 0.0015
                      Mean entropy loss: 13.3631
                            Mean reward: 17.81
                    Mean episode length: 954.52
                        Mean action std: 0.78
    Episode_Reward/track_lin_vel_xy_exp: 0.3647
     Episode_Reward/track_ang_vel_z_exp: 0.4851
            Episode_Reward/lin_vel_z_l2: 0.0000
           Episode_Reward/ang_vel_xy_l2: -0.0893
          Episode_Reward/dof_torques_l2: -0.0713
              Episode_Reward/dof_acc_l2: -0.1628
          Episode_Reward/action_rate_l2: -0.1509
      Episode_Reward/undesired_contacts: -0.0046
     Episode_Reward/flat_orientation_l2: -0.3544
          Episode_Reward/dof_pos_limits: 0.0000
   Episode_Reward/disabled_legs_contact: -0.0030
    Episode_Reward/disabled_legs_height: 0.7275
     Episode_Reward/single_leg_air_time: -0.0013
         Episode_Reward/base_height_exp: 0.1151
              Curriculum/terrain_levels: 0.0000
                   Metrics/success_rate: 0.1319
     Metrics/base_velocity/error_vel_xy: 0.7818
    Metrics/base_velocity/error_vel_yaw: 0.3350
           Episode_Termination/time_out: 0.9390
       Episode_Termination/base_contact: 0.0610
--------------------------------------------------------------------------------
                         Iteration time: 5.90s
                           Time elapsed: 00:41:51
                                    ETA: 01:50:11

################################################################################
[1m                          Learning iteration 413/1500                           [0m 

                            Total steps: 40697856 
                       Steps per second: 16745 
                        Collection time: 5.596s 
                          Learning time: 0.275s 
                        Mean value loss: 0.0332
                    Mean surrogate loss: -0.0022
                      Mean entropy loss: 13.3626
                            Mean reward: 17.05
                    Mean episode length: 975.16
                        Mean action std: 0.78
    Episode_Reward/track_lin_vel_xy_exp: 0.4295
     Episode_Reward/track_ang_vel_z_exp: 0.5111
            Episode_Reward/lin_vel_z_l2: 0.0000
           Episode_Reward/ang_vel_xy_l2: -0.0951
          Episode_Reward/dof_torques_l2: -0.0751
              Episode_Reward/dof_acc_l2: -0.1780
          Episode_Reward/action_rate_l2: -0.1609
      Episode_Reward/undesired_contacts: -0.0096
     Episode_Reward/flat_orientation_l2: -0.3643
          Episode_Reward/dof_pos_limits: 0.0000
   Episode_Reward/disabled_legs_contact: -0.0055
    Episode_Reward/disabled_legs_height: 0.7056
     Episode_Reward/single_leg_air_time: -0.0014
         Episode_Reward/base_height_exp: 0.1443
              Curriculum/terrain_levels: 0.0000
                   Metrics/success_rate: 0.0601
     Metrics/base_velocity/error_vel_xy: 0.7469
    Metrics/base_velocity/error_vel_yaw: 0.3050
           Episode_Termination/time_out: 0.9384
       Episode_Termination/base_contact: 0.0616
--------------------------------------------------------------------------------
                         Iteration time: 5.87s
                           Time elapsed: 00:41:57
                                    ETA: 01:50:04

################################################################################
[1m                          Learning iteration 414/1500                           [0m 

                            Total steps: 40796160 
                       Steps per second: 16678 
                        Collection time: 5.617s 
                          Learning time: 0.277s 
                        Mean value loss: 0.0260
                    Mean surrogate loss: -0.0027
                      Mean entropy loss: 13.3562
                            Mean reward: 15.19
                    Mean episode length: 959.99
                        Mean action std: 0.78
    Episode_Reward/track_lin_vel_xy_exp: 0.4062
     Episode_Reward/track_ang_vel_z_exp: 0.4881
            Episode_Reward/lin_vel_z_l2: 0.0000
           Episode_Reward/ang_vel_xy_l2: -0.0907
          Episode_Reward/dof_torques_l2: -0.0698
              Episode_Reward/dof_acc_l2: -0.1703
          Episode_Reward/action_rate_l2: -0.1518
      Episode_Reward/undesired_contacts: -0.0052
     Episode_Reward/flat_orientation_l2: -0.3693
          Episode_Reward/dof_pos_limits: 0.0000
   Episode_Reward/disabled_legs_contact: -0.0024
    Episode_Reward/disabled_legs_height: 0.5754
     Episode_Reward/single_leg_air_time: -0.0014
         Episode_Reward/base_height_exp: 0.1109
              Curriculum/terrain_levels: 0.0000
                   Metrics/success_rate: 0.1424
     Metrics/base_velocity/error_vel_xy: 0.7439
    Metrics/base_velocity/error_vel_yaw: 0.3178
           Episode_Termination/time_out: 0.9378
       Episode_Termination/base_contact: 0.0622
--------------------------------------------------------------------------------
                         Iteration time: 5.89s
                           Time elapsed: 00:42:03
                                    ETA: 01:49:58

################################################################################
[1m                          Learning iteration 415/1500                           [0m 

                            Total steps: 40894464 
                       Steps per second: 16701 
                        Collection time: 5.609s 
                          Learning time: 0.276s 
                        Mean value loss: 0.0312
                    Mean surrogate loss: -0.0015
                      Mean entropy loss: 13.3440
                            Mean reward: 18.11
                    Mean episode length: 971.04
                        Mean action std: 0.78
    Episode_Reward/track_lin_vel_xy_exp: 0.4511
     Episode_Reward/track_ang_vel_z_exp: 0.5015
            Episode_Reward/lin_vel_z_l2: 0.0000
           Episode_Reward/ang_vel_xy_l2: -0.0967
          Episode_Reward/dof_torques_l2: -0.0739
              Episode_Reward/dof_acc_l2: -0.1729
          Episode_Reward/action_rate_l2: -0.1591
      Episode_Reward/undesired_contacts: -0.0074
     Episode_Reward/flat_orientation_l2: -0.3747
          Episode_Reward/dof_pos_limits: 0.0000
   Episode_Reward/disabled_legs_contact: -0.0036
    Episode_Reward/disabled_legs_height: 0.7532
     Episode_Reward/single_leg_air_time: -0.0014
         Episode_Reward/base_height_exp: 0.1531
              Curriculum/terrain_levels: 0.0000
                   Metrics/success_rate: 0.1130
     Metrics/base_velocity/error_vel_xy: 0.7408
    Metrics/base_velocity/error_vel_yaw: 0.3107
           Episode_Termination/time_out: 0.9375
       Episode_Termination/base_contact: 0.0625
--------------------------------------------------------------------------------
                         Iteration time: 5.89s
                           Time elapsed: 00:42:09
                                    ETA: 01:49:51

################################################################################
[1m                          Learning iteration 416/1500                           [0m 

                            Total steps: 40992768 
                       Steps per second: 16802 
                        Collection time: 5.573s 
                          Learning time: 0.278s 
                        Mean value loss: 0.0326
                    Mean surrogate loss: -0.0001
                      Mean entropy loss: 13.3438
                            Mean reward: 14.15
                    Mean episode length: 964.42
                        Mean action std: 0.78
    Episode_Reward/track_lin_vel_xy_exp: 0.3710
     Episode_Reward/track_ang_vel_z_exp: 0.5041
            Episode_Reward/lin_vel_z_l2: 0.0000
           Episode_Reward/ang_vel_xy_l2: -0.0910
          Episode_Reward/dof_torques_l2: -0.0735
              Episode_Reward/dof_acc_l2: -0.1729
          Episode_Reward/action_rate_l2: -0.1570
      Episode_Reward/undesired_contacts: -0.0062
     Episode_Reward/flat_orientation_l2: -0.3674
          Episode_Reward/dof_pos_limits: 0.0000
   Episode_Reward/disabled_legs_contact: -0.0046
    Episode_Reward/disabled_legs_height: 0.6291
     Episode_Reward/single_leg_air_time: -0.0013
         Episode_Reward/base_height_exp: 0.1127
              Curriculum/terrain_levels: 0.0000
                   Metrics/success_rate: 0.1066
     Metrics/base_velocity/error_vel_xy: 0.7825
    Metrics/base_velocity/error_vel_yaw: 0.3140
           Episode_Termination/time_out: 0.9377
       Episode_Termination/base_contact: 0.0623
--------------------------------------------------------------------------------
                         Iteration time: 5.85s
                           Time elapsed: 00:42:15
                                    ETA: 01:49:44

################################################################################
[1m                          Learning iteration 417/1500                           [0m 

                            Total steps: 41091072 
                       Steps per second: 16719 
                        Collection time: 5.604s 
                          Learning time: 0.276s 
                        Mean value loss: 0.0241
                    Mean surrogate loss: -0.0010
                      Mean entropy loss: 13.3429
                            Mean reward: 16.31
                    Mean episode length: 987.76
                        Mean action std: 0.78
    Episode_Reward/track_lin_vel_xy_exp: 0.4741
     Episode_Reward/track_ang_vel_z_exp: 0.5142
            Episode_Reward/lin_vel_z_l2: 0.0000
           Episode_Reward/ang_vel_xy_l2: -0.0954
          Episode_Reward/dof_torques_l2: -0.0753
              Episode_Reward/dof_acc_l2: -0.1796
          Episode_Reward/action_rate_l2: -0.1625
      Episode_Reward/undesired_contacts: -0.0044
     Episode_Reward/flat_orientation_l2: -0.3820
          Episode_Reward/dof_pos_limits: 0.0000
   Episode_Reward/disabled_legs_contact: -0.0033
    Episode_Reward/disabled_legs_height: 0.6571
     Episode_Reward/single_leg_air_time: -0.0014
         Episode_Reward/base_height_exp: 0.1238
              Curriculum/terrain_levels: 0.0000
                   Metrics/success_rate: 0.1146
     Metrics/base_velocity/error_vel_xy: 0.7186
    Metrics/base_velocity/error_vel_yaw: 0.3074
           Episode_Termination/time_out: 0.9375
       Episode_Termination/base_contact: 0.0625
--------------------------------------------------------------------------------
                         Iteration time: 5.88s
                           Time elapsed: 00:42:21
                                    ETA: 01:49:38

################################################################################
[1m                          Learning iteration 418/1500                           [0m 

                            Total steps: 41189376 
                       Steps per second: 16722 
                        Collection time: 5.601s 
                          Learning time: 0.277s 
                        Mean value loss: 0.0325
                    Mean surrogate loss: -0.0000
                      Mean entropy loss: 13.3398
                            Mean reward: 15.96
                    Mean episode length: 991.29
                        Mean action std: 0.78
    Episode_Reward/track_lin_vel_xy_exp: 0.3968
     Episode_Reward/track_ang_vel_z_exp: 0.5109
            Episode_Reward/lin_vel_z_l2: 0.0000
           Episode_Reward/ang_vel_xy_l2: -0.0934
          Episode_Reward/dof_torques_l2: -0.0759
              Episode_Reward/dof_acc_l2: -0.1755
          Episode_Reward/action_rate_l2: -0.1614
      Episode_Reward/undesired_contacts: -0.0070
     Episode_Reward/flat_orientation_l2: -0.3797
          Episode_Reward/dof_pos_limits: 0.0000
   Episode_Reward/disabled_legs_contact: -0.0038
    Episode_Reward/disabled_legs_height: 0.6859
     Episode_Reward/single_leg_air_time: -0.0014
         Episode_Reward/base_height_exp: 0.1328
              Curriculum/terrain_levels: 0.0000
                   Metrics/success_rate: 0.1264
     Metrics/base_velocity/error_vel_xy: 0.7852
    Metrics/base_velocity/error_vel_yaw: 0.3093
           Episode_Termination/time_out: 0.9378
       Episode_Termination/base_contact: 0.0622
--------------------------------------------------------------------------------
                         Iteration time: 5.88s
                           Time elapsed: 00:42:27
                                    ETA: 01:49:31

################################################################################
[1m                          Learning iteration 419/1500                           [0m 

                            Total steps: 41287680 
                       Steps per second: 16806 
                        Collection time: 5.573s 
                          Learning time: 0.276s 
                        Mean value loss: 0.0267
                    Mean surrogate loss: 0.0003
                      Mean entropy loss: 13.3419
                            Mean reward: 18.38
                    Mean episode length: 983.99
                        Mean action std: 0.78
    Episode_Reward/track_lin_vel_xy_exp: 0.4426
     Episode_Reward/track_ang_vel_z_exp: 0.5149
            Episode_Reward/lin_vel_z_l2: 0.0000
           Episode_Reward/ang_vel_xy_l2: -0.0944
          Episode_Reward/dof_torques_l2: -0.0755
              Episode_Reward/dof_acc_l2: -0.1758
          Episode_Reward/action_rate_l2: -0.1607
      Episode_Reward/undesired_contacts: -0.0041
     Episode_Reward/flat_orientation_l2: -0.3577
          Episode_Reward/dof_pos_limits: 0.0000
   Episode_Reward/disabled_legs_contact: -0.0066
    Episode_Reward/disabled_legs_height: 0.7253
     Episode_Reward/single_leg_air_time: -0.0013
         Episode_Reward/base_height_exp: 0.1400
              Curriculum/terrain_levels: 0.0000
                   Metrics/success_rate: 0.1715
     Metrics/base_velocity/error_vel_xy: 0.7520
    Metrics/base_velocity/error_vel_yaw: 0.3024
           Episode_Termination/time_out: 0.9386
       Episode_Termination/base_contact: 0.0614
--------------------------------------------------------------------------------
                         Iteration time: 5.85s
                           Time elapsed: 00:42:33
                                    ETA: 01:49:24

################################################################################
[1m                          Learning iteration 420/1500                           [0m 

                            Total steps: 41385984 
                       Steps per second: 16643 
                        Collection time: 5.629s 
                          Learning time: 0.277s 
                        Mean value loss: 0.0324
                    Mean surrogate loss: 0.0052
                      Mean entropy loss: 13.3399
                            Mean reward: 15.02
                    Mean episode length: 980.73
                        Mean action std: 0.78
    Episode_Reward/track_lin_vel_xy_exp: 0.4028
     Episode_Reward/track_ang_vel_z_exp: 0.4970
            Episode_Reward/lin_vel_z_l2: 0.0000
           Episode_Reward/ang_vel_xy_l2: -0.0916
          Episode_Reward/dof_torques_l2: -0.0735
              Episode_Reward/dof_acc_l2: -0.1713
          Episode_Reward/action_rate_l2: -0.1565
      Episode_Reward/undesired_contacts: -0.0062
     Episode_Reward/flat_orientation_l2: -0.3736
          Episode_Reward/dof_pos_limits: 0.0000
   Episode_Reward/disabled_legs_contact: -0.0055
    Episode_Reward/disabled_legs_height: 0.5611
     Episode_Reward/single_leg_air_time: -0.0013
         Episode_Reward/base_height_exp: 0.1109
              Curriculum/terrain_levels: 0.0000
                   Metrics/success_rate: 0.1184
     Metrics/base_velocity/error_vel_xy: 0.7910
    Metrics/base_velocity/error_vel_yaw: 0.3192
           Episode_Termination/time_out: 0.9381
       Episode_Termination/base_contact: 0.0619
--------------------------------------------------------------------------------
                         Iteration time: 5.91s
                           Time elapsed: 00:42:38
                                    ETA: 01:49:18

################################################################################
[1m                          Learning iteration 421/1500                           [0m 

                            Total steps: 41484288 
                       Steps per second: 16919 
                        Collection time: 5.533s 
                          Learning time: 0.277s 
                        Mean value loss: 0.0310
                    Mean surrogate loss: -0.0012
                      Mean entropy loss: 13.3403
                            Mean reward: 17.01
                    Mean episode length: 1000.00
                        Mean action std: 0.78
    Episode_Reward/track_lin_vel_xy_exp: 0.4081
     Episode_Reward/track_ang_vel_z_exp: 0.5139
            Episode_Reward/lin_vel_z_l2: 0.0000
           Episode_Reward/ang_vel_xy_l2: -0.0966
          Episode_Reward/dof_torques_l2: -0.0757
              Episode_Reward/dof_acc_l2: -0.1792
          Episode_Reward/action_rate_l2: -0.1633
      Episode_Reward/undesired_contacts: -0.0071
     Episode_Reward/flat_orientation_l2: -0.3779
          Episode_Reward/dof_pos_limits: 0.0000
   Episode_Reward/disabled_legs_contact: -0.0046
    Episode_Reward/disabled_legs_height: 0.6717
     Episode_Reward/single_leg_air_time: -0.0015
         Episode_Reward/base_height_exp: 0.1223
              Curriculum/terrain_levels: 0.0000
                   Metrics/success_rate: 0.0602
     Metrics/base_velocity/error_vel_xy: 0.7634
    Metrics/base_velocity/error_vel_yaw: 0.3084
           Episode_Termination/time_out: 0.9386
       Episode_Termination/base_contact: 0.0614
--------------------------------------------------------------------------------
                         Iteration time: 5.81s
                           Time elapsed: 00:42:44
                                    ETA: 01:49:11

################################################################################
[1m                          Learning iteration 422/1500                           [0m 

                            Total steps: 41582592 
                       Steps per second: 16893 
                        Collection time: 5.540s 
                          Learning time: 0.279s 
                        Mean value loss: 0.0310
                    Mean surrogate loss: 0.0004
                      Mean entropy loss: 13.3423
                            Mean reward: 16.22
                    Mean episode length: 991.29
                        Mean action std: 0.78
    Episode_Reward/track_lin_vel_xy_exp: 0.4184
     Episode_Reward/track_ang_vel_z_exp: 0.5175
            Episode_Reward/lin_vel_z_l2: 0.0000
           Episode_Reward/ang_vel_xy_l2: -0.0949
          Episode_Reward/dof_torques_l2: -0.0758
              Episode_Reward/dof_acc_l2: -0.1777
          Episode_Reward/action_rate_l2: -0.1617
      Episode_Reward/undesired_contacts: -0.0056
     Episode_Reward/flat_orientation_l2: -0.3699
          Episode_Reward/dof_pos_limits: 0.0000
   Episode_Reward/disabled_legs_contact: -0.0042
    Episode_Reward/disabled_legs_height: 0.6777
     Episode_Reward/single_leg_air_time: -0.0014
         Episode_Reward/base_height_exp: 0.1138
              Curriculum/terrain_levels: 0.0000
                   Metrics/success_rate: 0.1126
     Metrics/base_velocity/error_vel_xy: 0.7573
    Metrics/base_velocity/error_vel_yaw: 0.3007
           Episode_Termination/time_out: 0.9390
       Episode_Termination/base_contact: 0.0610
--------------------------------------------------------------------------------
                         Iteration time: 5.82s
                           Time elapsed: 00:42:50
                                    ETA: 01:49:04

################################################################################
[1m                          Learning iteration 423/1500                           [0m 

                            Total steps: 41680896 
                       Steps per second: 17008 
                        Collection time: 5.502s 
                          Learning time: 0.277s 
                        Mean value loss: 0.0357
                    Mean surrogate loss: -0.0014
                      Mean entropy loss: 13.3438
                            Mean reward: 17.17
                    Mean episode length: 1000.00
                        Mean action std: 0.78
    Episode_Reward/track_lin_vel_xy_exp: 0.4109
     Episode_Reward/track_ang_vel_z_exp: 0.5266
            Episode_Reward/lin_vel_z_l2: 0.0000
           Episode_Reward/ang_vel_xy_l2: -0.0979
          Episode_Reward/dof_torques_l2: -0.0779
              Episode_Reward/dof_acc_l2: -0.1809
          Episode_Reward/action_rate_l2: -0.1634
      Episode_Reward/undesired_contacts: -0.0055
     Episode_Reward/flat_orientation_l2: -0.3462
          Episode_Reward/dof_pos_limits: 0.0000
   Episode_Reward/disabled_legs_contact: -0.0049
    Episode_Reward/disabled_legs_height: 0.7234
     Episode_Reward/single_leg_air_time: -0.0012
         Episode_Reward/base_height_exp: 0.1306
              Curriculum/terrain_levels: 0.0000
                   Metrics/success_rate: 0.0777
     Metrics/base_velocity/error_vel_xy: 0.7568
    Metrics/base_velocity/error_vel_yaw: 0.2930
           Episode_Termination/time_out: 0.9397
       Episode_Termination/base_contact: 0.0603
--------------------------------------------------------------------------------
                         Iteration time: 5.78s
                           Time elapsed: 00:42:56
                                    ETA: 01:48:58

################################################################################
[1m                          Learning iteration 424/1500                           [0m 

                            Total steps: 41779200 
                       Steps per second: 16813 
                        Collection time: 5.569s 
                          Learning time: 0.278s 
                        Mean value loss: 0.0348
                    Mean surrogate loss: -0.0011
                      Mean entropy loss: 13.3504
                            Mean reward: 16.49
                    Mean episode length: 993.38
                        Mean action std: 0.78
    Episode_Reward/track_lin_vel_xy_exp: 0.3936
     Episode_Reward/track_ang_vel_z_exp: 0.5201
            Episode_Reward/lin_vel_z_l2: 0.0000
           Episode_Reward/ang_vel_xy_l2: -0.0970
          Episode_Reward/dof_torques_l2: -0.0765
              Episode_Reward/dof_acc_l2: -0.1783
          Episode_Reward/action_rate_l2: -0.1631
      Episode_Reward/undesired_contacts: -0.0051
     Episode_Reward/flat_orientation_l2: -0.3574
          Episode_Reward/dof_pos_limits: 0.0000
   Episode_Reward/disabled_legs_contact: -0.0053
    Episode_Reward/disabled_legs_height: 0.6821
     Episode_Reward/single_leg_air_time: -0.0014
         Episode_Reward/base_height_exp: 0.1274
              Curriculum/terrain_levels: 0.0000
                   Metrics/success_rate: 0.0926
     Metrics/base_velocity/error_vel_xy: 0.7690
    Metrics/base_velocity/error_vel_yaw: 0.2994
           Episode_Termination/time_out: 0.9408
       Episode_Termination/base_contact: 0.0592
--------------------------------------------------------------------------------
                         Iteration time: 5.85s
                           Time elapsed: 00:43:02
                                    ETA: 01:48:51

################################################################################
[1m                          Learning iteration 425/1500                           [0m 

                            Total steps: 41877504 
                       Steps per second: 16977 
                        Collection time: 5.514s 
                          Learning time: 0.276s 
                        Mean value loss: 0.0347
                    Mean surrogate loss: -0.0021
                      Mean entropy loss: 13.3586
                            Mean reward: 17.74
                    Mean episode length: 986.98
                        Mean action std: 0.78
    Episode_Reward/track_lin_vel_xy_exp: 0.4235
     Episode_Reward/track_ang_vel_z_exp: 0.5142
            Episode_Reward/lin_vel_z_l2: 0.0000
           Episode_Reward/ang_vel_xy_l2: -0.0955
          Episode_Reward/dof_torques_l2: -0.0760
              Episode_Reward/dof_acc_l2: -0.1776
          Episode_Reward/action_rate_l2: -0.1617
      Episode_Reward/undesired_contacts: -0.0073
     Episode_Reward/flat_orientation_l2: -0.3613
          Episode_Reward/dof_pos_limits: 0.0000
   Episode_Reward/disabled_legs_contact: -0.0048
    Episode_Reward/disabled_legs_height: 0.6141
     Episode_Reward/single_leg_air_time: -0.0013
         Episode_Reward/base_height_exp: 0.1170
              Curriculum/terrain_levels: 0.0000
                   Metrics/success_rate: 0.0740
     Metrics/base_velocity/error_vel_xy: 0.7436
    Metrics/base_velocity/error_vel_yaw: 0.3050
           Episode_Termination/time_out: 0.9419
       Episode_Termination/base_contact: 0.0581
--------------------------------------------------------------------------------
                         Iteration time: 5.79s
                           Time elapsed: 00:43:07
                                    ETA: 01:48:44

################################################################################
[1m                          Learning iteration 426/1500                           [0m 

                            Total steps: 41975808 
                       Steps per second: 16928 
                        Collection time: 5.531s 
                          Learning time: 0.276s 
                        Mean value loss: 0.0371
                    Mean surrogate loss: 0.0006
                      Mean entropy loss: 13.3727
                            Mean reward: 17.15
                    Mean episode length: 985.67
                        Mean action std: 0.78
    Episode_Reward/track_lin_vel_xy_exp: 0.4038
     Episode_Reward/track_ang_vel_z_exp: 0.5139
            Episode_Reward/lin_vel_z_l2: 0.0000
           Episode_Reward/ang_vel_xy_l2: -0.0968
          Episode_Reward/dof_torques_l2: -0.0760
              Episode_Reward/dof_acc_l2: -0.1777
          Episode_Reward/action_rate_l2: -0.1613
      Episode_Reward/undesired_contacts: -0.0046
     Episode_Reward/flat_orientation_l2: -0.3492
          Episode_Reward/dof_pos_limits: 0.0000
   Episode_Reward/disabled_legs_contact: -0.0047
    Episode_Reward/disabled_legs_height: 0.6692
     Episode_Reward/single_leg_air_time: -0.0013
         Episode_Reward/base_height_exp: 0.0969
              Curriculum/terrain_levels: 0.0000
                   Metrics/success_rate: 0.0775
     Metrics/base_velocity/error_vel_xy: 0.7641
    Metrics/base_velocity/error_vel_yaw: 0.3053
           Episode_Termination/time_out: 0.9431
       Episode_Termination/base_contact: 0.0569
--------------------------------------------------------------------------------
                         Iteration time: 5.81s
                           Time elapsed: 00:43:13
                                    ETA: 01:48:37

################################################################################
[1m                          Learning iteration 427/1500                           [0m 

                            Total steps: 42074112 
                       Steps per second: 16868 
                        Collection time: 5.550s 
                          Learning time: 0.278s 
                        Mean value loss: 0.0332
                    Mean surrogate loss: -0.0010
                      Mean entropy loss: 13.3730
                            Mean reward: 14.17
                    Mean episode length: 1000.00
                        Mean action std: 0.78
    Episode_Reward/track_lin_vel_xy_exp: 0.4087
     Episode_Reward/track_ang_vel_z_exp: 0.5225
            Episode_Reward/lin_vel_z_l2: 0.0000
           Episode_Reward/ang_vel_xy_l2: -0.0983
          Episode_Reward/dof_torques_l2: -0.0777
              Episode_Reward/dof_acc_l2: -0.1790
          Episode_Reward/action_rate_l2: -0.1633
      Episode_Reward/undesired_contacts: -0.0045
     Episode_Reward/flat_orientation_l2: -0.3542
          Episode_Reward/dof_pos_limits: 0.0000
   Episode_Reward/disabled_legs_contact: -0.0057
    Episode_Reward/disabled_legs_height: 0.6092
     Episode_Reward/single_leg_air_time: -0.0014
         Episode_Reward/base_height_exp: 0.0957
              Curriculum/terrain_levels: 0.0000
                   Metrics/success_rate: 0.0971
     Metrics/base_velocity/error_vel_xy: 0.7654
    Metrics/base_velocity/error_vel_yaw: 0.2979
           Episode_Termination/time_out: 0.9447
       Episode_Termination/base_contact: 0.0553
--------------------------------------------------------------------------------
                         Iteration time: 5.83s
                           Time elapsed: 00:43:19
                                    ETA: 01:48:31

################################################################################
[1m                          Learning iteration 428/1500                           [0m 

                            Total steps: 42172416 
                       Steps per second: 16748 
                        Collection time: 5.591s 
                          Learning time: 0.278s 
                        Mean value loss: 0.0313
                    Mean surrogate loss: -0.0007
                      Mean entropy loss: 13.3680
                            Mean reward: 17.78
                    Mean episode length: 991.36
                        Mean action std: 0.78
    Episode_Reward/track_lin_vel_xy_exp: 0.4509
     Episode_Reward/track_ang_vel_z_exp: 0.5189
            Episode_Reward/lin_vel_z_l2: 0.0000
           Episode_Reward/ang_vel_xy_l2: -0.0978
          Episode_Reward/dof_torques_l2: -0.0761
              Episode_Reward/dof_acc_l2: -0.1775
          Episode_Reward/action_rate_l2: -0.1625
      Episode_Reward/undesired_contacts: -0.0042
     Episode_Reward/flat_orientation_l2: -0.3616
          Episode_Reward/dof_pos_limits: 0.0000
   Episode_Reward/disabled_legs_contact: -0.0032
    Episode_Reward/disabled_legs_height: 0.7119
     Episode_Reward/single_leg_air_time: -0.0014
         Episode_Reward/base_height_exp: 0.1008
              Curriculum/terrain_levels: 0.0000
                   Metrics/success_rate: 0.0987
     Metrics/base_velocity/error_vel_xy: 0.7405
    Metrics/base_velocity/error_vel_yaw: 0.3018
           Episode_Termination/time_out: 0.9481
       Episode_Termination/base_contact: 0.0519
--------------------------------------------------------------------------------
                         Iteration time: 5.87s
                           Time elapsed: 00:43:25
                                    ETA: 01:48:24

################################################################################
[1m                          Learning iteration 429/1500                           [0m 

                            Total steps: 42270720 
                       Steps per second: 16703 
                        Collection time: 5.608s 
                          Learning time: 0.277s 
                        Mean value loss: 0.0366
                    Mean surrogate loss: -0.0014
                      Mean entropy loss: 13.3699
                            Mean reward: 15.41
                    Mean episode length: 989.17
                        Mean action std: 0.78
    Episode_Reward/track_lin_vel_xy_exp: 0.3921
     Episode_Reward/track_ang_vel_z_exp: 0.5224
            Episode_Reward/lin_vel_z_l2: 0.0000
           Episode_Reward/ang_vel_xy_l2: -0.0968
          Episode_Reward/dof_torques_l2: -0.0768
              Episode_Reward/dof_acc_l2: -0.1757
          Episode_Reward/action_rate_l2: -0.1627
      Episode_Reward/undesired_contacts: -0.0041
     Episode_Reward/flat_orientation_l2: -0.3566
          Episode_Reward/dof_pos_limits: 0.0000
   Episode_Reward/disabled_legs_contact: -0.0038
    Episode_Reward/disabled_legs_height: 0.6297
     Episode_Reward/single_leg_air_time: -0.0014
         Episode_Reward/base_height_exp: 0.0823
              Curriculum/terrain_levels: 0.0000
                   Metrics/success_rate: 0.1007
     Metrics/base_velocity/error_vel_xy: 0.7892
    Metrics/base_velocity/error_vel_yaw: 0.2961
           Episode_Termination/time_out: 0.9505
       Episode_Termination/base_contact: 0.0495
--------------------------------------------------------------------------------
                         Iteration time: 5.89s
                           Time elapsed: 00:43:31
                                    ETA: 01:48:18

################################################################################
[1m                          Learning iteration 430/1500                           [0m 

                            Total steps: 42369024 
                       Steps per second: 16676 
                        Collection time: 5.618s 
                          Learning time: 0.277s 
                        Mean value loss: 0.0386
                    Mean surrogate loss: -0.0026
                      Mean entropy loss: 13.3722
                            Mean reward: 17.20
                    Mean episode length: 997.59
                        Mean action std: 0.78
    Episode_Reward/track_lin_vel_xy_exp: 0.4465
     Episode_Reward/track_ang_vel_z_exp: 0.5253
            Episode_Reward/lin_vel_z_l2: 0.0000
           Episode_Reward/ang_vel_xy_l2: -0.0968
          Episode_Reward/dof_torques_l2: -0.0762
              Episode_Reward/dof_acc_l2: -0.1779
          Episode_Reward/action_rate_l2: -0.1631
      Episode_Reward/undesired_contacts: -0.0044
     Episode_Reward/flat_orientation_l2: -0.3660
          Episode_Reward/dof_pos_limits: 0.0000
   Episode_Reward/disabled_legs_contact: -0.0045
    Episode_Reward/disabled_legs_height: 0.6000
     Episode_Reward/single_leg_air_time: -0.0014
         Episode_Reward/base_height_exp: 0.1018
              Curriculum/terrain_levels: 0.0000
                   Metrics/success_rate: 0.1575
     Metrics/base_velocity/error_vel_xy: 0.7522
    Metrics/base_velocity/error_vel_yaw: 0.2943
           Episode_Termination/time_out: 0.9525
       Episode_Termination/base_contact: 0.0475
--------------------------------------------------------------------------------
                         Iteration time: 5.89s
                           Time elapsed: 00:43:37
                                    ETA: 01:48:11

################################################################################
[1m                          Learning iteration 431/1500                           [0m 

                            Total steps: 42467328 
                       Steps per second: 16675 
                        Collection time: 5.619s 
                          Learning time: 0.276s 
                        Mean value loss: 0.0421
                    Mean surrogate loss: 0.0003
                      Mean entropy loss: 13.3719
                            Mean reward: 15.26
                    Mean episode length: 977.98
                        Mean action std: 0.78
    Episode_Reward/track_lin_vel_xy_exp: 0.4360
     Episode_Reward/track_ang_vel_z_exp: 0.5137
            Episode_Reward/lin_vel_z_l2: 0.0000
           Episode_Reward/ang_vel_xy_l2: -0.0950
          Episode_Reward/dof_torques_l2: -0.0747
              Episode_Reward/dof_acc_l2: -0.1753
          Episode_Reward/action_rate_l2: -0.1601
      Episode_Reward/undesired_contacts: -0.0068
     Episode_Reward/flat_orientation_l2: -0.3630
          Episode_Reward/dof_pos_limits: 0.0000
   Episode_Reward/disabled_legs_contact: -0.0037
    Episode_Reward/disabled_legs_height: 0.5895
     Episode_Reward/single_leg_air_time: -0.0014
         Episode_Reward/base_height_exp: 0.1091
              Curriculum/terrain_levels: 0.0000
                   Metrics/success_rate: 0.1032
     Metrics/base_velocity/error_vel_xy: 0.7396
    Metrics/base_velocity/error_vel_yaw: 0.3053
           Episode_Termination/time_out: 0.9545
       Episode_Termination/base_contact: 0.0455
--------------------------------------------------------------------------------
                         Iteration time: 5.90s
                           Time elapsed: 00:43:43
                                    ETA: 01:48:05

################################################################################
[1m                          Learning iteration 432/1500                           [0m 

                            Total steps: 42565632 
                       Steps per second: 16708 
                        Collection time: 5.608s 
                          Learning time: 0.275s 
                        Mean value loss: 0.0384
                    Mean surrogate loss: -0.0009
                      Mean entropy loss: 13.3689
                            Mean reward: 17.04
                    Mean episode length: 981.23
                        Mean action std: 0.78
    Episode_Reward/track_lin_vel_xy_exp: 0.4397
     Episode_Reward/track_ang_vel_z_exp: 0.5087
            Episode_Reward/lin_vel_z_l2: 0.0000
           Episode_Reward/ang_vel_xy_l2: -0.0957
          Episode_Reward/dof_torques_l2: -0.0743
              Episode_Reward/dof_acc_l2: -0.1757
          Episode_Reward/action_rate_l2: -0.1588
      Episode_Reward/undesired_contacts: -0.0085
     Episode_Reward/flat_orientation_l2: -0.3597
          Episode_Reward/dof_pos_limits: 0.0000
   Episode_Reward/disabled_legs_contact: -0.0068
    Episode_Reward/disabled_legs_height: 0.6733
     Episode_Reward/single_leg_air_time: -0.0014
         Episode_Reward/base_height_exp: 0.1411
              Curriculum/terrain_levels: 0.0000
                   Metrics/success_rate: 0.1073
     Metrics/base_velocity/error_vel_xy: 0.7488
    Metrics/base_velocity/error_vel_yaw: 0.3171
           Episode_Termination/time_out: 0.9561
       Episode_Termination/base_contact: 0.0439
--------------------------------------------------------------------------------
                         Iteration time: 5.88s
                           Time elapsed: 00:43:49
                                    ETA: 01:47:58

################################################################################
[1m                          Learning iteration 433/1500                           [0m 

                            Total steps: 42663936 
                       Steps per second: 16766 
                        Collection time: 5.587s 
                          Learning time: 0.276s 
                        Mean value loss: 0.0312
                    Mean surrogate loss: 0.0028
                      Mean entropy loss: 13.3626
                            Mean reward: 19.18
                    Mean episode length: 991.07
                        Mean action std: 0.78
    Episode_Reward/track_lin_vel_xy_exp: 0.3973
     Episode_Reward/track_ang_vel_z_exp: 0.5167
            Episode_Reward/lin_vel_z_l2: 0.0000
           Episode_Reward/ang_vel_xy_l2: -0.0956
          Episode_Reward/dof_torques_l2: -0.0757
              Episode_Reward/dof_acc_l2: -0.1755
          Episode_Reward/action_rate_l2: -0.1604
      Episode_Reward/undesired_contacts: -0.0046
     Episode_Reward/flat_orientation_l2: -0.3597
          Episode_Reward/dof_pos_limits: 0.0000
   Episode_Reward/disabled_legs_contact: -0.0049
    Episode_Reward/disabled_legs_height: 0.7136
     Episode_Reward/single_leg_air_time: -0.0014
         Episode_Reward/base_height_exp: 0.1194
              Curriculum/terrain_levels: 0.0000
                   Metrics/success_rate: 0.0993
     Metrics/base_velocity/error_vel_xy: 0.7663
    Metrics/base_velocity/error_vel_yaw: 0.2991
           Episode_Termination/time_out: 0.9573
       Episode_Termination/base_contact: 0.0427
--------------------------------------------------------------------------------
                         Iteration time: 5.86s
                           Time elapsed: 00:43:54
                                    ETA: 01:47:51

################################################################################
[1m                          Learning iteration 434/1500                           [0m 

                            Total steps: 42762240 
                       Steps per second: 16731 
                        Collection time: 5.599s 
                          Learning time: 0.276s 
                        Mean value loss: 0.0286
                    Mean surrogate loss: -0.0029
                      Mean entropy loss: 13.3571
                            Mean reward: 17.39
                    Mean episode length: 989.74
                        Mean action std: 0.78
    Episode_Reward/track_lin_vel_xy_exp: 0.4294
     Episode_Reward/track_ang_vel_z_exp: 0.5225
            Episode_Reward/lin_vel_z_l2: 0.0000
           Episode_Reward/ang_vel_xy_l2: -0.0965
          Episode_Reward/dof_torques_l2: -0.0757
              Episode_Reward/dof_acc_l2: -0.1735
          Episode_Reward/action_rate_l2: -0.1606
      Episode_Reward/undesired_contacts: -0.0026
     Episode_Reward/flat_orientation_l2: -0.3642
          Episode_Reward/dof_pos_limits: 0.0000
   Episode_Reward/disabled_legs_contact: -0.0032
    Episode_Reward/disabled_legs_height: 0.6865
     Episode_Reward/single_leg_air_time: -0.0015
         Episode_Reward/base_height_exp: 0.1293
              Curriculum/terrain_levels: 0.0000
                   Metrics/success_rate: 0.1554
     Metrics/base_velocity/error_vel_xy: 0.7575
    Metrics/base_velocity/error_vel_yaw: 0.2936
           Episode_Termination/time_out: 0.9590
       Episode_Termination/base_contact: 0.0410
--------------------------------------------------------------------------------
                         Iteration time: 5.88s
                           Time elapsed: 00:44:00
                                    ETA: 01:47:45

################################################################################
[1m                          Learning iteration 435/1500                           [0m 

                            Total steps: 42860544 
                       Steps per second: 16878 
                        Collection time: 5.539s 
                          Learning time: 0.286s 
                        Mean value loss: 0.0243
                    Mean surrogate loss: 0.0003
                      Mean entropy loss: 13.3560
                            Mean reward: 16.44
                    Mean episode length: 995.64
                        Mean action std: 0.78
    Episode_Reward/track_lin_vel_xy_exp: 0.4267
     Episode_Reward/track_ang_vel_z_exp: 0.5158
            Episode_Reward/lin_vel_z_l2: 0.0000
           Episode_Reward/ang_vel_xy_l2: -0.0971
          Episode_Reward/dof_torques_l2: -0.0765
              Episode_Reward/dof_acc_l2: -0.1779
          Episode_Reward/action_rate_l2: -0.1622
      Episode_Reward/undesired_contacts: -0.0025
     Episode_Reward/flat_orientation_l2: -0.3596
          Episode_Reward/dof_pos_limits: 0.0000
   Episode_Reward/disabled_legs_contact: -0.0083
    Episode_Reward/disabled_legs_height: 0.6709
     Episode_Reward/single_leg_air_time: -0.0015
         Episode_Reward/base_height_exp: 0.1295
              Curriculum/terrain_levels: 0.0000
                   Metrics/success_rate: 0.1428
     Metrics/base_velocity/error_vel_xy: 0.7408
    Metrics/base_velocity/error_vel_yaw: 0.3017
           Episode_Termination/time_out: 0.9599
       Episode_Termination/base_contact: 0.0401
--------------------------------------------------------------------------------
                         Iteration time: 5.82s
                           Time elapsed: 00:44:06
                                    ETA: 01:47:38

################################################################################
[1m                          Learning iteration 436/1500                           [0m 

                            Total steps: 42958848 
                       Steps per second: 17032 
                        Collection time: 5.494s 
                          Learning time: 0.277s 
                        Mean value loss: 0.0305
                    Mean surrogate loss: -0.0003
                      Mean entropy loss: 13.3552
                            Mean reward: 18.49
                    Mean episode length: 1000.00
                        Mean action std: 0.78
    Episode_Reward/track_lin_vel_xy_exp: 0.4049
     Episode_Reward/track_ang_vel_z_exp: 0.5220
            Episode_Reward/lin_vel_z_l2: 0.0000
           Episode_Reward/ang_vel_xy_l2: -0.0991
          Episode_Reward/dof_torques_l2: -0.0764
              Episode_Reward/dof_acc_l2: -0.1748
          Episode_Reward/action_rate_l2: -0.1626
      Episode_Reward/undesired_contacts: -0.0045
     Episode_Reward/flat_orientation_l2: -0.3755
          Episode_Reward/dof_pos_limits: 0.0000
   Episode_Reward/disabled_legs_contact: -0.0057
    Episode_Reward/disabled_legs_height: 0.7307
     Episode_Reward/single_leg_air_time: -0.0015
         Episode_Reward/base_height_exp: 0.1177
              Curriculum/terrain_levels: 0.0000
                   Metrics/success_rate: 0.1066
     Metrics/base_velocity/error_vel_xy: 0.7484
    Metrics/base_velocity/error_vel_yaw: 0.2988
           Episode_Termination/time_out: 0.9609
       Episode_Termination/base_contact: 0.0391
--------------------------------------------------------------------------------
                         Iteration time: 5.77s
                           Time elapsed: 00:44:12
                                    ETA: 01:47:31

################################################################################
[1m                          Learning iteration 437/1500                           [0m 

                            Total steps: 43057152 
                       Steps per second: 16985 
                        Collection time: 5.512s 
                          Learning time: 0.276s 
                        Mean value loss: 0.0309
                    Mean surrogate loss: -0.0012
                      Mean entropy loss: 13.3602
                            Mean reward: 16.77
                    Mean episode length: 996.04
                        Mean action std: 0.78
    Episode_Reward/track_lin_vel_xy_exp: 0.4499
     Episode_Reward/track_ang_vel_z_exp: 0.5244
            Episode_Reward/lin_vel_z_l2: 0.0000
           Episode_Reward/ang_vel_xy_l2: -0.0949
          Episode_Reward/dof_torques_l2: -0.0771
              Episode_Reward/dof_acc_l2: -0.1719
          Episode_Reward/action_rate_l2: -0.1618
      Episode_Reward/undesired_contacts: -0.0044
     Episode_Reward/flat_orientation_l2: -0.3695
          Episode_Reward/dof_pos_limits: 0.0000
   Episode_Reward/disabled_legs_contact: -0.0040
    Episode_Reward/disabled_legs_height: 0.6646
     Episode_Reward/single_leg_air_time: -0.0014
         Episode_Reward/base_height_exp: 0.0976
              Curriculum/terrain_levels: 0.0000
                   Metrics/success_rate: 0.1390
     Metrics/base_velocity/error_vel_xy: 0.7527
    Metrics/base_velocity/error_vel_yaw: 0.2949
           Episode_Termination/time_out: 0.9622
       Episode_Termination/base_contact: 0.0378
--------------------------------------------------------------------------------
                         Iteration time: 5.79s
                           Time elapsed: 00:44:18
                                    ETA: 01:47:25

################################################################################
[1m                          Learning iteration 438/1500                           [0m 

                            Total steps: 43155456 
                       Steps per second: 16800 
                        Collection time: 5.574s 
                          Learning time: 0.277s 
                        Mean value loss: 0.0264
                    Mean surrogate loss: -0.0000
                      Mean entropy loss: 13.3597
                            Mean reward: 17.10
                    Mean episode length: 993.62
                        Mean action std: 0.78
    Episode_Reward/track_lin_vel_xy_exp: 0.4102
     Episode_Reward/track_ang_vel_z_exp: 0.5212
            Episode_Reward/lin_vel_z_l2: 0.0000
           Episode_Reward/ang_vel_xy_l2: -0.0961
          Episode_Reward/dof_torques_l2: -0.0765
              Episode_Reward/dof_acc_l2: -0.1745
          Episode_Reward/action_rate_l2: -0.1618
      Episode_Reward/undesired_contacts: -0.0060
     Episode_Reward/flat_orientation_l2: -0.3564
          Episode_Reward/dof_pos_limits: 0.0000
   Episode_Reward/disabled_legs_contact: -0.0071
    Episode_Reward/disabled_legs_height: 0.6750
     Episode_Reward/single_leg_air_time: -0.0016
         Episode_Reward/base_height_exp: 0.1293
              Curriculum/terrain_levels: 0.0000
                   Metrics/success_rate: 0.1355
     Metrics/base_velocity/error_vel_xy: 0.7573
    Metrics/base_velocity/error_vel_yaw: 0.2971
           Episode_Termination/time_out: 0.9642
       Episode_Termination/base_contact: 0.0358
--------------------------------------------------------------------------------
                         Iteration time: 5.85s
                           Time elapsed: 00:44:24
                                    ETA: 01:47:18

################################################################################
[1m                          Learning iteration 439/1500                           [0m 

                            Total steps: 43253760 
                       Steps per second: 16748 
                        Collection time: 5.591s 
                          Learning time: 0.278s 
                        Mean value loss: 0.0257
                    Mean surrogate loss: -0.0017
                      Mean entropy loss: 13.3620
                            Mean reward: 16.88
                    Mean episode length: 993.62
                        Mean action std: 0.78
    Episode_Reward/track_lin_vel_xy_exp: 0.4125
     Episode_Reward/track_ang_vel_z_exp: 0.5229
            Episode_Reward/lin_vel_z_l2: 0.0000
           Episode_Reward/ang_vel_xy_l2: -0.0968
          Episode_Reward/dof_torques_l2: -0.0775
              Episode_Reward/dof_acc_l2: -0.1777
          Episode_Reward/action_rate_l2: -0.1637
      Episode_Reward/undesired_contacts: -0.0115
     Episode_Reward/flat_orientation_l2: -0.3512
          Episode_Reward/dof_pos_limits: 0.0000
   Episode_Reward/disabled_legs_contact: -0.0039
    Episode_Reward/disabled_legs_height: 0.6908
     Episode_Reward/single_leg_air_time: -0.0015
         Episode_Reward/base_height_exp: 0.1182
              Curriculum/terrain_levels: 0.0000
                   Metrics/success_rate: 0.0962
     Metrics/base_velocity/error_vel_xy: 0.7697
    Metrics/base_velocity/error_vel_yaw: 0.2977
           Episode_Termination/time_out: 0.9658
       Episode_Termination/base_contact: 0.0342
--------------------------------------------------------------------------------
                         Iteration time: 5.87s
                           Time elapsed: 00:44:29
                                    ETA: 01:47:11

################################################################################
[1m                          Learning iteration 440/1500                           [0m 

                            Total steps: 43352064 
                       Steps per second: 17016 
                        Collection time: 5.500s 
                          Learning time: 0.276s 
                        Mean value loss: 0.0304
                    Mean surrogate loss: 0.0007
                      Mean entropy loss: 13.3663
                            Mean reward: 17.40
                    Mean episode length: 995.60
                        Mean action std: 0.78
    Episode_Reward/track_lin_vel_xy_exp: 0.4162
     Episode_Reward/track_ang_vel_z_exp: 0.5195
            Episode_Reward/lin_vel_z_l2: 0.0000
           Episode_Reward/ang_vel_xy_l2: -0.0954
          Episode_Reward/dof_torques_l2: -0.0763
              Episode_Reward/dof_acc_l2: -0.1743
          Episode_Reward/action_rate_l2: -0.1618
      Episode_Reward/undesired_contacts: -0.0047
     Episode_Reward/flat_orientation_l2: -0.3540
          Episode_Reward/dof_pos_limits: 0.0000
   Episode_Reward/disabled_legs_contact: -0.0075
    Episode_Reward/disabled_legs_height: 0.6634
     Episode_Reward/single_leg_air_time: -0.0015
         Episode_Reward/base_height_exp: 0.1275
              Curriculum/terrain_levels: 0.0000
                   Metrics/success_rate: 0.0938
     Metrics/base_velocity/error_vel_xy: 0.7734
    Metrics/base_velocity/error_vel_yaw: 0.2991
           Episode_Termination/time_out: 0.9662
       Episode_Termination/base_contact: 0.0338
--------------------------------------------------------------------------------
                         Iteration time: 5.78s
                           Time elapsed: 00:44:35
                                    ETA: 01:47:05

################################################################################
[1m                          Learning iteration 441/1500                           [0m 

                            Total steps: 43450368 
                       Steps per second: 16929 
                        Collection time: 5.523s 
                          Learning time: 0.283s 
                        Mean value loss: 0.0330
                    Mean surrogate loss: -0.0018
                      Mean entropy loss: 13.3643
                            Mean reward: 19.29
                    Mean episode length: 1000.00
                        Mean action std: 0.78
    Episode_Reward/track_lin_vel_xy_exp: 0.4253
     Episode_Reward/track_ang_vel_z_exp: 0.5264
            Episode_Reward/lin_vel_z_l2: 0.0000
           Episode_Reward/ang_vel_xy_l2: -0.0953
          Episode_Reward/dof_torques_l2: -0.0765
              Episode_Reward/dof_acc_l2: -0.1762
          Episode_Reward/action_rate_l2: -0.1623
      Episode_Reward/undesired_contacts: -0.0085
     Episode_Reward/flat_orientation_l2: -0.3634
          Episode_Reward/dof_pos_limits: 0.0000
   Episode_Reward/disabled_legs_contact: -0.0027
    Episode_Reward/disabled_legs_height: 0.7602
     Episode_Reward/single_leg_air_time: -0.0015
         Episode_Reward/base_height_exp: 0.1546
              Curriculum/terrain_levels: 0.0000
                   Metrics/success_rate: 0.1861
     Metrics/base_velocity/error_vel_xy: 0.7488
    Metrics/base_velocity/error_vel_yaw: 0.2937
           Episode_Termination/time_out: 0.9681
       Episode_Termination/base_contact: 0.0319
--------------------------------------------------------------------------------
                         Iteration time: 5.81s
                           Time elapsed: 00:44:41
                                    ETA: 01:46:58

################################################################################
[1m                          Learning iteration 442/1500                           [0m 

                            Total steps: 43548672 
                       Steps per second: 16892 
                        Collection time: 5.536s 
                          Learning time: 0.283s 
                        Mean value loss: 0.0322
                    Mean surrogate loss: 0.0005
                      Mean entropy loss: 13.3577
                            Mean reward: 19.09
                    Mean episode length: 994.07
                        Mean action std: 0.78
    Episode_Reward/track_lin_vel_xy_exp: 0.4833
     Episode_Reward/track_ang_vel_z_exp: 0.5162
            Episode_Reward/lin_vel_z_l2: 0.0000
           Episode_Reward/ang_vel_xy_l2: -0.0998
          Episode_Reward/dof_torques_l2: -0.0768
              Episode_Reward/dof_acc_l2: -0.1782
          Episode_Reward/action_rate_l2: -0.1625
      Episode_Reward/undesired_contacts: -0.0084
     Episode_Reward/flat_orientation_l2: -0.3490
          Episode_Reward/dof_pos_limits: 0.0000
   Episode_Reward/disabled_legs_contact: -0.0069
    Episode_Reward/disabled_legs_height: 0.6875
     Episode_Reward/single_leg_air_time: -0.0014
         Episode_Reward/base_height_exp: 0.1211
              Curriculum/terrain_levels: 0.0000
                   Metrics/success_rate: 0.1236
     Metrics/base_velocity/error_vel_xy: 0.7245
    Metrics/base_velocity/error_vel_yaw: 0.3020
           Episode_Termination/time_out: 0.9704
       Episode_Termination/base_contact: 0.0296
--------------------------------------------------------------------------------
                         Iteration time: 5.82s
                           Time elapsed: 00:44:47
                                    ETA: 01:46:51

################################################################################
[1m                          Learning iteration 443/1500                           [0m 

                            Total steps: 43646976 
                       Steps per second: 16767 
                        Collection time: 5.584s 
                          Learning time: 0.279s 
                        Mean value loss: 0.0314
                    Mean surrogate loss: -0.0007
                      Mean entropy loss: 13.3606
                            Mean reward: 17.57
                    Mean episode length: 996.16
                        Mean action std: 0.78
    Episode_Reward/track_lin_vel_xy_exp: 0.4452
     Episode_Reward/track_ang_vel_z_exp: 0.5242
            Episode_Reward/lin_vel_z_l2: 0.0000
           Episode_Reward/ang_vel_xy_l2: -0.0987
          Episode_Reward/dof_torques_l2: -0.0761
              Episode_Reward/dof_acc_l2: -0.1760
          Episode_Reward/action_rate_l2: -0.1624
      Episode_Reward/undesired_contacts: -0.0065
     Episode_Reward/flat_orientation_l2: -0.3630
          Episode_Reward/dof_pos_limits: 0.0000
   Episode_Reward/disabled_legs_contact: -0.0038
    Episode_Reward/disabled_legs_height: 0.6904
     Episode_Reward/single_leg_air_time: -0.0015
         Episode_Reward/base_height_exp: 0.1070
              Curriculum/terrain_levels: 0.0000
                   Metrics/success_rate: 0.1278
     Metrics/base_velocity/error_vel_xy: 0.7570
    Metrics/base_velocity/error_vel_yaw: 0.2958
           Episode_Termination/time_out: 0.9717
       Episode_Termination/base_contact: 0.0283
--------------------------------------------------------------------------------
                         Iteration time: 5.86s
                           Time elapsed: 00:44:53
                                    ETA: 01:46:45

################################################################################
[1m                          Learning iteration 444/1500                           [0m 

                            Total steps: 43745280 
                       Steps per second: 16800 
                        Collection time: 5.573s 
                          Learning time: 0.278s 
                        Mean value loss: 0.0319
                    Mean surrogate loss: 0.0050
                      Mean entropy loss: 13.3628
                            Mean reward: 17.24
                    Mean episode length: 992.34
                        Mean action std: 0.78
    Episode_Reward/track_lin_vel_xy_exp: 0.4082
     Episode_Reward/track_ang_vel_z_exp: 0.5171
            Episode_Reward/lin_vel_z_l2: 0.0000
           Episode_Reward/ang_vel_xy_l2: -0.0980
          Episode_Reward/dof_torques_l2: -0.0752
              Episode_Reward/dof_acc_l2: -0.1775
          Episode_Reward/action_rate_l2: -0.1613
      Episode_Reward/undesired_contacts: -0.0076
     Episode_Reward/flat_orientation_l2: -0.3613
          Episode_Reward/dof_pos_limits: 0.0000
   Episode_Reward/disabled_legs_contact: -0.0043
    Episode_Reward/disabled_legs_height: 0.7355
     Episode_Reward/single_leg_air_time: -0.0016
         Episode_Reward/base_height_exp: 0.1345
              Curriculum/terrain_levels: 0.0000
                   Metrics/success_rate: 0.1032
     Metrics/base_velocity/error_vel_xy: 0.7531
    Metrics/base_velocity/error_vel_yaw: 0.3009
           Episode_Termination/time_out: 0.9731
       Episode_Termination/base_contact: 0.0269
--------------------------------------------------------------------------------
                         Iteration time: 5.85s
                           Time elapsed: 00:44:58
                                    ETA: 01:46:38

################################################################################
[1m                          Learning iteration 445/1500                           [0m 

                            Total steps: 43843584 
                       Steps per second: 16843 
                        Collection time: 5.550s 
                          Learning time: 0.286s 
                        Mean value loss: 0.0330
                    Mean surrogate loss: 0.0002
                      Mean entropy loss: 13.3625
                            Mean reward: 18.75
                    Mean episode length: 987.59
                        Mean action std: 0.78
    Episode_Reward/track_lin_vel_xy_exp: 0.4068
     Episode_Reward/track_ang_vel_z_exp: 0.5216
            Episode_Reward/lin_vel_z_l2: 0.0000
           Episode_Reward/ang_vel_xy_l2: -0.0949
          Episode_Reward/dof_torques_l2: -0.0759
              Episode_Reward/dof_acc_l2: -0.1742
          Episode_Reward/action_rate_l2: -0.1603
      Episode_Reward/undesired_contacts: -0.0039
     Episode_Reward/flat_orientation_l2: -0.3501
          Episode_Reward/dof_pos_limits: 0.0000
   Episode_Reward/disabled_legs_contact: -0.0041
    Episode_Reward/disabled_legs_height: 0.6852
     Episode_Reward/single_leg_air_time: -0.0016
         Episode_Reward/base_height_exp: 0.1208
              Curriculum/terrain_levels: 0.0000
                   Metrics/success_rate: 0.1230
     Metrics/base_velocity/error_vel_xy: 0.7691
    Metrics/base_velocity/error_vel_yaw: 0.2984
           Episode_Termination/time_out: 0.9745
       Episode_Termination/base_contact: 0.0255
--------------------------------------------------------------------------------
                         Iteration time: 5.84s
                           Time elapsed: 00:45:04
                                    ETA: 01:46:32

################################################################################
[1m                          Learning iteration 446/1500                           [0m 

                            Total steps: 43941888 
                       Steps per second: 16664 
                        Collection time: 5.614s 
                          Learning time: 0.285s 
                        Mean value loss: 0.0325
                    Mean surrogate loss: -0.0028
                      Mean entropy loss: 13.3586
                            Mean reward: 17.57
                    Mean episode length: 954.32
                        Mean action std: 0.78
    Episode_Reward/track_lin_vel_xy_exp: 0.3838
     Episode_Reward/track_ang_vel_z_exp: 0.4870
            Episode_Reward/lin_vel_z_l2: 0.0000
           Episode_Reward/ang_vel_xy_l2: -0.0917
          Episode_Reward/dof_torques_l2: -0.0718
              Episode_Reward/dof_acc_l2: -0.1601
          Episode_Reward/action_rate_l2: -0.1501
      Episode_Reward/undesired_contacts: -0.0020
     Episode_Reward/flat_orientation_l2: -0.3335
          Episode_Reward/dof_pos_limits: 0.0000
   Episode_Reward/disabled_legs_contact: -0.0022
    Episode_Reward/disabled_legs_height: 0.6478
     Episode_Reward/single_leg_air_time: -0.0013
         Episode_Reward/base_height_exp: 0.1003
              Curriculum/terrain_levels: 0.0000
                   Metrics/success_rate: 0.0526
     Metrics/base_velocity/error_vel_xy: 0.7512
    Metrics/base_velocity/error_vel_yaw: 0.3383
           Episode_Termination/time_out: 0.9750
       Episode_Termination/base_contact: 0.0250
--------------------------------------------------------------------------------
                         Iteration time: 5.90s
                           Time elapsed: 00:45:10
                                    ETA: 01:46:25

################################################################################
[1m                          Learning iteration 447/1500                           [0m 

                            Total steps: 44040192 
                       Steps per second: 16474 
                        Collection time: 5.673s 
                          Learning time: 0.294s 
                        Mean value loss: 0.0344
                    Mean surrogate loss: 0.0005
                      Mean entropy loss: 13.3597
                            Mean reward: 19.15
                    Mean episode length: 965.25
                        Mean action std: 0.78
    Episode_Reward/track_lin_vel_xy_exp: 0.4717
     Episode_Reward/track_ang_vel_z_exp: 0.5222
            Episode_Reward/lin_vel_z_l2: 0.0000
           Episode_Reward/ang_vel_xy_l2: -0.0970
          Episode_Reward/dof_torques_l2: -0.0760
              Episode_Reward/dof_acc_l2: -0.1756
          Episode_Reward/action_rate_l2: -0.1591
      Episode_Reward/undesired_contacts: -0.0025
     Episode_Reward/flat_orientation_l2: -0.3505
          Episode_Reward/dof_pos_limits: 0.0000
   Episode_Reward/disabled_legs_contact: -0.0047
    Episode_Reward/disabled_legs_height: 0.7166
     Episode_Reward/single_leg_air_time: -0.0015
         Episode_Reward/base_height_exp: 0.1142
              Curriculum/terrain_levels: 0.0000
                   Metrics/success_rate: 0.1142
     Metrics/base_velocity/error_vel_xy: 0.7239
    Metrics/base_velocity/error_vel_yaw: 0.2920
           Episode_Termination/time_out: 0.9744
       Episode_Termination/base_contact: 0.0256
--------------------------------------------------------------------------------
                         Iteration time: 5.97s
                           Time elapsed: 00:45:16
                                    ETA: 01:46:19

################################################################################
[1m                          Learning iteration 448/1500                           [0m 

                            Total steps: 44138496 
                       Steps per second: 16695 
                        Collection time: 5.594s 
                          Learning time: 0.294s 
                        Mean value loss: 0.0408
                    Mean surrogate loss: -0.0009
                      Mean entropy loss: 13.3667
                            Mean reward: 17.32
                    Mean episode length: 987.57
                        Mean action std: 0.78
    Episode_Reward/track_lin_vel_xy_exp: 0.3993
     Episode_Reward/track_ang_vel_z_exp: 0.5133
            Episode_Reward/lin_vel_z_l2: 0.0000
           Episode_Reward/ang_vel_xy_l2: -0.0964
          Episode_Reward/dof_torques_l2: -0.0765
              Episode_Reward/dof_acc_l2: -0.1755
          Episode_Reward/action_rate_l2: -0.1611
      Episode_Reward/undesired_contacts: -0.0066
     Episode_Reward/flat_orientation_l2: -0.3414
          Episode_Reward/dof_pos_limits: 0.0000
   Episode_Reward/disabled_legs_contact: -0.0091
    Episode_Reward/disabled_legs_height: 0.7226
     Episode_Reward/single_leg_air_time: -0.0015
         Episode_Reward/base_height_exp: 0.1382
              Curriculum/terrain_levels: 0.0000
                   Metrics/success_rate: 0.0813
     Metrics/base_velocity/error_vel_xy: 0.7613
    Metrics/base_velocity/error_vel_yaw: 0.3014
           Episode_Termination/time_out: 0.9741
       Episode_Termination/base_contact: 0.0259
--------------------------------------------------------------------------------
                         Iteration time: 5.89s
                           Time elapsed: 00:45:22
                                    ETA: 01:46:12

################################################################################
[1m                          Learning iteration 449/1500                           [0m 

                            Total steps: 44236800 
                       Steps per second: 16692 
                        Collection time: 5.603s 
                          Learning time: 0.286s 
                        Mean value loss: 0.0399
                    Mean surrogate loss: 0.0024
                      Mean entropy loss: 13.3781
                            Mean reward: 17.15
                    Mean episode length: 970.56
                        Mean action std: 0.78
    Episode_Reward/track_lin_vel_xy_exp: 0.3908
     Episode_Reward/track_ang_vel_z_exp: 0.5147
            Episode_Reward/lin_vel_z_l2: 0.0000
           Episode_Reward/ang_vel_xy_l2: -0.0964
          Episode_Reward/dof_torques_l2: -0.0755
              Episode_Reward/dof_acc_l2: -0.1712
          Episode_Reward/action_rate_l2: -0.1591
      Episode_Reward/undesired_contacts: -0.0058
     Episode_Reward/flat_orientation_l2: -0.3457
          Episode_Reward/dof_pos_limits: 0.0000
   Episode_Reward/disabled_legs_contact: -0.0039
    Episode_Reward/disabled_legs_height: 0.7205
     Episode_Reward/single_leg_air_time: -0.0016
         Episode_Reward/base_height_exp: 0.1337
              Curriculum/terrain_levels: 0.0000
                   Metrics/success_rate: 0.1184
     Metrics/base_velocity/error_vel_xy: 0.7569
    Metrics/base_velocity/error_vel_yaw: 0.2992
           Episode_Termination/time_out: 0.9742
       Episode_Termination/base_contact: 0.0258
--------------------------------------------------------------------------------
                         Iteration time: 5.89s
                           Time elapsed: 00:45:28
                                    ETA: 01:46:06

################################################################################
[1m                          Learning iteration 450/1500                           [0m 

                            Total steps: 44335104 
                       Steps per second: 16557 
                        Collection time: 5.656s 
                          Learning time: 0.281s 
                        Mean value loss: 0.0318
                    Mean surrogate loss: -0.0007
                      Mean entropy loss: 13.3855
                            Mean reward: 18.60
                    Mean episode length: 981.14
                        Mean action std: 0.78
    Episode_Reward/track_lin_vel_xy_exp: 0.4937
     Episode_Reward/track_ang_vel_z_exp: 0.5146
            Episode_Reward/lin_vel_z_l2: 0.0000
           Episode_Reward/ang_vel_xy_l2: -0.0940
          Episode_Reward/dof_torques_l2: -0.0776
              Episode_Reward/dof_acc_l2: -0.1736
          Episode_Reward/action_rate_l2: -0.1609
      Episode_Reward/undesired_contacts: -0.0055
     Episode_Reward/flat_orientation_l2: -0.3313
          Episode_Reward/dof_pos_limits: 0.0000
   Episode_Reward/disabled_legs_contact: -0.0083
    Episode_Reward/disabled_legs_height: 0.6280
     Episode_Reward/single_leg_air_time: -0.0013
         Episode_Reward/base_height_exp: 0.1147
              Curriculum/terrain_levels: 0.0000
                   Metrics/success_rate: 0.1927
     Metrics/base_velocity/error_vel_xy: 0.7010
    Metrics/base_velocity/error_vel_yaw: 0.2989
           Episode_Termination/time_out: 0.9749
       Episode_Termination/base_contact: 0.0251
--------------------------------------------------------------------------------
                         Iteration time: 5.94s
                           Time elapsed: 00:45:34
                                    ETA: 01:46:00

################################################################################
[1m                          Learning iteration 451/1500                           [0m 

                            Total steps: 44433408 
                       Steps per second: 16947 
                        Collection time: 5.523s 
                          Learning time: 0.277s 
                        Mean value loss: 0.0362
                    Mean surrogate loss: 0.0013
                      Mean entropy loss: 13.3923
                            Mean reward: 16.89
                    Mean episode length: 981.50
                        Mean action std: 0.78
    Episode_Reward/track_lin_vel_xy_exp: 0.4443
     Episode_Reward/track_ang_vel_z_exp: 0.5178
            Episode_Reward/lin_vel_z_l2: 0.0000
           Episode_Reward/ang_vel_xy_l2: -0.0964
          Episode_Reward/dof_torques_l2: -0.0787
              Episode_Reward/dof_acc_l2: -0.1734
          Episode_Reward/action_rate_l2: -0.1619
      Episode_Reward/undesired_contacts: -0.0071
     Episode_Reward/flat_orientation_l2: -0.3339
          Episode_Reward/dof_pos_limits: 0.0000
   Episode_Reward/disabled_legs_contact: -0.0123
    Episode_Reward/disabled_legs_height: 0.7037
     Episode_Reward/single_leg_air_time: -0.0014
         Episode_Reward/base_height_exp: 0.1237
              Curriculum/terrain_levels: 0.0000
                   Metrics/success_rate: 0.1146
     Metrics/base_velocity/error_vel_xy: 0.7409
    Metrics/base_velocity/error_vel_yaw: 0.3021
           Episode_Termination/time_out: 0.9759
       Episode_Termination/base_contact: 0.0241
--------------------------------------------------------------------------------
                         Iteration time: 5.80s
                           Time elapsed: 00:45:40
                                    ETA: 01:45:53

################################################################################
[1m                          Learning iteration 452/1500                           [0m 

                            Total steps: 44531712 
                       Steps per second: 16795 
                        Collection time: 5.576s 
                          Learning time: 0.277s 
                        Mean value loss: 0.0306
                    Mean surrogate loss: 0.0004
                      Mean entropy loss: 13.3969
                            Mean reward: 15.63
                    Mean episode length: 996.44
                        Mean action std: 0.78
    Episode_Reward/track_lin_vel_xy_exp: 0.3861
     Episode_Reward/track_ang_vel_z_exp: 0.5224
            Episode_Reward/lin_vel_z_l2: 0.0000
           Episode_Reward/ang_vel_xy_l2: -0.0973
          Episode_Reward/dof_torques_l2: -0.0781
              Episode_Reward/dof_acc_l2: -0.1777
          Episode_Reward/action_rate_l2: -0.1634
      Episode_Reward/undesired_contacts: -0.0011
     Episode_Reward/flat_orientation_l2: -0.3398
          Episode_Reward/dof_pos_limits: 0.0000
   Episode_Reward/disabled_legs_contact: -0.0108
    Episode_Reward/disabled_legs_height: 0.6378
     Episode_Reward/single_leg_air_time: -0.0015
         Episode_Reward/base_height_exp: 0.1164
              Curriculum/terrain_levels: 0.0000
                   Metrics/success_rate: 0.0712
     Metrics/base_velocity/error_vel_xy: 0.7786
    Metrics/base_velocity/error_vel_yaw: 0.2972
           Episode_Termination/time_out: 0.9764
       Episode_Termination/base_contact: 0.0236
--------------------------------------------------------------------------------
                         Iteration time: 5.85s
                           Time elapsed: 00:45:46
                                    ETA: 01:45:46

################################################################################
[1m                          Learning iteration 453/1500                           [0m 

                            Total steps: 44630016 
                       Steps per second: 16892 
                        Collection time: 5.543s 
                          Learning time: 0.277s 
                        Mean value loss: 0.0286
                    Mean surrogate loss: -0.0008
                      Mean entropy loss: 13.3980
                            Mean reward: 18.08
                    Mean episode length: 984.46
                        Mean action std: 0.78
    Episode_Reward/track_lin_vel_xy_exp: 0.3766
     Episode_Reward/track_ang_vel_z_exp: 0.5169
            Episode_Reward/lin_vel_z_l2: 0.0000
           Episode_Reward/ang_vel_xy_l2: -0.0969
          Episode_Reward/dof_torques_l2: -0.0790
              Episode_Reward/dof_acc_l2: -0.1755
          Episode_Reward/action_rate_l2: -0.1611
      Episode_Reward/undesired_contacts: -0.0057
     Episode_Reward/flat_orientation_l2: -0.3284
          Episode_Reward/dof_pos_limits: 0.0000
   Episode_Reward/disabled_legs_contact: -0.0222
    Episode_Reward/disabled_legs_height: 0.7074
     Episode_Reward/single_leg_air_time: -0.0014
         Episode_Reward/base_height_exp: 0.1172
              Curriculum/terrain_levels: 0.0000
                   Metrics/success_rate: 0.1146
     Metrics/base_velocity/error_vel_xy: 0.7828
    Metrics/base_velocity/error_vel_yaw: 0.2987
           Episode_Termination/time_out: 0.9769
       Episode_Termination/base_contact: 0.0231
--------------------------------------------------------------------------------
                         Iteration time: 5.82s
                           Time elapsed: 00:45:51
                                    ETA: 01:45:40

################################################################################
[1m                          Learning iteration 454/1500                           [0m 

                            Total steps: 44728320 
                       Steps per second: 17137 
                        Collection time: 5.458s 
                          Learning time: 0.278s 
                        Mean value loss: 0.0279
                    Mean surrogate loss: -0.0001
                      Mean entropy loss: 13.3993
                            Mean reward: 17.23
                    Mean episode length: 975.62
                        Mean action std: 0.78
    Episode_Reward/track_lin_vel_xy_exp: 0.3774
     Episode_Reward/track_ang_vel_z_exp: 0.5059
            Episode_Reward/lin_vel_z_l2: 0.0000
           Episode_Reward/ang_vel_xy_l2: -0.0951
          Episode_Reward/dof_torques_l2: -0.0770
              Episode_Reward/dof_acc_l2: -0.1732
          Episode_Reward/action_rate_l2: -0.1600
      Episode_Reward/undesired_contacts: -0.0106
     Episode_Reward/flat_orientation_l2: -0.3218
          Episode_Reward/dof_pos_limits: 0.0000
   Episode_Reward/disabled_legs_contact: -0.0078
    Episode_Reward/disabled_legs_height: 0.7398
     Episode_Reward/single_leg_air_time: -0.0014
         Episode_Reward/base_height_exp: 0.1229
              Curriculum/terrain_levels: 0.0000
                   Metrics/success_rate: 0.0675
     Metrics/base_velocity/error_vel_xy: 0.7633
    Metrics/base_velocity/error_vel_yaw: 0.3072
           Episode_Termination/time_out: 0.9768
       Episode_Termination/base_contact: 0.0232
--------------------------------------------------------------------------------
                         Iteration time: 5.74s
                           Time elapsed: 00:45:57
                                    ETA: 01:45:33

################################################################################
[1m                          Learning iteration 455/1500                           [0m 

                            Total steps: 44826624 
                       Steps per second: 16960 
                        Collection time: 5.519s 
                          Learning time: 0.277s 
                        Mean value loss: 0.0267
                    Mean surrogate loss: -0.0014
                      Mean entropy loss: 13.3975
                            Mean reward: 16.85
                    Mean episode length: 982.63
                        Mean action std: 0.78
    Episode_Reward/track_lin_vel_xy_exp: 0.4094
     Episode_Reward/track_ang_vel_z_exp: 0.5131
            Episode_Reward/lin_vel_z_l2: 0.0000
           Episode_Reward/ang_vel_xy_l2: -0.0968
          Episode_Reward/dof_torques_l2: -0.0759
              Episode_Reward/dof_acc_l2: -0.1751
          Episode_Reward/action_rate_l2: -0.1602
      Episode_Reward/undesired_contacts: -0.0026
     Episode_Reward/flat_orientation_l2: -0.3368
          Episode_Reward/dof_pos_limits: 0.0000
   Episode_Reward/disabled_legs_contact: -0.0047
    Episode_Reward/disabled_legs_height: 0.6140
     Episode_Reward/single_leg_air_time: -0.0016
         Episode_Reward/base_height_exp: 0.1249
              Curriculum/terrain_levels: 0.0000
                   Metrics/success_rate: 0.1604
     Metrics/base_velocity/error_vel_xy: 0.7599
    Metrics/base_velocity/error_vel_yaw: 0.3011
           Episode_Termination/time_out: 0.9770
       Episode_Termination/base_contact: 0.0230
--------------------------------------------------------------------------------
                         Iteration time: 5.80s
                           Time elapsed: 00:46:03
                                    ETA: 01:45:26

################################################################################
[1m                          Learning iteration 456/1500                           [0m 

                            Total steps: 44924928 
                       Steps per second: 17076 
                        Collection time: 5.473s 
                          Learning time: 0.284s 
                        Mean value loss: 0.0270
                    Mean surrogate loss: -0.0029
                      Mean entropy loss: 13.3906
                            Mean reward: 15.65
                    Mean episode length: 973.13
                        Mean action std: 0.78
    Episode_Reward/track_lin_vel_xy_exp: 0.3605
     Episode_Reward/track_ang_vel_z_exp: 0.5111
            Episode_Reward/lin_vel_z_l2: 0.0000
           Episode_Reward/ang_vel_xy_l2: -0.0976
          Episode_Reward/dof_torques_l2: -0.0773
              Episode_Reward/dof_acc_l2: -0.1757
          Episode_Reward/action_rate_l2: -0.1606
      Episode_Reward/undesired_contacts: -0.0053
     Episode_Reward/flat_orientation_l2: -0.3377
          Episode_Reward/dof_pos_limits: 0.0000
   Episode_Reward/disabled_legs_contact: -0.0070
    Episode_Reward/disabled_legs_height: 0.6538
     Episode_Reward/single_leg_air_time: -0.0015
         Episode_Reward/base_height_exp: 0.1366
              Curriculum/terrain_levels: 0.0000
                   Metrics/success_rate: 0.0604
     Metrics/base_velocity/error_vel_xy: 0.7855
    Metrics/base_velocity/error_vel_yaw: 0.3087
           Episode_Termination/time_out: 0.9777
       Episode_Termination/base_contact: 0.0223
--------------------------------------------------------------------------------
                         Iteration time: 5.76s
                           Time elapsed: 00:46:09
                                    ETA: 01:45:20

################################################################################
[1m                          Learning iteration 457/1500                           [0m 

                            Total steps: 45023232 
                       Steps per second: 16959 
                        Collection time: 5.512s 
                          Learning time: 0.284s 
                        Mean value loss: 0.0269
                    Mean surrogate loss: 0.0007
                      Mean entropy loss: 13.3824
                            Mean reward: 16.12
                    Mean episode length: 972.90
                        Mean action std: 0.78
    Episode_Reward/track_lin_vel_xy_exp: 0.3700
     Episode_Reward/track_ang_vel_z_exp: 0.4950
            Episode_Reward/lin_vel_z_l2: 0.0000
           Episode_Reward/ang_vel_xy_l2: -0.0988
          Episode_Reward/dof_torques_l2: -0.0773
              Episode_Reward/dof_acc_l2: -0.1763
          Episode_Reward/action_rate_l2: -0.1601
      Episode_Reward/undesired_contacts: -0.0078
     Episode_Reward/flat_orientation_l2: -0.3234
          Episode_Reward/dof_pos_limits: 0.0000
   Episode_Reward/disabled_legs_contact: -0.0086
    Episode_Reward/disabled_legs_height: 0.7128
     Episode_Reward/single_leg_air_time: -0.0014
         Episode_Reward/base_height_exp: 0.1310
              Curriculum/terrain_levels: 0.0000
                   Metrics/success_rate: 0.0278
     Metrics/base_velocity/error_vel_xy: 0.7915
    Metrics/base_velocity/error_vel_yaw: 0.3284
           Episode_Termination/time_out: 0.9777
       Episode_Termination/base_contact: 0.0223
--------------------------------------------------------------------------------
                         Iteration time: 5.80s
                           Time elapsed: 00:46:14
                                    ETA: 01:45:13

################################################################################
[1m                          Learning iteration 458/1500                           [0m 

                            Total steps: 45121536 
                       Steps per second: 16838 
                        Collection time: 5.545s 
                          Learning time: 0.293s 
                        Mean value loss: 0.0284
                    Mean surrogate loss: 0.0023
                      Mean entropy loss: 13.3796
                            Mean reward: 15.93
                    Mean episode length: 987.84
                        Mean action std: 0.78
    Episode_Reward/track_lin_vel_xy_exp: 0.4173
     Episode_Reward/track_ang_vel_z_exp: 0.5143
            Episode_Reward/lin_vel_z_l2: 0.0000
           Episode_Reward/ang_vel_xy_l2: -0.0960
          Episode_Reward/dof_torques_l2: -0.0774
              Episode_Reward/dof_acc_l2: -0.1726
          Episode_Reward/action_rate_l2: -0.1603
      Episode_Reward/undesired_contacts: -0.0043
     Episode_Reward/flat_orientation_l2: -0.3278
          Episode_Reward/dof_pos_limits: 0.0000
   Episode_Reward/disabled_legs_contact: -0.0044
    Episode_Reward/disabled_legs_height: 0.6175
     Episode_Reward/single_leg_air_time: -0.0014
         Episode_Reward/base_height_exp: 0.0924
              Curriculum/terrain_levels: 0.0000
                   Metrics/success_rate: 0.1087
     Metrics/base_velocity/error_vel_xy: 0.7573
    Metrics/base_velocity/error_vel_yaw: 0.3066
           Episode_Termination/time_out: 0.9781
       Episode_Termination/base_contact: 0.0219
--------------------------------------------------------------------------------
                         Iteration time: 5.84s
                           Time elapsed: 00:46:20
                                    ETA: 01:45:06

################################################################################
[1m                          Learning iteration 459/1500                           [0m 

                            Total steps: 45219840 
                       Steps per second: 17012 
                        Collection time: 5.490s 
                          Learning time: 0.288s 
                        Mean value loss: 0.0311
                    Mean surrogate loss: -0.0018
                      Mean entropy loss: 13.3826
                            Mean reward: 16.73
                    Mean episode length: 972.75
                        Mean action std: 0.78
    Episode_Reward/track_lin_vel_xy_exp: 0.4252
     Episode_Reward/track_ang_vel_z_exp: 0.4963
            Episode_Reward/lin_vel_z_l2: 0.0000
           Episode_Reward/ang_vel_xy_l2: -0.0969
          Episode_Reward/dof_torques_l2: -0.0763
              Episode_Reward/dof_acc_l2: -0.1779
          Episode_Reward/action_rate_l2: -0.1593
      Episode_Reward/undesired_contacts: -0.0038
     Episode_Reward/flat_orientation_l2: -0.3227
          Episode_Reward/dof_pos_limits: 0.0000
   Episode_Reward/disabled_legs_contact: -0.0075
    Episode_Reward/disabled_legs_height: 0.6513
     Episode_Reward/single_leg_air_time: -0.0014
         Episode_Reward/base_height_exp: 0.1286
              Curriculum/terrain_levels: 0.0000
                   Metrics/success_rate: 0.1285
     Metrics/base_velocity/error_vel_xy: 0.7536
    Metrics/base_velocity/error_vel_yaw: 0.3225
           Episode_Termination/time_out: 0.9778
       Episode_Termination/base_contact: 0.0222
--------------------------------------------------------------------------------
                         Iteration time: 5.78s
                           Time elapsed: 00:46:26
                                    ETA: 01:45:00

################################################################################
[1m                          Learning iteration 460/1500                           [0m 

                            Total steps: 45318144 
                       Steps per second: 16907 
                        Collection time: 5.522s 
                          Learning time: 0.292s 
                        Mean value loss: 0.0295
                    Mean surrogate loss: 0.0009
                      Mean entropy loss: 13.3845
                            Mean reward: 17.60
                    Mean episode length: 985.79
                        Mean action std: 0.78
    Episode_Reward/track_lin_vel_xy_exp: 0.3628
     Episode_Reward/track_ang_vel_z_exp: 0.5040
            Episode_Reward/lin_vel_z_l2: 0.0000
           Episode_Reward/ang_vel_xy_l2: -0.0987
          Episode_Reward/dof_torques_l2: -0.0780
              Episode_Reward/dof_acc_l2: -0.1772
          Episode_Reward/action_rate_l2: -0.1614
      Episode_Reward/undesired_contacts: -0.0082
     Episode_Reward/flat_orientation_l2: -0.3201
          Episode_Reward/dof_pos_limits: 0.0000
   Episode_Reward/disabled_legs_contact: -0.0065
    Episode_Reward/disabled_legs_height: 0.6851
     Episode_Reward/single_leg_air_time: -0.0013
         Episode_Reward/base_height_exp: 0.1473
              Curriculum/terrain_levels: 0.0000
                   Metrics/success_rate: 0.0743
     Metrics/base_velocity/error_vel_xy: 0.7688
    Metrics/base_velocity/error_vel_yaw: 0.3122
           Episode_Termination/time_out: 0.9775
       Episode_Termination/base_contact: 0.0225
--------------------------------------------------------------------------------
                         Iteration time: 5.81s
                           Time elapsed: 00:46:32
                                    ETA: 01:44:53

################################################################################
[1m                          Learning iteration 461/1500                           [0m 

                            Total steps: 45416448 
                       Steps per second: 16899 
                        Collection time: 5.528s 
                          Learning time: 0.289s 
                        Mean value loss: 0.0270
                    Mean surrogate loss: -0.0006
                      Mean entropy loss: 13.3843
                            Mean reward: 18.79
                    Mean episode length: 979.81
                        Mean action std: 0.78
    Episode_Reward/track_lin_vel_xy_exp: 0.4738
     Episode_Reward/track_ang_vel_z_exp: 0.5118
            Episode_Reward/lin_vel_z_l2: 0.0000
           Episode_Reward/ang_vel_xy_l2: -0.0960
          Episode_Reward/dof_torques_l2: -0.0780
              Episode_Reward/dof_acc_l2: -0.1776
          Episode_Reward/action_rate_l2: -0.1607
      Episode_Reward/undesired_contacts: -0.0028
     Episode_Reward/flat_orientation_l2: -0.3165
          Episode_Reward/dof_pos_limits: 0.0000
   Episode_Reward/disabled_legs_contact: -0.0068
    Episode_Reward/disabled_legs_height: 0.6618
     Episode_Reward/single_leg_air_time: -0.0013
         Episode_Reward/base_height_exp: 0.1270
              Curriculum/terrain_levels: 0.0000
                   Metrics/success_rate: 0.1253
     Metrics/base_velocity/error_vel_xy: 0.7192
    Metrics/base_velocity/error_vel_yaw: 0.3042
           Episode_Termination/time_out: 0.9772
       Episode_Termination/base_contact: 0.0228
--------------------------------------------------------------------------------
                         Iteration time: 5.82s
                           Time elapsed: 00:46:38
                                    ETA: 01:44:46

################################################################################
[1m                          Learning iteration 462/1500                           [0m 

                            Total steps: 45514752 
                       Steps per second: 16874 
                        Collection time: 5.539s 
                          Learning time: 0.287s 
                        Mean value loss: 0.0287
                    Mean surrogate loss: -0.0031
                      Mean entropy loss: 13.3852
                            Mean reward: 16.63
                    Mean episode length: 1000.00
                        Mean action std: 0.78
    Episode_Reward/track_lin_vel_xy_exp: 0.4426
     Episode_Reward/track_ang_vel_z_exp: 0.5129
            Episode_Reward/lin_vel_z_l2: 0.0000
           Episode_Reward/ang_vel_xy_l2: -0.0974
          Episode_Reward/dof_torques_l2: -0.0796
              Episode_Reward/dof_acc_l2: -0.1801
          Episode_Reward/action_rate_l2: -0.1632
      Episode_Reward/undesired_contacts: -0.0048
     Episode_Reward/flat_orientation_l2: -0.3372
          Episode_Reward/dof_pos_limits: 0.0000
   Episode_Reward/disabled_legs_contact: -0.0090
    Episode_Reward/disabled_legs_height: 0.5793
     Episode_Reward/single_leg_air_time: -0.0014
         Episode_Reward/base_height_exp: 0.1009
              Curriculum/terrain_levels: 0.0000
                   Metrics/success_rate: 0.1187
     Metrics/base_velocity/error_vel_xy: 0.7546
    Metrics/base_velocity/error_vel_yaw: 0.3155
           Episode_Termination/time_out: 0.9782
       Episode_Termination/base_contact: 0.0218
--------------------------------------------------------------------------------
                         Iteration time: 5.83s
                           Time elapsed: 00:46:44
                                    ETA: 01:44:40

################################################################################
[1m                          Learning iteration 463/1500                           [0m 

                            Total steps: 45613056 
                       Steps per second: 17012 
                        Collection time: 5.480s 
                          Learning time: 0.298s 
                        Mean value loss: 0.0340
                    Mean surrogate loss: -0.0013
                      Mean entropy loss: 13.3838
                            Mean reward: 19.19
                    Mean episode length: 990.69
                        Mean action std: 0.78
    Episode_Reward/track_lin_vel_xy_exp: 0.3912
     Episode_Reward/track_ang_vel_z_exp: 0.4997
            Episode_Reward/lin_vel_z_l2: 0.0000
           Episode_Reward/ang_vel_xy_l2: -0.0979
          Episode_Reward/dof_torques_l2: -0.0783
              Episode_Reward/dof_acc_l2: -0.1805
          Episode_Reward/action_rate_l2: -0.1615
      Episode_Reward/undesired_contacts: -0.0074
     Episode_Reward/flat_orientation_l2: -0.3127
          Episode_Reward/dof_pos_limits: 0.0000
   Episode_Reward/disabled_legs_contact: -0.0093
    Episode_Reward/disabled_legs_height: 0.6851
     Episode_Reward/single_leg_air_time: -0.0013
         Episode_Reward/base_height_exp: 0.1282
              Curriculum/terrain_levels: 0.0000
                   Metrics/success_rate: 0.0755
     Metrics/base_velocity/error_vel_xy: 0.7672
    Metrics/base_velocity/error_vel_yaw: 0.3229
           Episode_Termination/time_out: 0.9778
       Episode_Termination/base_contact: 0.0222
--------------------------------------------------------------------------------
                         Iteration time: 5.78s
                           Time elapsed: 00:46:49
                                    ETA: 01:44:33

################################################################################
[1m                          Learning iteration 464/1500                           [0m 

                            Total steps: 45711360 
                       Steps per second: 17140 
                        Collection time: 5.458s 
                          Learning time: 0.277s 
                        Mean value loss: 0.0326
                    Mean surrogate loss: 0.0008
                      Mean entropy loss: 13.3750
                            Mean reward: 16.06
                    Mean episode length: 985.92
                        Mean action std: 0.78
    Episode_Reward/track_lin_vel_xy_exp: 0.4048
     Episode_Reward/track_ang_vel_z_exp: 0.4987
            Episode_Reward/lin_vel_z_l2: 0.0000
           Episode_Reward/ang_vel_xy_l2: -0.0975
          Episode_Reward/dof_torques_l2: -0.0782
              Episode_Reward/dof_acc_l2: -0.1787
          Episode_Reward/action_rate_l2: -0.1608
      Episode_Reward/undesired_contacts: -0.0046
     Episode_Reward/flat_orientation_l2: -0.3048
          Episode_Reward/dof_pos_limits: 0.0000
   Episode_Reward/disabled_legs_contact: -0.0077
    Episode_Reward/disabled_legs_height: 0.6424
     Episode_Reward/single_leg_air_time: -0.0013
         Episode_Reward/base_height_exp: 0.1109
              Curriculum/terrain_levels: 0.0000
                   Metrics/success_rate: 0.1017
     Metrics/base_velocity/error_vel_xy: 0.7516
    Metrics/base_velocity/error_vel_yaw: 0.3249
           Episode_Termination/time_out: 0.9772
       Episode_Termination/base_contact: 0.0228
--------------------------------------------------------------------------------
                         Iteration time: 5.74s
                           Time elapsed: 00:46:55
                                    ETA: 01:44:26

################################################################################
[1m                          Learning iteration 465/1500                           [0m 

                            Total steps: 45809664 
                       Steps per second: 17122 
                        Collection time: 5.463s 
                          Learning time: 0.278s 
                        Mean value loss: 0.0310
                    Mean surrogate loss: 0.0014
                      Mean entropy loss: 13.3730
                            Mean reward: 17.18
                    Mean episode length: 995.52
                        Mean action std: 0.78
    Episode_Reward/track_lin_vel_xy_exp: 0.3867
     Episode_Reward/track_ang_vel_z_exp: 0.5034
            Episode_Reward/lin_vel_z_l2: 0.0000
           Episode_Reward/ang_vel_xy_l2: -0.1010
          Episode_Reward/dof_torques_l2: -0.0804
              Episode_Reward/dof_acc_l2: -0.1844
          Episode_Reward/action_rate_l2: -0.1643
      Episode_Reward/undesired_contacts: -0.0035
     Episode_Reward/flat_orientation_l2: -0.2996
          Episode_Reward/dof_pos_limits: 0.0000
   Episode_Reward/disabled_legs_contact: -0.0118
    Episode_Reward/disabled_legs_height: 0.7057
     Episode_Reward/single_leg_air_time: -0.0013
         Episode_Reward/base_height_exp: 0.1336
              Curriculum/terrain_levels: 0.0000
                   Metrics/success_rate: 0.0817
     Metrics/base_velocity/error_vel_xy: 0.7832
    Metrics/base_velocity/error_vel_yaw: 0.3214
           Episode_Termination/time_out: 0.9764
       Episode_Termination/base_contact: 0.0236
--------------------------------------------------------------------------------
                         Iteration time: 5.74s
                           Time elapsed: 00:47:01
                                    ETA: 01:44:20

################################################################################
[1m                          Learning iteration 466/1500                           [0m 

                            Total steps: 45907968 
                       Steps per second: 17203 
                        Collection time: 5.437s 
                          Learning time: 0.278s 
                        Mean value loss: 0.0381
                    Mean surrogate loss: 0.0004
                      Mean entropy loss: 13.3756
                            Mean reward: 15.85
                    Mean episode length: 1000.00
                        Mean action std: 0.78
    Episode_Reward/track_lin_vel_xy_exp: 0.3930
     Episode_Reward/track_ang_vel_z_exp: 0.5154
            Episode_Reward/lin_vel_z_l2: 0.0000
           Episode_Reward/ang_vel_xy_l2: -0.0988
          Episode_Reward/dof_torques_l2: -0.0805
              Episode_Reward/dof_acc_l2: -0.1795
          Episode_Reward/action_rate_l2: -0.1639
      Episode_Reward/undesired_contacts: -0.0033
     Episode_Reward/flat_orientation_l2: -0.3147
          Episode_Reward/dof_pos_limits: 0.0000
   Episode_Reward/disabled_legs_contact: -0.0066
    Episode_Reward/disabled_legs_height: 0.6030
     Episode_Reward/single_leg_air_time: -0.0013
         Episode_Reward/base_height_exp: 0.1058
              Curriculum/terrain_levels: 0.0000
                   Metrics/success_rate: 0.0996
     Metrics/base_velocity/error_vel_xy: 0.7805
    Metrics/base_velocity/error_vel_yaw: 0.3078
           Episode_Termination/time_out: 0.9765
       Episode_Termination/base_contact: 0.0235
--------------------------------------------------------------------------------
                         Iteration time: 5.71s
                           Time elapsed: 00:47:07
                                    ETA: 01:44:13

################################################################################
[1m                          Learning iteration 467/1500                           [0m 

                            Total steps: 46006272 
                       Steps per second: 17163 
                        Collection time: 5.449s 
                          Learning time: 0.278s 
                        Mean value loss: 0.0330
                    Mean surrogate loss: -0.0008
                      Mean entropy loss: 13.3772
                            Mean reward: 17.32
                    Mean episode length: 987.10
                        Mean action std: 0.78
    Episode_Reward/track_lin_vel_xy_exp: 0.3895
     Episode_Reward/track_ang_vel_z_exp: 0.5030
            Episode_Reward/lin_vel_z_l2: 0.0000
           Episode_Reward/ang_vel_xy_l2: -0.0969
          Episode_Reward/dof_torques_l2: -0.0785
              Episode_Reward/dof_acc_l2: -0.1789
          Episode_Reward/action_rate_l2: -0.1612
      Episode_Reward/undesired_contacts: -0.0043
     Episode_Reward/flat_orientation_l2: -0.3128
          Episode_Reward/dof_pos_limits: 0.0000
   Episode_Reward/disabled_legs_contact: -0.0108
    Episode_Reward/disabled_legs_height: 0.6627
     Episode_Reward/single_leg_air_time: -0.0014
         Episode_Reward/base_height_exp: 0.1195
              Curriculum/terrain_levels: 0.0000
                   Metrics/success_rate: 0.1105
     Metrics/base_velocity/error_vel_xy: 0.7746
    Metrics/base_velocity/error_vel_yaw: 0.3190
           Episode_Termination/time_out: 0.9764
       Episode_Termination/base_contact: 0.0236
--------------------------------------------------------------------------------
                         Iteration time: 5.73s
                           Time elapsed: 00:47:12
                                    ETA: 01:44:06

################################################################################
[1m                          Learning iteration 468/1500                           [0m 

                            Total steps: 46104576 
                       Steps per second: 17195 
                        Collection time: 5.438s 
                          Learning time: 0.279s 
                        Mean value loss: 0.0401
                    Mean surrogate loss: 0.0005
                      Mean entropy loss: 13.3811
                            Mean reward: 17.74
                    Mean episode length: 986.54
                        Mean action std: 0.78
    Episode_Reward/track_lin_vel_xy_exp: 0.4548
     Episode_Reward/track_ang_vel_z_exp: 0.5090
            Episode_Reward/lin_vel_z_l2: 0.0000
           Episode_Reward/ang_vel_xy_l2: -0.0997
          Episode_Reward/dof_torques_l2: -0.0797
              Episode_Reward/dof_acc_l2: -0.1792
          Episode_Reward/action_rate_l2: -0.1626
      Episode_Reward/undesired_contacts: -0.0023
     Episode_Reward/flat_orientation_l2: -0.3152
          Episode_Reward/dof_pos_limits: 0.0000
   Episode_Reward/disabled_legs_contact: -0.0054
    Episode_Reward/disabled_legs_height: 0.6434
     Episode_Reward/single_leg_air_time: -0.0013
         Episode_Reward/base_height_exp: 0.0997
              Curriculum/terrain_levels: 0.0000
                   Metrics/success_rate: 0.1801
     Metrics/base_velocity/error_vel_xy: 0.7273
    Metrics/base_velocity/error_vel_yaw: 0.3111
           Episode_Termination/time_out: 0.9767
       Episode_Termination/base_contact: 0.0233
--------------------------------------------------------------------------------
                         Iteration time: 5.72s
                           Time elapsed: 00:47:18
                                    ETA: 01:43:59

################################################################################
[1m                          Learning iteration 469/1500                           [0m 

                            Total steps: 46202880 
                       Steps per second: 17201 
                        Collection time: 5.438s 
                          Learning time: 0.277s 
                        Mean value loss: 0.0393
                    Mean surrogate loss: -0.0025
                      Mean entropy loss: 13.3900
                            Mean reward: 17.30
                    Mean episode length: 1000.00
                        Mean action std: 0.79
    Episode_Reward/track_lin_vel_xy_exp: 0.4170
     Episode_Reward/track_ang_vel_z_exp: 0.5183
            Episode_Reward/lin_vel_z_l2: 0.0000
           Episode_Reward/ang_vel_xy_l2: -0.0986
          Episode_Reward/dof_torques_l2: -0.0796
              Episode_Reward/dof_acc_l2: -0.1788
          Episode_Reward/action_rate_l2: -0.1639
      Episode_Reward/undesired_contacts: -0.0040
     Episode_Reward/flat_orientation_l2: -0.3246
          Episode_Reward/dof_pos_limits: 0.0000
   Episode_Reward/disabled_legs_contact: -0.0126
    Episode_Reward/disabled_legs_height: 0.6628
     Episode_Reward/single_leg_air_time: -0.0013
         Episode_Reward/base_height_exp: 0.1015
              Curriculum/terrain_levels: 0.0000
                   Metrics/success_rate: 0.1257
     Metrics/base_velocity/error_vel_xy: 0.7565
    Metrics/base_velocity/error_vel_yaw: 0.3044
           Episode_Termination/time_out: 0.9761
       Episode_Termination/base_contact: 0.0239
--------------------------------------------------------------------------------
                         Iteration time: 5.71s
                           Time elapsed: 00:47:24
                                    ETA: 01:43:52

################################################################################
[1m                          Learning iteration 470/1500                           [0m 

                            Total steps: 46301184 
                       Steps per second: 17211 
                        Collection time: 5.435s 
                          Learning time: 0.276s 
                        Mean value loss: 0.0359
                    Mean surrogate loss: 0.0011
                      Mean entropy loss: 13.3976
                            Mean reward: 17.52
                    Mean episode length: 983.54
                        Mean action std: 0.79
    Episode_Reward/track_lin_vel_xy_exp: 0.4201
     Episode_Reward/track_ang_vel_z_exp: 0.5122
            Episode_Reward/lin_vel_z_l2: 0.0000
           Episode_Reward/ang_vel_xy_l2: -0.0976
          Episode_Reward/dof_torques_l2: -0.0785
              Episode_Reward/dof_acc_l2: -0.1764
          Episode_Reward/action_rate_l2: -0.1608
      Episode_Reward/undesired_contacts: -0.0019
     Episode_Reward/flat_orientation_l2: -0.3218
          Episode_Reward/dof_pos_limits: 0.0000
   Episode_Reward/disabled_legs_contact: -0.0048
    Episode_Reward/disabled_legs_height: 0.6601
     Episode_Reward/single_leg_air_time: -0.0013
         Episode_Reward/base_height_exp: 0.0907
              Curriculum/terrain_levels: 0.0000
                   Metrics/success_rate: 0.0985
     Metrics/base_velocity/error_vel_xy: 0.7404
    Metrics/base_velocity/error_vel_yaw: 0.3074
           Episode_Termination/time_out: 0.9757
       Episode_Termination/base_contact: 0.0243
--------------------------------------------------------------------------------
                         Iteration time: 5.71s
                           Time elapsed: 00:47:29
                                    ETA: 01:43:46

################################################################################
[1m                          Learning iteration 471/1500                           [0m 

                            Total steps: 46399488 
                       Steps per second: 16918 
                        Collection time: 5.529s 
                          Learning time: 0.281s 
                        Mean value loss: 0.0312
                    Mean surrogate loss: -0.0012
                      Mean entropy loss: 13.3981
                            Mean reward: 15.45
                    Mean episode length: 990.04
                        Mean action std: 0.79
    Episode_Reward/track_lin_vel_xy_exp: 0.4072
     Episode_Reward/track_ang_vel_z_exp: 0.5164
            Episode_Reward/lin_vel_z_l2: 0.0000
           Episode_Reward/ang_vel_xy_l2: -0.0960
          Episode_Reward/dof_torques_l2: -0.0790
              Episode_Reward/dof_acc_l2: -0.1765
          Episode_Reward/action_rate_l2: -0.1608
      Episode_Reward/undesired_contacts: -0.0016
     Episode_Reward/flat_orientation_l2: -0.3243
          Episode_Reward/dof_pos_limits: 0.0000
   Episode_Reward/disabled_legs_contact: -0.0050
    Episode_Reward/disabled_legs_height: 0.6218
     Episode_Reward/single_leg_air_time: -0.0014
         Episode_Reward/base_height_exp: 0.0878
              Curriculum/terrain_levels: 0.0000
                   Metrics/success_rate: 0.1370
     Metrics/base_velocity/error_vel_xy: 0.7757
    Metrics/base_velocity/error_vel_yaw: 0.3026
           Episode_Termination/time_out: 0.9749
       Episode_Termination/base_contact: 0.0251
--------------------------------------------------------------------------------
                         Iteration time: 5.81s
                           Time elapsed: 00:47:35
                                    ETA: 01:43:39

################################################################################
[1m                          Learning iteration 472/1500                           [0m 

                            Total steps: 46497792 
                       Steps per second: 16808 
                        Collection time: 5.559s 
                          Learning time: 0.290s 
                        Mean value loss: 0.0324
                    Mean surrogate loss: -0.0012
                      Mean entropy loss: 13.3984
                            Mean reward: 16.33
                    Mean episode length: 976.13
                        Mean action std: 0.79
    Episode_Reward/track_lin_vel_xy_exp: 0.4073
     Episode_Reward/track_ang_vel_z_exp: 0.5149
            Episode_Reward/lin_vel_z_l2: 0.0000
           Episode_Reward/ang_vel_xy_l2: -0.0964
          Episode_Reward/dof_torques_l2: -0.0777
              Episode_Reward/dof_acc_l2: -0.1719
          Episode_Reward/action_rate_l2: -0.1604
      Episode_Reward/undesired_contacts: -0.0041
     Episode_Reward/flat_orientation_l2: -0.3339
          Episode_Reward/dof_pos_limits: 0.0000
   Episode_Reward/disabled_legs_contact: -0.0051
    Episode_Reward/disabled_legs_height: 0.5799
     Episode_Reward/single_leg_air_time: -0.0014
         Episode_Reward/base_height_exp: 0.1033
              Curriculum/terrain_levels: 0.0000
                   Metrics/success_rate: 0.0891
     Metrics/base_velocity/error_vel_xy: 0.7697
    Metrics/base_velocity/error_vel_yaw: 0.2995
           Episode_Termination/time_out: 0.9746
       Episode_Termination/base_contact: 0.0254
--------------------------------------------------------------------------------
                         Iteration time: 5.85s
                           Time elapsed: 00:47:41
                                    ETA: 01:43:33

################################################################################
[1m                          Learning iteration 473/1500                           [0m 

                            Total steps: 46596096 
                       Steps per second: 16858 
                        Collection time: 5.546s 
                          Learning time: 0.286s 
                        Mean value loss: 0.0281
                    Mean surrogate loss: 0.0012
                      Mean entropy loss: 13.3968
                            Mean reward: 16.59
                    Mean episode length: 1000.00
                        Mean action std: 0.78
    Episode_Reward/track_lin_vel_xy_exp: 0.4517
     Episode_Reward/track_ang_vel_z_exp: 0.5241
            Episode_Reward/lin_vel_z_l2: 0.0000
           Episode_Reward/ang_vel_xy_l2: -0.0980
          Episode_Reward/dof_torques_l2: -0.0787
              Episode_Reward/dof_acc_l2: -0.1785
          Episode_Reward/action_rate_l2: -0.1625
      Episode_Reward/undesired_contacts: -0.0050
     Episode_Reward/flat_orientation_l2: -0.3396
          Episode_Reward/dof_pos_limits: 0.0000
   Episode_Reward/disabled_legs_contact: -0.0044
    Episode_Reward/disabled_legs_height: 0.6494
     Episode_Reward/single_leg_air_time: -0.0014
         Episode_Reward/base_height_exp: 0.1186
              Curriculum/terrain_levels: 0.0000
                   Metrics/success_rate: 0.1386
     Metrics/base_velocity/error_vel_xy: 0.7393
    Metrics/base_velocity/error_vel_yaw: 0.2966
           Episode_Termination/time_out: 0.9749
       Episode_Termination/base_contact: 0.0251
--------------------------------------------------------------------------------
                         Iteration time: 5.83s
                           Time elapsed: 00:47:47
                                    ETA: 01:43:26

################################################################################
[1m                          Learning iteration 474/1500                           [0m 

                            Total steps: 46694400 
                       Steps per second: 16733 
                        Collection time: 5.587s 
                          Learning time: 0.288s 
                        Mean value loss: 0.0322
                    Mean surrogate loss: 0.0009
                      Mean entropy loss: 13.3972
                            Mean reward: 18.37
                    Mean episode length: 987.88
                        Mean action std: 0.79
    Episode_Reward/track_lin_vel_xy_exp: 0.4514
     Episode_Reward/track_ang_vel_z_exp: 0.5138
            Episode_Reward/lin_vel_z_l2: 0.0000
           Episode_Reward/ang_vel_xy_l2: -0.0978
          Episode_Reward/dof_torques_l2: -0.0778
              Episode_Reward/dof_acc_l2: -0.1768
          Episode_Reward/action_rate_l2: -0.1608
      Episode_Reward/undesired_contacts: -0.0031
     Episode_Reward/flat_orientation_l2: -0.3376
          Episode_Reward/dof_pos_limits: 0.0000
   Episode_Reward/disabled_legs_contact: -0.0044
    Episode_Reward/disabled_legs_height: 0.6789
     Episode_Reward/single_leg_air_time: -0.0014
         Episode_Reward/base_height_exp: 0.1428
              Curriculum/terrain_levels: 0.0000
                   Metrics/success_rate: 0.1167
     Metrics/base_velocity/error_vel_xy: 0.7301
    Metrics/base_velocity/error_vel_yaw: 0.3049
           Episode_Termination/time_out: 0.9751
       Episode_Termination/base_contact: 0.0249
--------------------------------------------------------------------------------
                         Iteration time: 5.87s
                           Time elapsed: 00:47:53
                                    ETA: 01:43:20

################################################################################
[1m                          Learning iteration 475/1500                           [0m 

                            Total steps: 46792704 
                       Steps per second: 16659 
                        Collection time: 5.605s 
                          Learning time: 0.295s 
                        Mean value loss: 0.0311
                    Mean surrogate loss: 0.0002
                      Mean entropy loss: 13.4007
                            Mean reward: 18.96
                    Mean episode length: 986.77
                        Mean action std: 0.79
    Episode_Reward/track_lin_vel_xy_exp: 0.4293
     Episode_Reward/track_ang_vel_z_exp: 0.5221
            Episode_Reward/lin_vel_z_l2: 0.0000
           Episode_Reward/ang_vel_xy_l2: -0.0966
          Episode_Reward/dof_torques_l2: -0.0793
              Episode_Reward/dof_acc_l2: -0.1754
          Episode_Reward/action_rate_l2: -0.1615
      Episode_Reward/undesired_contacts: -0.0047
     Episode_Reward/flat_orientation_l2: -0.3399
          Episode_Reward/dof_pos_limits: 0.0000
   Episode_Reward/disabled_legs_contact: -0.0063
    Episode_Reward/disabled_legs_height: 0.7238
     Episode_Reward/single_leg_air_time: -0.0014
         Episode_Reward/base_height_exp: 0.1351
              Curriculum/terrain_levels: 0.0000
                   Metrics/success_rate: 0.0878
     Metrics/base_velocity/error_vel_xy: 0.7632
    Metrics/base_velocity/error_vel_yaw: 0.2981
           Episode_Termination/time_out: 0.9752
       Episode_Termination/base_contact: 0.0248
--------------------------------------------------------------------------------
                         Iteration time: 5.90s
                           Time elapsed: 00:47:59
                                    ETA: 01:43:13

################################################################################
[1m                          Learning iteration 476/1500                           [0m 

                            Total steps: 46891008 
                       Steps per second: 16954 
                        Collection time: 5.522s 
                          Learning time: 0.276s 
                        Mean value loss: 0.0288
                    Mean surrogate loss: -0.0007
                      Mean entropy loss: 13.4044
                            Mean reward: 17.61
                    Mean episode length: 979.27
                        Mean action std: 0.79
    Episode_Reward/track_lin_vel_xy_exp: 0.4033
     Episode_Reward/track_ang_vel_z_exp: 0.5172
            Episode_Reward/lin_vel_z_l2: 0.0000
           Episode_Reward/ang_vel_xy_l2: -0.0963
          Episode_Reward/dof_torques_l2: -0.0782
              Episode_Reward/dof_acc_l2: -0.1705
          Episode_Reward/action_rate_l2: -0.1602
      Episode_Reward/undesired_contacts: -0.0030
     Episode_Reward/flat_orientation_l2: -0.3337
          Episode_Reward/dof_pos_limits: 0.0000
   Episode_Reward/disabled_legs_contact: -0.0042
    Episode_Reward/disabled_legs_height: 0.6975
     Episode_Reward/single_leg_air_time: -0.0014
         Episode_Reward/base_height_exp: 0.1132
              Curriculum/terrain_levels: 0.0000
                   Metrics/success_rate: 0.0897
     Metrics/base_velocity/error_vel_xy: 0.7517
    Metrics/base_velocity/error_vel_yaw: 0.3018
           Episode_Termination/time_out: 0.9753
       Episode_Termination/base_contact: 0.0247
--------------------------------------------------------------------------------
                         Iteration time: 5.80s
                           Time elapsed: 00:48:04
                                    ETA: 01:43:07

################################################################################
[1m                          Learning iteration 477/1500                           [0m 

                            Total steps: 46989312 
                       Steps per second: 17010 
                        Collection time: 5.500s 
                          Learning time: 0.279s 
                        Mean value loss: 0.0269
                    Mean surrogate loss: 0.0003
                      Mean entropy loss: 13.4034
                            Mean reward: 17.93
                    Mean episode length: 993.33
                        Mean action std: 0.79
    Episode_Reward/track_lin_vel_xy_exp: 0.4308
     Episode_Reward/track_ang_vel_z_exp: 0.5178
            Episode_Reward/lin_vel_z_l2: 0.0000
           Episode_Reward/ang_vel_xy_l2: -0.0977
          Episode_Reward/dof_torques_l2: -0.0778
              Episode_Reward/dof_acc_l2: -0.1789
          Episode_Reward/action_rate_l2: -0.1610
      Episode_Reward/undesired_contacts: -0.0021
     Episode_Reward/flat_orientation_l2: -0.3369
          Episode_Reward/dof_pos_limits: 0.0000
   Episode_Reward/disabled_legs_contact: -0.0100
    Episode_Reward/disabled_legs_height: 0.6574
     Episode_Reward/single_leg_air_time: -0.0014
         Episode_Reward/base_height_exp: 0.1260
              Curriculum/terrain_levels: 0.0000
                   Metrics/success_rate: 0.1094
     Metrics/base_velocity/error_vel_xy: 0.7516
    Metrics/base_velocity/error_vel_yaw: 0.2984
           Episode_Termination/time_out: 0.9748
       Episode_Termination/base_contact: 0.0252
--------------------------------------------------------------------------------
                         Iteration time: 5.78s
                           Time elapsed: 00:48:10
                                    ETA: 01:43:00

################################################################################
[1m                          Learning iteration 478/1500                           [0m 

                            Total steps: 47087616 
                       Steps per second: 17193 
                        Collection time: 5.440s 
                          Learning time: 0.277s 
                        Mean value loss: 0.0293
                    Mean surrogate loss: -0.0026
                      Mean entropy loss: 13.3995
                            Mean reward: 18.01
                    Mean episode length: 990.79
                        Mean action std: 0.79
    Episode_Reward/track_lin_vel_xy_exp: 0.3818
     Episode_Reward/track_ang_vel_z_exp: 0.5286
            Episode_Reward/lin_vel_z_l2: 0.0000
           Episode_Reward/ang_vel_xy_l2: -0.0967
          Episode_Reward/dof_torques_l2: -0.0783
              Episode_Reward/dof_acc_l2: -0.1730
          Episode_Reward/action_rate_l2: -0.1608
      Episode_Reward/undesired_contacts: -0.0035
     Episode_Reward/flat_orientation_l2: -0.3546
          Episode_Reward/dof_pos_limits: 0.0000
   Episode_Reward/disabled_legs_contact: -0.0032
    Episode_Reward/disabled_legs_height: 0.6925
     Episode_Reward/single_leg_air_time: -0.0015
         Episode_Reward/base_height_exp: 0.1120
              Curriculum/terrain_levels: 0.0000
                   Metrics/success_rate: 0.1000
     Metrics/base_velocity/error_vel_xy: 0.7921
    Metrics/base_velocity/error_vel_yaw: 0.2913
           Episode_Termination/time_out: 0.9744
       Episode_Termination/base_contact: 0.0256
--------------------------------------------------------------------------------
                         Iteration time: 5.72s
                           Time elapsed: 00:48:16
                                    ETA: 01:42:53

################################################################################
[1m                          Learning iteration 479/1500                           [0m 

                            Total steps: 47185920 
                       Steps per second: 17000 
                        Collection time: 5.505s 
                          Learning time: 0.277s 
                        Mean value loss: 0.0301
                    Mean surrogate loss: -0.0030
                      Mean entropy loss: 13.3990
                            Mean reward: 16.06
                    Mean episode length: 995.61
                        Mean action std: 0.79
    Episode_Reward/track_lin_vel_xy_exp: 0.3748
     Episode_Reward/track_ang_vel_z_exp: 0.5219
            Episode_Reward/lin_vel_z_l2: 0.0000
           Episode_Reward/ang_vel_xy_l2: -0.0965
          Episode_Reward/dof_torques_l2: -0.0795
              Episode_Reward/dof_acc_l2: -0.1715
          Episode_Reward/action_rate_l2: -0.1611
      Episode_Reward/undesired_contacts: -0.0047
     Episode_Reward/flat_orientation_l2: -0.3395
          Episode_Reward/dof_pos_limits: 0.0000
   Episode_Reward/disabled_legs_contact: -0.0083
    Episode_Reward/disabled_legs_height: 0.7128
     Episode_Reward/single_leg_air_time: -0.0014
         Episode_Reward/base_height_exp: 0.1143
              Curriculum/terrain_levels: 0.0000
                   Metrics/success_rate: 0.1314
     Metrics/base_velocity/error_vel_xy: 0.7868
    Metrics/base_velocity/error_vel_yaw: 0.2943
           Episode_Termination/time_out: 0.9744
       Episode_Termination/base_contact: 0.0256
--------------------------------------------------------------------------------
                         Iteration time: 5.78s
                           Time elapsed: 00:48:22
                                    ETA: 01:42:47

################################################################################
[1m                          Learning iteration 480/1500                           [0m 

                            Total steps: 47284224 
                       Steps per second: 17103 
                        Collection time: 5.470s 
                          Learning time: 0.278s 
                        Mean value loss: 0.0324
                    Mean surrogate loss: -0.0021
                      Mean entropy loss: 13.3929
                            Mean reward: 18.66
                    Mean episode length: 969.15
                        Mean action std: 0.78
    Episode_Reward/track_lin_vel_xy_exp: 0.4857
     Episode_Reward/track_ang_vel_z_exp: 0.5122
            Episode_Reward/lin_vel_z_l2: 0.0000
           Episode_Reward/ang_vel_xy_l2: -0.0958
          Episode_Reward/dof_torques_l2: -0.0773
              Episode_Reward/dof_acc_l2: -0.1717
          Episode_Reward/action_rate_l2: -0.1591
      Episode_Reward/undesired_contacts: -0.0051
     Episode_Reward/flat_orientation_l2: -0.3465
          Episode_Reward/dof_pos_limits: 0.0000
   Episode_Reward/disabled_legs_contact: -0.0032
    Episode_Reward/disabled_legs_height: 0.6460
     Episode_Reward/single_leg_air_time: -0.0014
         Episode_Reward/base_height_exp: 0.1269
              Curriculum/terrain_levels: 0.0000
                   Metrics/success_rate: 0.1667
     Metrics/base_velocity/error_vel_xy: 0.7194
    Metrics/base_velocity/error_vel_yaw: 0.3062
           Episode_Termination/time_out: 0.9738
       Episode_Termination/base_contact: 0.0262
--------------------------------------------------------------------------------
                         Iteration time: 5.75s
                           Time elapsed: 00:48:27
                                    ETA: 01:42:40

################################################################################
[1m                          Learning iteration 481/1500                           [0m 

                            Total steps: 47382528 
                       Steps per second: 17115 
                        Collection time: 5.465s 
                          Learning time: 0.278s 
                        Mean value loss: 0.0314
                    Mean surrogate loss: -0.0008
                      Mean entropy loss: 13.3899
                            Mean reward: 18.28
                    Mean episode length: 957.90
                        Mean action std: 0.78
    Episode_Reward/track_lin_vel_xy_exp: 0.4164
     Episode_Reward/track_ang_vel_z_exp: 0.5069
            Episode_Reward/lin_vel_z_l2: 0.0000
           Episode_Reward/ang_vel_xy_l2: -0.0927
          Episode_Reward/dof_torques_l2: -0.0760
              Episode_Reward/dof_acc_l2: -0.1665
          Episode_Reward/action_rate_l2: -0.1552
      Episode_Reward/undesired_contacts: -0.0050
     Episode_Reward/flat_orientation_l2: -0.3443
          Episode_Reward/dof_pos_limits: 0.0000
   Episode_Reward/disabled_legs_contact: -0.0018
    Episode_Reward/disabled_legs_height: 0.6711
     Episode_Reward/single_leg_air_time: -0.0013
         Episode_Reward/base_height_exp: 0.1147
              Curriculum/terrain_levels: 0.0000
                   Metrics/success_rate: 0.1136
     Metrics/base_velocity/error_vel_xy: 0.7368
    Metrics/base_velocity/error_vel_yaw: 0.3104
           Episode_Termination/time_out: 0.9724
       Episode_Termination/base_contact: 0.0276
--------------------------------------------------------------------------------
                         Iteration time: 5.74s
                           Time elapsed: 00:48:33
                                    ETA: 01:42:33

################################################################################
[1m                          Learning iteration 482/1500                           [0m 

                            Total steps: 47480832 
                       Steps per second: 17100 
                        Collection time: 5.472s 
                          Learning time: 0.277s 
                        Mean value loss: 0.0312
                    Mean surrogate loss: -0.0012
                      Mean entropy loss: 13.3848
                            Mean reward: 16.81
                    Mean episode length: 975.62
                        Mean action std: 0.78
    Episode_Reward/track_lin_vel_xy_exp: 0.3612
     Episode_Reward/track_ang_vel_z_exp: 0.4926
            Episode_Reward/lin_vel_z_l2: 0.0000
           Episode_Reward/ang_vel_xy_l2: -0.0947
          Episode_Reward/dof_torques_l2: -0.0747
              Episode_Reward/dof_acc_l2: -0.1678
          Episode_Reward/action_rate_l2: -0.1543
      Episode_Reward/undesired_contacts: -0.0049
     Episode_Reward/flat_orientation_l2: -0.3455
          Episode_Reward/dof_pos_limits: 0.0000
   Episode_Reward/disabled_legs_contact: -0.0056
    Episode_Reward/disabled_legs_height: 0.6355
     Episode_Reward/single_leg_air_time: -0.0015
         Episode_Reward/base_height_exp: 0.1256
              Curriculum/terrain_levels: 0.0000
                   Metrics/success_rate: 0.1250
     Metrics/base_velocity/error_vel_xy: 0.7867
    Metrics/base_velocity/error_vel_yaw: 0.3158
           Episode_Termination/time_out: 0.9716
       Episode_Termination/base_contact: 0.0284
--------------------------------------------------------------------------------
                         Iteration time: 5.75s
                           Time elapsed: 00:48:39
                                    ETA: 01:42:27

################################################################################
[1m                          Learning iteration 483/1500                           [0m 

                            Total steps: 47579136 
                       Steps per second: 17053 
                        Collection time: 5.487s 
                          Learning time: 0.278s 
                        Mean value loss: 0.0679
                    Mean surrogate loss: -0.0025
                      Mean entropy loss: 13.3779
                            Mean reward: 18.68
                    Mean episode length: 993.36
                        Mean action std: 0.78
    Episode_Reward/track_lin_vel_xy_exp: 0.4068
     Episode_Reward/track_ang_vel_z_exp: 0.5219
            Episode_Reward/lin_vel_z_l2: 0.0000
           Episode_Reward/ang_vel_xy_l2: -0.0989
          Episode_Reward/dof_torques_l2: -0.0802
              Episode_Reward/dof_acc_l2: -0.1725
          Episode_Reward/action_rate_l2: -0.1616
      Episode_Reward/undesired_contacts: -0.0029
     Episode_Reward/flat_orientation_l2: -0.3428
          Episode_Reward/dof_pos_limits: 0.0000
   Episode_Reward/disabled_legs_contact: -0.0030
    Episode_Reward/disabled_legs_height: 0.7325
     Episode_Reward/single_leg_air_time: -0.0014
         Episode_Reward/base_height_exp: 0.1556
              Curriculum/terrain_levels: 0.0000
                   Metrics/success_rate: 0.1354
     Metrics/base_velocity/error_vel_xy: 0.7667
    Metrics/base_velocity/error_vel_yaw: 0.2952
           Episode_Termination/time_out: 0.9712
       Episode_Termination/base_contact: 0.0288
--------------------------------------------------------------------------------
                         Iteration time: 5.76s
                           Time elapsed: 00:48:45
                                    ETA: 01:42:20

################################################################################
[1m                          Learning iteration 484/1500                           [0m 

                            Total steps: 47677440 
                       Steps per second: 17145 
                        Collection time: 5.457s 
                          Learning time: 0.276s 
                        Mean value loss: 0.0600
                    Mean surrogate loss: 0.0002
                      Mean entropy loss: 13.3880
                            Mean reward: 18.18
                    Mean episode length: 976.95
                        Mean action std: 0.79
    Episode_Reward/track_lin_vel_xy_exp: 0.4286
     Episode_Reward/track_ang_vel_z_exp: 0.5154
            Episode_Reward/lin_vel_z_l2: 0.0000
           Episode_Reward/ang_vel_xy_l2: -0.0979
          Episode_Reward/dof_torques_l2: -0.0782
              Episode_Reward/dof_acc_l2: -0.1674
          Episode_Reward/action_rate_l2: -0.1602
      Episode_Reward/undesired_contacts: -0.0029
     Episode_Reward/flat_orientation_l2: -0.3396
          Episode_Reward/dof_pos_limits: 0.0000
   Episode_Reward/disabled_legs_contact: -0.0028
    Episode_Reward/disabled_legs_height: 0.7583
     Episode_Reward/single_leg_air_time: -0.0015
         Episode_Reward/base_height_exp: 0.1304
              Curriculum/terrain_levels: 0.0000
                   Metrics/success_rate: 0.1181
     Metrics/base_velocity/error_vel_xy: 0.7459
    Metrics/base_velocity/error_vel_yaw: 0.3042
           Episode_Termination/time_out: 0.9709
       Episode_Termination/base_contact: 0.0291
--------------------------------------------------------------------------------
                         Iteration time: 5.73s
                           Time elapsed: 00:48:50
                                    ETA: 01:42:13

################################################################################
[1m                          Learning iteration 485/1500                           [0m 

                            Total steps: 47775744 
                       Steps per second: 17202 
                        Collection time: 5.437s 
                          Learning time: 0.278s 
                        Mean value loss: 0.0322
                    Mean surrogate loss: 0.0015
                      Mean entropy loss: 13.3994
                            Mean reward: 16.46
                    Mean episode length: 995.43
                        Mean action std: 0.79
    Episode_Reward/track_lin_vel_xy_exp: 0.3751
     Episode_Reward/track_ang_vel_z_exp: 0.5222
            Episode_Reward/lin_vel_z_l2: 0.0000
           Episode_Reward/ang_vel_xy_l2: -0.0987
          Episode_Reward/dof_torques_l2: -0.0783
              Episode_Reward/dof_acc_l2: -0.1709
          Episode_Reward/action_rate_l2: -0.1620
      Episode_Reward/undesired_contacts: -0.0016
     Episode_Reward/flat_orientation_l2: -0.3567
          Episode_Reward/dof_pos_limits: 0.0000
   Episode_Reward/disabled_legs_contact: -0.0021
    Episode_Reward/disabled_legs_height: 0.6457
     Episode_Reward/single_leg_air_time: -0.0015
         Episode_Reward/base_height_exp: 0.1104
              Curriculum/terrain_levels: 0.0000
                   Metrics/success_rate: 0.0669
     Metrics/base_velocity/error_vel_xy: 0.7868
    Metrics/base_velocity/error_vel_yaw: 0.2978
           Episode_Termination/time_out: 0.9707
       Episode_Termination/base_contact: 0.0293
--------------------------------------------------------------------------------
                         Iteration time: 5.71s
                           Time elapsed: 00:48:56
                                    ETA: 01:42:07

################################################################################
[1m                          Learning iteration 486/1500                           [0m 

                            Total steps: 47874048 
                       Steps per second: 17209 
                        Collection time: 5.434s 
                          Learning time: 0.278s 
                        Mean value loss: 0.0382
                    Mean surrogate loss: 0.0006
                      Mean entropy loss: 13.4041
                            Mean reward: 20.16
                    Mean episode length: 981.68
                        Mean action std: 0.79
    Episode_Reward/track_lin_vel_xy_exp: 0.4336
     Episode_Reward/track_ang_vel_z_exp: 0.5184
            Episode_Reward/lin_vel_z_l2: 0.0000
           Episode_Reward/ang_vel_xy_l2: -0.0981
          Episode_Reward/dof_torques_l2: -0.0775
              Episode_Reward/dof_acc_l2: -0.1751
          Episode_Reward/action_rate_l2: -0.1599
      Episode_Reward/undesired_contacts: -0.0032
     Episode_Reward/flat_orientation_l2: -0.3651
          Episode_Reward/dof_pos_limits: 0.0000
   Episode_Reward/disabled_legs_contact: -0.0067
    Episode_Reward/disabled_legs_height: 0.7573
     Episode_Reward/single_leg_air_time: -0.0015
         Episode_Reward/base_height_exp: 0.1448
              Curriculum/terrain_levels: 0.0000
                   Metrics/success_rate: 0.1285
     Metrics/base_velocity/error_vel_xy: 0.7318
    Metrics/base_velocity/error_vel_yaw: 0.2959
           Episode_Termination/time_out: 0.9705
       Episode_Termination/base_contact: 0.0295
--------------------------------------------------------------------------------
                         Iteration time: 5.71s
                           Time elapsed: 00:49:02
                                    ETA: 01:42:00

################################################################################
[1m                          Learning iteration 487/1500                           [0m 

                            Total steps: 47972352 
                       Steps per second: 17079 
                        Collection time: 5.479s 
                          Learning time: 0.277s 
                        Mean value loss: 0.0321
                    Mean surrogate loss: -0.0032
                      Mean entropy loss: 13.4087
                            Mean reward: 20.78
                    Mean episode length: 994.50
                        Mean action std: 0.79
    Episode_Reward/track_lin_vel_xy_exp: 0.5369
     Episode_Reward/track_ang_vel_z_exp: 0.5258
            Episode_Reward/lin_vel_z_l2: 0.0000
           Episode_Reward/ang_vel_xy_l2: -0.0987
          Episode_Reward/dof_torques_l2: -0.0794
              Episode_Reward/dof_acc_l2: -0.1743
          Episode_Reward/action_rate_l2: -0.1624
      Episode_Reward/undesired_contacts: -0.0070
     Episode_Reward/flat_orientation_l2: -0.3531
          Episode_Reward/dof_pos_limits: 0.0000
   Episode_Reward/disabled_legs_contact: -0.0066
    Episode_Reward/disabled_legs_height: 0.7790
     Episode_Reward/single_leg_air_time: -0.0014
         Episode_Reward/base_height_exp: 0.1419
              Curriculum/terrain_levels: 0.0000
                   Metrics/success_rate: 0.1986
     Metrics/base_velocity/error_vel_xy: 0.6990
    Metrics/base_velocity/error_vel_yaw: 0.2943
           Episode_Termination/time_out: 0.9704
       Episode_Termination/base_contact: 0.0296
--------------------------------------------------------------------------------
                         Iteration time: 5.76s
                           Time elapsed: 00:49:08
                                    ETA: 01:41:53

################################################################################
[1m                          Learning iteration 488/1500                           [0m 

                            Total steps: 48070656 
                       Steps per second: 17066 
                        Collection time: 5.479s 
                          Learning time: 0.281s 
                        Mean value loss: 0.0387
                    Mean surrogate loss: -0.0026
                      Mean entropy loss: 13.4051
                            Mean reward: 17.92
                    Mean episode length: 974.73
                        Mean action std: 0.79
    Episode_Reward/track_lin_vel_xy_exp: 0.3634
     Episode_Reward/track_ang_vel_z_exp: 0.5134
            Episode_Reward/lin_vel_z_l2: 0.0000
           Episode_Reward/ang_vel_xy_l2: -0.0970
          Episode_Reward/dof_torques_l2: -0.0771
              Episode_Reward/dof_acc_l2: -0.1698
          Episode_Reward/action_rate_l2: -0.1575
      Episode_Reward/undesired_contacts: -0.0057
     Episode_Reward/flat_orientation_l2: -0.3518
          Episode_Reward/dof_pos_limits: 0.0000
   Episode_Reward/disabled_legs_contact: -0.0049
    Episode_Reward/disabled_legs_height: 0.6328
     Episode_Reward/single_leg_air_time: -0.0014
         Episode_Reward/base_height_exp: 0.1027
              Curriculum/terrain_levels: 0.0000
                   Metrics/success_rate: 0.1608
     Metrics/base_velocity/error_vel_xy: 0.7673
    Metrics/base_velocity/error_vel_yaw: 0.2988
           Episode_Termination/time_out: 0.9709
       Episode_Termination/base_contact: 0.0291
--------------------------------------------------------------------------------
                         Iteration time: 5.76s
                           Time elapsed: 00:49:13
                                    ETA: 01:41:47

################################################################################
[1m                          Learning iteration 489/1500                           [0m 

                            Total steps: 48168960 
                       Steps per second: 17175 
                        Collection time: 5.443s 
                          Learning time: 0.280s 
                        Mean value loss: 0.0395
                    Mean surrogate loss: -0.0004
                      Mean entropy loss: 13.4103
                            Mean reward: 18.63
                    Mean episode length: 976.25
                        Mean action std: 0.79
    Episode_Reward/track_lin_vel_xy_exp: 0.4404
     Episode_Reward/track_ang_vel_z_exp: 0.5172
            Episode_Reward/lin_vel_z_l2: 0.0000
           Episode_Reward/ang_vel_xy_l2: -0.0954
          Episode_Reward/dof_torques_l2: -0.0786
              Episode_Reward/dof_acc_l2: -0.1693
          Episode_Reward/action_rate_l2: -0.1602
      Episode_Reward/undesired_contacts: -0.0038
     Episode_Reward/flat_orientation_l2: -0.3439
          Episode_Reward/dof_pos_limits: 0.0000
   Episode_Reward/disabled_legs_contact: -0.0047
    Episode_Reward/disabled_legs_height: 0.7567
     Episode_Reward/single_leg_air_time: -0.0014
         Episode_Reward/base_height_exp: 0.1321
              Curriculum/terrain_levels: 0.0000
                   Metrics/success_rate: 0.0851
     Metrics/base_velocity/error_vel_xy: 0.7527
    Metrics/base_velocity/error_vel_yaw: 0.3036
           Episode_Termination/time_out: 0.9708
       Episode_Termination/base_contact: 0.0292
--------------------------------------------------------------------------------
                         Iteration time: 5.72s
                           Time elapsed: 00:49:19
                                    ETA: 01:41:40

################################################################################
[1m                          Learning iteration 490/1500                           [0m 

                            Total steps: 48267264 
                       Steps per second: 16975 
                        Collection time: 5.503s 
                          Learning time: 0.288s 
                        Mean value loss: 0.0319
                    Mean surrogate loss: -0.0012
                      Mean entropy loss: 13.4170
                            Mean reward: 19.13
                    Mean episode length: 995.52
                        Mean action std: 0.79
    Episode_Reward/track_lin_vel_xy_exp: 0.3947
     Episode_Reward/track_ang_vel_z_exp: 0.5259
            Episode_Reward/lin_vel_z_l2: 0.0000
           Episode_Reward/ang_vel_xy_l2: -0.0974
          Episode_Reward/dof_torques_l2: -0.0793
              Episode_Reward/dof_acc_l2: -0.1726
          Episode_Reward/action_rate_l2: -0.1618
      Episode_Reward/undesired_contacts: -0.0028
     Episode_Reward/flat_orientation_l2: -0.3492
          Episode_Reward/dof_pos_limits: 0.0000
   Episode_Reward/disabled_legs_contact: -0.0053
    Episode_Reward/disabled_legs_height: 0.7566
     Episode_Reward/single_leg_air_time: -0.0015
         Episode_Reward/base_height_exp: 0.1454
              Curriculum/terrain_levels: 0.0000
                   Metrics/success_rate: 0.1160
     Metrics/base_velocity/error_vel_xy: 0.7727
    Metrics/base_velocity/error_vel_yaw: 0.2919
           Episode_Termination/time_out: 0.9716
       Episode_Termination/base_contact: 0.0284
--------------------------------------------------------------------------------
                         Iteration time: 5.79s
                           Time elapsed: 00:49:25
                                    ETA: 01:41:33

################################################################################
[1m                          Learning iteration 491/1500                           [0m 

                            Total steps: 48365568 
                       Steps per second: 16899 
                        Collection time: 5.531s 
                          Learning time: 0.286s 
                        Mean value loss: 0.0341
                    Mean surrogate loss: -0.0005
                      Mean entropy loss: 13.4174
                            Mean reward: 18.42
                    Mean episode length: 991.10
                        Mean action std: 0.79
    Episode_Reward/track_lin_vel_xy_exp: 0.4847
     Episode_Reward/track_ang_vel_z_exp: 0.5230
            Episode_Reward/lin_vel_z_l2: 0.0000
           Episode_Reward/ang_vel_xy_l2: -0.0962
          Episode_Reward/dof_torques_l2: -0.0793
              Episode_Reward/dof_acc_l2: -0.1741
          Episode_Reward/action_rate_l2: -0.1615
      Episode_Reward/undesired_contacts: -0.0041
     Episode_Reward/flat_orientation_l2: -0.3428
          Episode_Reward/dof_pos_limits: 0.0000
   Episode_Reward/disabled_legs_contact: -0.0052
    Episode_Reward/disabled_legs_height: 0.7038
     Episode_Reward/single_leg_air_time: -0.0014
         Episode_Reward/base_height_exp: 0.1484
              Curriculum/terrain_levels: 0.0000
                   Metrics/success_rate: 0.1438
     Metrics/base_velocity/error_vel_xy: 0.7291
    Metrics/base_velocity/error_vel_yaw: 0.2943
           Episode_Termination/time_out: 0.9723
       Episode_Termination/base_contact: 0.0277
--------------------------------------------------------------------------------
                         Iteration time: 5.82s
                           Time elapsed: 00:49:31
                                    ETA: 01:41:27

################################################################################
[1m                          Learning iteration 492/1500                           [0m 

                            Total steps: 48463872 
                       Steps per second: 16883 
                        Collection time: 5.546s 
                          Learning time: 0.277s 
                        Mean value loss: 0.0337
                    Mean surrogate loss: -0.0013
                      Mean entropy loss: 13.4120
                            Mean reward: 17.91
                    Mean episode length: 990.05
                        Mean action std: 0.79
    Episode_Reward/track_lin_vel_xy_exp: 0.3762
     Episode_Reward/track_ang_vel_z_exp: 0.5187
            Episode_Reward/lin_vel_z_l2: 0.0000
           Episode_Reward/ang_vel_xy_l2: -0.0999
          Episode_Reward/dof_torques_l2: -0.0806
              Episode_Reward/dof_acc_l2: -0.1769
          Episode_Reward/action_rate_l2: -0.1625
      Episode_Reward/undesired_contacts: -0.0046
     Episode_Reward/flat_orientation_l2: -0.3237
          Episode_Reward/dof_pos_limits: 0.0000
   Episode_Reward/disabled_legs_contact: -0.0065
    Episode_Reward/disabled_legs_height: 0.6725
     Episode_Reward/single_leg_air_time: -0.0014
         Episode_Reward/base_height_exp: 0.1163
              Curriculum/terrain_levels: 0.0000
                   Metrics/success_rate: 0.0590
     Metrics/base_velocity/error_vel_xy: 0.7720
    Metrics/base_velocity/error_vel_yaw: 0.2982
           Episode_Termination/time_out: 0.9722
       Episode_Termination/base_contact: 0.0278
--------------------------------------------------------------------------------
                         Iteration time: 5.82s
                           Time elapsed: 00:49:37
                                    ETA: 01:41:20

################################################################################
[1m                          Learning iteration 493/1500                           [0m 

                            Total steps: 48562176 
                       Steps per second: 17361 
                        Collection time: 5.384s 
                          Learning time: 0.279s 
                        Mean value loss: 0.0359
                    Mean surrogate loss: 0.0004
                      Mean entropy loss: 13.4068
                            Mean reward: 18.27
                    Mean episode length: 988.89
                        Mean action std: 0.79
    Episode_Reward/track_lin_vel_xy_exp: 0.4627
     Episode_Reward/track_ang_vel_z_exp: 0.5199
            Episode_Reward/lin_vel_z_l2: 0.0000
           Episode_Reward/ang_vel_xy_l2: -0.0998
          Episode_Reward/dof_torques_l2: -0.0805
              Episode_Reward/dof_acc_l2: -0.1724
          Episode_Reward/action_rate_l2: -0.1620
      Episode_Reward/undesired_contacts: -0.0034
     Episode_Reward/flat_orientation_l2: -0.3346
          Episode_Reward/dof_pos_limits: 0.0000
   Episode_Reward/disabled_legs_contact: -0.0041
    Episode_Reward/disabled_legs_height: 0.7076
     Episode_Reward/single_leg_air_time: -0.0015
         Episode_Reward/base_height_exp: 0.1290
              Curriculum/terrain_levels: 0.0000
                   Metrics/success_rate: 0.1507
     Metrics/base_velocity/error_vel_xy: 0.7321
    Metrics/base_velocity/error_vel_yaw: 0.2978
           Episode_Termination/time_out: 0.9722
       Episode_Termination/base_contact: 0.0278
--------------------------------------------------------------------------------
                         Iteration time: 5.66s
                           Time elapsed: 00:49:42
                                    ETA: 01:41:14

################################################################################
[1m                          Learning iteration 494/1500                           [0m 

                            Total steps: 48660480 
                       Steps per second: 17150 
                        Collection time: 5.455s 
                          Learning time: 0.277s 
                        Mean value loss: 0.0327
                    Mean surrogate loss: -0.0008
                      Mean entropy loss: 13.4083
                            Mean reward: 16.83
                    Mean episode length: 993.28
                        Mean action std: 0.79
    Episode_Reward/track_lin_vel_xy_exp: 0.3912
     Episode_Reward/track_ang_vel_z_exp: 0.5168
            Episode_Reward/lin_vel_z_l2: 0.0000
           Episode_Reward/ang_vel_xy_l2: -0.0988
          Episode_Reward/dof_torques_l2: -0.0808
              Episode_Reward/dof_acc_l2: -0.1736
          Episode_Reward/action_rate_l2: -0.1617
      Episode_Reward/undesired_contacts: -0.0021
     Episode_Reward/flat_orientation_l2: -0.3318
          Episode_Reward/dof_pos_limits: 0.0000
   Episode_Reward/disabled_legs_contact: -0.0048
    Episode_Reward/disabled_legs_height: 0.6608
     Episode_Reward/single_leg_air_time: -0.0015
         Episode_Reward/base_height_exp: 0.1219
              Curriculum/terrain_levels: 0.0000
                   Metrics/success_rate: 0.1283
     Metrics/base_velocity/error_vel_xy: 0.7711
    Metrics/base_velocity/error_vel_yaw: 0.3030
           Episode_Termination/time_out: 0.9725
       Episode_Termination/base_contact: 0.0275
--------------------------------------------------------------------------------
                         Iteration time: 5.73s
                           Time elapsed: 00:49:48
                                    ETA: 01:41:07

################################################################################
[1m                          Learning iteration 495/1500                           [0m 

                            Total steps: 48758784 
                       Steps per second: 17191 
                        Collection time: 5.441s 
                          Learning time: 0.277s 
                        Mean value loss: 0.0317
                    Mean surrogate loss: 0.0019
                      Mean entropy loss: 13.4074
                            Mean reward: 20.38
                    Mean episode length: 989.07
                        Mean action std: 0.79
    Episode_Reward/track_lin_vel_xy_exp: 0.4846
     Episode_Reward/track_ang_vel_z_exp: 0.5208
            Episode_Reward/lin_vel_z_l2: 0.0000
           Episode_Reward/ang_vel_xy_l2: -0.0977
          Episode_Reward/dof_torques_l2: -0.0822
              Episode_Reward/dof_acc_l2: -0.1763
          Episode_Reward/action_rate_l2: -0.1637
      Episode_Reward/undesired_contacts: -0.0026
     Episode_Reward/flat_orientation_l2: -0.3266
          Episode_Reward/dof_pos_limits: 0.0000
   Episode_Reward/disabled_legs_contact: -0.0068
    Episode_Reward/disabled_legs_height: 0.7693
     Episode_Reward/single_leg_air_time: -0.0014
         Episode_Reward/base_height_exp: 0.1290
              Curriculum/terrain_levels: 0.0000
                   Metrics/success_rate: 0.0910
     Metrics/base_velocity/error_vel_xy: 0.7229
    Metrics/base_velocity/error_vel_yaw: 0.2993
           Episode_Termination/time_out: 0.9729
       Episode_Termination/base_contact: 0.0271
--------------------------------------------------------------------------------
                         Iteration time: 5.72s
                           Time elapsed: 00:49:54
                                    ETA: 01:41:00

################################################################################
[1m                          Learning iteration 496/1500                           [0m 

                            Total steps: 48857088 
                       Steps per second: 17310 
                        Collection time: 5.400s 
                          Learning time: 0.279s 
                        Mean value loss: 0.0319
                    Mean surrogate loss: -0.0012
                      Mean entropy loss: 13.4073
                            Mean reward: 19.21
                    Mean episode length: 983.76
                        Mean action std: 0.79
    Episode_Reward/track_lin_vel_xy_exp: 0.3929
     Episode_Reward/track_ang_vel_z_exp: 0.5025
            Episode_Reward/lin_vel_z_l2: 0.0000
           Episode_Reward/ang_vel_xy_l2: -0.0997
          Episode_Reward/dof_torques_l2: -0.0798
              Episode_Reward/dof_acc_l2: -0.1781
          Episode_Reward/action_rate_l2: -0.1624
      Episode_Reward/undesired_contacts: -0.0043
     Episode_Reward/flat_orientation_l2: -0.3171
          Episode_Reward/dof_pos_limits: 0.0000
   Episode_Reward/disabled_legs_contact: -0.0067
    Episode_Reward/disabled_legs_height: 0.7542
     Episode_Reward/single_leg_air_time: -0.0013
         Episode_Reward/base_height_exp: 0.1489
              Curriculum/terrain_levels: 0.0000
                   Metrics/success_rate: 0.1035
     Metrics/base_velocity/error_vel_xy: 0.7702
    Metrics/base_velocity/error_vel_yaw: 0.3143
           Episode_Termination/time_out: 0.9740
       Episode_Termination/base_contact: 0.0260
--------------------------------------------------------------------------------
                         Iteration time: 5.68s
                           Time elapsed: 00:49:59
                                    ETA: 01:40:54

################################################################################
[1m                          Learning iteration 497/1500                           [0m 

                            Total steps: 48955392 
                       Steps per second: 17416 
                        Collection time: 5.366s 
                          Learning time: 0.279s 
                        Mean value loss: 0.0323
                    Mean surrogate loss: -0.0011
                      Mean entropy loss: 13.4058
                            Mean reward: 18.60
                    Mean episode length: 983.26
                        Mean action std: 0.79
    Episode_Reward/track_lin_vel_xy_exp: 0.4200
     Episode_Reward/track_ang_vel_z_exp: 0.5092
            Episode_Reward/lin_vel_z_l2: 0.0000
           Episode_Reward/ang_vel_xy_l2: -0.0984
          Episode_Reward/dof_torques_l2: -0.0785
              Episode_Reward/dof_acc_l2: -0.1774
          Episode_Reward/action_rate_l2: -0.1602
      Episode_Reward/undesired_contacts: -0.0048
     Episode_Reward/flat_orientation_l2: -0.3300
          Episode_Reward/dof_pos_limits: 0.0000
   Episode_Reward/disabled_legs_contact: -0.0029
    Episode_Reward/disabled_legs_height: 0.6605
     Episode_Reward/single_leg_air_time: -0.0014
         Episode_Reward/base_height_exp: 0.1605
              Curriculum/terrain_levels: 0.0000
                   Metrics/success_rate: 0.1566
     Metrics/base_velocity/error_vel_xy: 0.7658
    Metrics/base_velocity/error_vel_yaw: 0.3052
           Episode_Termination/time_out: 0.9737
       Episode_Termination/base_contact: 0.0263
--------------------------------------------------------------------------------
                         Iteration time: 5.64s
                           Time elapsed: 00:50:05
                                    ETA: 01:40:47

################################################################################
[1m                          Learning iteration 498/1500                           [0m 

                            Total steps: 49053696 
                       Steps per second: 17299 
                        Collection time: 5.401s 
                          Learning time: 0.282s 
                        Mean value loss: 0.0303
                    Mean surrogate loss: -0.0023
                      Mean entropy loss: 13.4031
                            Mean reward: 18.09
                    Mean episode length: 980.47
                        Mean action std: 0.79
    Episode_Reward/track_lin_vel_xy_exp: 0.5246
     Episode_Reward/track_ang_vel_z_exp: 0.4922
            Episode_Reward/lin_vel_z_l2: 0.0000
           Episode_Reward/ang_vel_xy_l2: -0.0992
          Episode_Reward/dof_torques_l2: -0.0784
              Episode_Reward/dof_acc_l2: -0.1735
          Episode_Reward/action_rate_l2: -0.1597
      Episode_Reward/undesired_contacts: -0.0031
     Episode_Reward/flat_orientation_l2: -0.3171
          Episode_Reward/dof_pos_limits: 0.0000
   Episode_Reward/disabled_legs_contact: -0.0037
    Episode_Reward/disabled_legs_height: 0.6673
     Episode_Reward/single_leg_air_time: -0.0013
         Episode_Reward/base_height_exp: 0.1227
              Curriculum/terrain_levels: 0.0000
                   Metrics/success_rate: 0.1646
     Metrics/base_velocity/error_vel_xy: 0.7062
    Metrics/base_velocity/error_vel_yaw: 0.3391
           Episode_Termination/time_out: 0.9735
       Episode_Termination/base_contact: 0.0265
--------------------------------------------------------------------------------
                         Iteration time: 5.68s
                           Time elapsed: 00:50:11
                                    ETA: 01:40:40

################################################################################
[1m                          Learning iteration 499/1500                           [0m 

                            Total steps: 49152000 
                       Steps per second: 17360 
                        Collection time: 5.385s 
                          Learning time: 0.277s 
                        Mean value loss: 0.0337
                    Mean surrogate loss: -0.0012
                      Mean entropy loss: 13.3975
                            Mean reward: 19.05
                    Mean episode length: 995.56
                        Mean action std: 0.79
    Episode_Reward/track_lin_vel_xy_exp: 0.4021
     Episode_Reward/track_ang_vel_z_exp: 0.5149
            Episode_Reward/lin_vel_z_l2: 0.0000
           Episode_Reward/ang_vel_xy_l2: -0.0994
          Episode_Reward/dof_torques_l2: -0.0800
              Episode_Reward/dof_acc_l2: -0.1767
          Episode_Reward/action_rate_l2: -0.1636
      Episode_Reward/undesired_contacts: -0.0061
     Episode_Reward/flat_orientation_l2: -0.3315
          Episode_Reward/dof_pos_limits: 0.0000
   Episode_Reward/disabled_legs_contact: -0.0039
    Episode_Reward/disabled_legs_height: 0.7472
     Episode_Reward/single_leg_air_time: -0.0014
         Episode_Reward/base_height_exp: 0.1466
              Curriculum/terrain_levels: 0.0000
                   Metrics/success_rate: 0.1139
     Metrics/base_velocity/error_vel_xy: 0.7738
    Metrics/base_velocity/error_vel_yaw: 0.3044
           Episode_Termination/time_out: 0.9742
       Episode_Termination/base_contact: 0.0258
--------------------------------------------------------------------------------
                         Iteration time: 5.66s
                           Time elapsed: 00:50:16
                                    ETA: 01:40:33

################################################################################
[1m                          Learning iteration 500/1500                           [0m 

                            Total steps: 49250304 
                       Steps per second: 17221 
                        Collection time: 5.431s 
                          Learning time: 0.278s 
                        Mean value loss: 0.0274
                    Mean surrogate loss: 0.0034
                      Mean entropy loss: 13.3967
                            Mean reward: 16.00
                    Mean episode length: 1000.00
                        Mean action std: 0.79
    Episode_Reward/track_lin_vel_xy_exp: 0.4593
     Episode_Reward/track_ang_vel_z_exp: 0.5201
            Episode_Reward/lin_vel_z_l2: 0.0000
           Episode_Reward/ang_vel_xy_l2: -0.1000
          Episode_Reward/dof_torques_l2: -0.0801
              Episode_Reward/dof_acc_l2: -0.1790
          Episode_Reward/action_rate_l2: -0.1639
      Episode_Reward/undesired_contacts: -0.0022
     Episode_Reward/flat_orientation_l2: -0.3323
          Episode_Reward/dof_pos_limits: 0.0000
   Episode_Reward/disabled_legs_contact: -0.0040
    Episode_Reward/disabled_legs_height: 0.6055
     Episode_Reward/single_leg_air_time: -0.0014
         Episode_Reward/base_height_exp: 0.1073
              Curriculum/terrain_levels: 0.0000
                   Metrics/success_rate: 0.1736
     Metrics/base_velocity/error_vel_xy: 0.7354
    Metrics/base_velocity/error_vel_yaw: 0.3011
           Episode_Termination/time_out: 0.9746
       Episode_Termination/base_contact: 0.0254
--------------------------------------------------------------------------------
                         Iteration time: 5.71s
                           Time elapsed: 00:50:22
                                    ETA: 01:40:27

################################################################################
[1m                          Learning iteration 501/1500                           [0m 

                            Total steps: 49348608 
                       Steps per second: 17330 
                        Collection time: 5.387s 
                          Learning time: 0.285s 
                        Mean value loss: 0.0275
                    Mean surrogate loss: 0.0041
                      Mean entropy loss: 13.3953
                            Mean reward: 16.95
                    Mean episode length: 966.74
                        Mean action std: 0.79
    Episode_Reward/track_lin_vel_xy_exp: 0.3486
     Episode_Reward/track_ang_vel_z_exp: 0.4782
            Episode_Reward/lin_vel_z_l2: 0.0000
           Episode_Reward/ang_vel_xy_l2: -0.0970
          Episode_Reward/dof_torques_l2: -0.0756
              Episode_Reward/dof_acc_l2: -0.1707
          Episode_Reward/action_rate_l2: -0.1546
      Episode_Reward/undesired_contacts: -0.0033
     Episode_Reward/flat_orientation_l2: -0.3061
          Episode_Reward/dof_pos_limits: 0.0000
   Episode_Reward/disabled_legs_contact: -0.0034
    Episode_Reward/disabled_legs_height: 0.6321
     Episode_Reward/single_leg_air_time: -0.0013
         Episode_Reward/base_height_exp: 0.1277
              Curriculum/terrain_levels: 0.0000
                   Metrics/success_rate: 0.0552
     Metrics/base_velocity/error_vel_xy: 0.7811
    Metrics/base_velocity/error_vel_yaw: 0.3531
           Episode_Termination/time_out: 0.9751
       Episode_Termination/base_contact: 0.0249
--------------------------------------------------------------------------------
                         Iteration time: 5.67s
                           Time elapsed: 00:50:28
                                    ETA: 01:40:20

################################################################################
[1m                          Learning iteration 502/1500                           [0m 

                            Total steps: 49446912 
                       Steps per second: 17361 
                        Collection time: 5.369s 
                          Learning time: 0.293s 
                        Mean value loss: 0.0284
                    Mean surrogate loss: 0.0010
                      Mean entropy loss: 13.3943
                            Mean reward: 18.25
                    Mean episode length: 996.52
                        Mean action std: 0.79
    Episode_Reward/track_lin_vel_xy_exp: 0.4015
     Episode_Reward/track_ang_vel_z_exp: 0.5021
            Episode_Reward/lin_vel_z_l2: 0.0000
           Episode_Reward/ang_vel_xy_l2: -0.1023
          Episode_Reward/dof_torques_l2: -0.0817
              Episode_Reward/dof_acc_l2: -0.1823
          Episode_Reward/action_rate_l2: -0.1660
      Episode_Reward/undesired_contacts: -0.0041
     Episode_Reward/flat_orientation_l2: -0.3117
          Episode_Reward/dof_pos_limits: 0.0000
   Episode_Reward/disabled_legs_contact: -0.0111
    Episode_Reward/disabled_legs_height: 0.7292
     Episode_Reward/single_leg_air_time: -0.0014
         Episode_Reward/base_height_exp: 0.1590
              Curriculum/terrain_levels: 0.0000
                   Metrics/success_rate: 0.0896
     Metrics/base_velocity/error_vel_xy: 0.7784
    Metrics/base_velocity/error_vel_yaw: 0.3252
           Episode_Termination/time_out: 0.9753
       Episode_Termination/base_contact: 0.0247
--------------------------------------------------------------------------------
                         Iteration time: 5.66s
                           Time elapsed: 00:50:33
                                    ETA: 01:40:13

################################################################################
[1m                          Learning iteration 503/1500                           [0m 

                            Total steps: 49545216 
                       Steps per second: 17220 
                        Collection time: 5.422s 
                          Learning time: 0.286s 
                        Mean value loss: 0.0296
                    Mean surrogate loss: -0.0014
                      Mean entropy loss: 13.3917
                            Mean reward: 15.88
                    Mean episode length: 996.89
                        Mean action std: 0.78
    Episode_Reward/track_lin_vel_xy_exp: 0.3503
     Episode_Reward/track_ang_vel_z_exp: 0.5192
            Episode_Reward/lin_vel_z_l2: 0.0000
           Episode_Reward/ang_vel_xy_l2: -0.1000
          Episode_Reward/dof_torques_l2: -0.0806
              Episode_Reward/dof_acc_l2: -0.1758
          Episode_Reward/action_rate_l2: -0.1641
      Episode_Reward/undesired_contacts: -0.0033
     Episode_Reward/flat_orientation_l2: -0.3336
          Episode_Reward/dof_pos_limits: 0.0000
   Episode_Reward/disabled_legs_contact: -0.0044
    Episode_Reward/disabled_legs_height: 0.6762
     Episode_Reward/single_leg_air_time: -0.0014
         Episode_Reward/base_height_exp: 0.1367
              Curriculum/terrain_levels: 0.0000
                   Metrics/success_rate: 0.0685
     Metrics/base_velocity/error_vel_xy: 0.8057
    Metrics/base_velocity/error_vel_yaw: 0.3024
           Episode_Termination/time_out: 0.9758
       Episode_Termination/base_contact: 0.0242
--------------------------------------------------------------------------------
                         Iteration time: 5.71s
                           Time elapsed: 00:50:39
                                    ETA: 01:40:06

################################################################################
[1m                          Learning iteration 504/1500                           [0m 

                            Total steps: 49643520 
                       Steps per second: 17119 
                        Collection time: 5.450s 
                          Learning time: 0.292s 
                        Mean value loss: 0.0331
                    Mean surrogate loss: -0.0012
                      Mean entropy loss: 13.3868
                            Mean reward: 17.51
                    Mean episode length: 964.90
                        Mean action std: 0.78
    Episode_Reward/track_lin_vel_xy_exp: 0.4921
     Episode_Reward/track_ang_vel_z_exp: 0.4882
            Episode_Reward/lin_vel_z_l2: 0.0000
           Episode_Reward/ang_vel_xy_l2: -0.0981
          Episode_Reward/dof_torques_l2: -0.0787
              Episode_Reward/dof_acc_l2: -0.1757
          Episode_Reward/action_rate_l2: -0.1594
      Episode_Reward/undesired_contacts: -0.0070
     Episode_Reward/flat_orientation_l2: -0.3135
          Episode_Reward/dof_pos_limits: 0.0000
   Episode_Reward/disabled_legs_contact: -0.0060
    Episode_Reward/disabled_legs_height: 0.5834
     Episode_Reward/single_leg_air_time: -0.0012
         Episode_Reward/base_height_exp: 0.1148
              Curriculum/terrain_levels: 0.0000
                   Metrics/success_rate: 0.1081
     Metrics/base_velocity/error_vel_xy: 0.7182
    Metrics/base_velocity/error_vel_yaw: 0.3301
           Episode_Termination/time_out: 0.9753
       Episode_Termination/base_contact: 0.0247
--------------------------------------------------------------------------------
                         Iteration time: 5.74s
                           Time elapsed: 00:50:45
                                    ETA: 01:40:00

################################################################################
[1m                          Learning iteration 505/1500                           [0m 

                            Total steps: 49741824 
                       Steps per second: 16947 
                        Collection time: 5.506s 
                          Learning time: 0.295s 
                        Mean value loss: 0.0288
                    Mean surrogate loss: -0.0003
                      Mean entropy loss: 13.3825
                            Mean reward: 19.12
                    Mean episode length: 1000.00
                        Mean action std: 0.78
    Episode_Reward/track_lin_vel_xy_exp: 0.4371
     Episode_Reward/track_ang_vel_z_exp: 0.5015
            Episode_Reward/lin_vel_z_l2: 0.0000
           Episode_Reward/ang_vel_xy_l2: -0.1010
          Episode_Reward/dof_torques_l2: -0.0803
              Episode_Reward/dof_acc_l2: -0.1830
          Episode_Reward/action_rate_l2: -0.1651
      Episode_Reward/undesired_contacts: -0.0030
     Episode_Reward/flat_orientation_l2: -0.3175
          Episode_Reward/dof_pos_limits: 0.0000
   Episode_Reward/disabled_legs_contact: -0.0038
    Episode_Reward/disabled_legs_height: 0.7267
     Episode_Reward/single_leg_air_time: -0.0013
         Episode_Reward/base_height_exp: 0.1332
              Curriculum/terrain_levels: 0.0000
                   Metrics/success_rate: 0.1189
     Metrics/base_velocity/error_vel_xy: 0.7624
    Metrics/base_velocity/error_vel_yaw: 0.3266
           Episode_Termination/time_out: 0.9751
       Episode_Termination/base_contact: 0.0249
--------------------------------------------------------------------------------
                         Iteration time: 5.80s
                           Time elapsed: 00:50:51
                                    ETA: 01:39:53

################################################################################
[1m                          Learning iteration 506/1500                           [0m 

                            Total steps: 49840128 
                       Steps per second: 16989 
                        Collection time: 5.499s 
                          Learning time: 0.288s 
                        Mean value loss: 0.0323
                    Mean surrogate loss: -0.0021
                      Mean entropy loss: 13.3805
                            Mean reward: 17.09
                    Mean episode length: 991.19
                        Mean action std: 0.78
    Episode_Reward/track_lin_vel_xy_exp: 0.3871
     Episode_Reward/track_ang_vel_z_exp: 0.5005
            Episode_Reward/lin_vel_z_l2: 0.0000
           Episode_Reward/ang_vel_xy_l2: -0.1001
          Episode_Reward/dof_torques_l2: -0.0812
              Episode_Reward/dof_acc_l2: -0.1817
          Episode_Reward/action_rate_l2: -0.1645
      Episode_Reward/undesired_contacts: -0.0060
     Episode_Reward/flat_orientation_l2: -0.3076
          Episode_Reward/dof_pos_limits: 0.0000
   Episode_Reward/disabled_legs_contact: -0.0055
    Episode_Reward/disabled_legs_height: 0.6914
     Episode_Reward/single_leg_air_time: -0.0013
         Episode_Reward/base_height_exp: 0.1341
              Curriculum/terrain_levels: 0.0000
                   Metrics/success_rate: 0.0899
     Metrics/base_velocity/error_vel_xy: 0.7648
    Metrics/base_velocity/error_vel_yaw: 0.3227
           Episode_Termination/time_out: 0.9758
       Episode_Termination/base_contact: 0.0242
--------------------------------------------------------------------------------
                         Iteration time: 5.79s
                           Time elapsed: 00:50:56
                                    ETA: 01:39:47

################################################################################
[1m                          Learning iteration 507/1500                           [0m 

                            Total steps: 49938432 
                       Steps per second: 16906 
                        Collection time: 5.525s 
                          Learning time: 0.289s 
                        Mean value loss: 0.0305
                    Mean surrogate loss: 0.0011
                      Mean entropy loss: 13.3831
                            Mean reward: 18.70
                    Mean episode length: 990.83
                        Mean action std: 0.78
    Episode_Reward/track_lin_vel_xy_exp: 0.4389
     Episode_Reward/track_ang_vel_z_exp: 0.4977
            Episode_Reward/lin_vel_z_l2: 0.0000
           Episode_Reward/ang_vel_xy_l2: -0.1010
          Episode_Reward/dof_torques_l2: -0.0808
              Episode_Reward/dof_acc_l2: -0.1830
          Episode_Reward/action_rate_l2: -0.1650
      Episode_Reward/undesired_contacts: -0.0016
     Episode_Reward/flat_orientation_l2: -0.3054
          Episode_Reward/dof_pos_limits: 0.0000
   Episode_Reward/disabled_legs_contact: -0.0040
    Episode_Reward/disabled_legs_height: 0.7187
     Episode_Reward/single_leg_air_time: -0.0013
         Episode_Reward/base_height_exp: 0.1411
              Curriculum/terrain_levels: 0.0000
                   Metrics/success_rate: 0.0911
     Metrics/base_velocity/error_vel_xy: 0.7331
    Metrics/base_velocity/error_vel_yaw: 0.3350
           Episode_Termination/time_out: 0.9758
       Episode_Termination/base_contact: 0.0242
--------------------------------------------------------------------------------
                         Iteration time: 5.81s
                           Time elapsed: 00:51:02
                                    ETA: 01:39:40

################################################################################
[1m                          Learning iteration 508/1500                           [0m 

                            Total steps: 50036736 
                       Steps per second: 16903 
                        Collection time: 5.526s 
                          Learning time: 0.289s 
                        Mean value loss: 0.0287
                    Mean surrogate loss: -0.0024
                      Mean entropy loss: 13.3842
                            Mean reward: 16.04
                    Mean episode length: 994.37
                        Mean action std: 0.78
    Episode_Reward/track_lin_vel_xy_exp: 0.4027
     Episode_Reward/track_ang_vel_z_exp: 0.5083
            Episode_Reward/lin_vel_z_l2: 0.0000
           Episode_Reward/ang_vel_xy_l2: -0.1008
          Episode_Reward/dof_torques_l2: -0.0821
              Episode_Reward/dof_acc_l2: -0.1810
          Episode_Reward/action_rate_l2: -0.1652
      Episode_Reward/undesired_contacts: -0.0040
     Episode_Reward/flat_orientation_l2: -0.3159
          Episode_Reward/dof_pos_limits: 0.0000
   Episode_Reward/disabled_legs_contact: -0.0036
    Episode_Reward/disabled_legs_height: 0.5957
     Episode_Reward/single_leg_air_time: -0.0013
         Episode_Reward/base_height_exp: 0.1105
              Curriculum/terrain_levels: 0.0000
                   Metrics/success_rate: 0.0872
     Metrics/base_velocity/error_vel_xy: 0.7474
    Metrics/base_velocity/error_vel_yaw: 0.3169
           Episode_Termination/time_out: 0.9758
       Episode_Termination/base_contact: 0.0242
--------------------------------------------------------------------------------
                         Iteration time: 5.82s
                           Time elapsed: 00:51:08
                                    ETA: 01:39:34

################################################################################
[1m                          Learning iteration 509/1500                           [0m 

                            Total steps: 50135040 
                       Steps per second: 16850 
                        Collection time: 5.545s 
                          Learning time: 0.289s 
                        Mean value loss: 0.0362
                    Mean surrogate loss: -0.0026
                      Mean entropy loss: 13.3827
                            Mean reward: 17.50
                    Mean episode length: 978.79
                        Mean action std: 0.78
    Episode_Reward/track_lin_vel_xy_exp: 0.4617
     Episode_Reward/track_ang_vel_z_exp: 0.5029
            Episode_Reward/lin_vel_z_l2: 0.0000
           Episode_Reward/ang_vel_xy_l2: -0.0998
          Episode_Reward/dof_torques_l2: -0.0794
              Episode_Reward/dof_acc_l2: -0.1776
          Episode_Reward/action_rate_l2: -0.1623
      Episode_Reward/undesired_contacts: -0.0025
     Episode_Reward/flat_orientation_l2: -0.3148
          Episode_Reward/dof_pos_limits: 0.0000
   Episode_Reward/disabled_legs_contact: -0.0042
    Episode_Reward/disabled_legs_height: 0.6852
     Episode_Reward/single_leg_air_time: -0.0014
         Episode_Reward/base_height_exp: 0.1204
              Curriculum/terrain_levels: 0.0000
                   Metrics/success_rate: 0.1502
     Metrics/base_velocity/error_vel_xy: 0.7335
    Metrics/base_velocity/error_vel_yaw: 0.3200
           Episode_Termination/time_out: 0.9760
       Episode_Termination/base_contact: 0.0240
--------------------------------------------------------------------------------
                         Iteration time: 5.83s
                           Time elapsed: 00:51:14
                                    ETA: 01:39:27

################################################################################
[1m                          Learning iteration 510/1500                           [0m 

                            Total steps: 50233344 
                       Steps per second: 16893 
                        Collection time: 5.528s 
                          Learning time: 0.291s 
                        Mean value loss: 0.0345
                    Mean surrogate loss: 0.0005
                      Mean entropy loss: 13.3817
                            Mean reward: 16.17
                    Mean episode length: 989.43
                        Mean action std: 0.78
    Episode_Reward/track_lin_vel_xy_exp: 0.4523
     Episode_Reward/track_ang_vel_z_exp: 0.5103
            Episode_Reward/lin_vel_z_l2: 0.0000
           Episode_Reward/ang_vel_xy_l2: -0.0999
          Episode_Reward/dof_torques_l2: -0.0814
              Episode_Reward/dof_acc_l2: -0.1766
          Episode_Reward/action_rate_l2: -0.1638
      Episode_Reward/undesired_contacts: -0.0028
     Episode_Reward/flat_orientation_l2: -0.3190
          Episode_Reward/dof_pos_limits: 0.0000
   Episode_Reward/disabled_legs_contact: -0.0048
    Episode_Reward/disabled_legs_height: 0.6478
     Episode_Reward/single_leg_air_time: -0.0014
         Episode_Reward/base_height_exp: 0.1057
              Curriculum/terrain_levels: 0.0000
                   Metrics/success_rate: 0.1454
     Metrics/base_velocity/error_vel_xy: 0.7341
    Metrics/base_velocity/error_vel_yaw: 0.3108
           Episode_Termination/time_out: 0.9761
       Episode_Termination/base_contact: 0.0239
--------------------------------------------------------------------------------
                         Iteration time: 5.82s
                           Time elapsed: 00:51:20
                                    ETA: 01:39:21

################################################################################
[1m                          Learning iteration 511/1500                           [0m 

                            Total steps: 50331648 
                       Steps per second: 16884 
                        Collection time: 5.528s 
                          Learning time: 0.294s 
                        Mean value loss: 0.0306
                    Mean surrogate loss: 0.0014
                      Mean entropy loss: 13.3815
                            Mean reward: 18.75
                    Mean episode length: 991.26
                        Mean action std: 0.78
    Episode_Reward/track_lin_vel_xy_exp: 0.4605
     Episode_Reward/track_ang_vel_z_exp: 0.5110
            Episode_Reward/lin_vel_z_l2: 0.0000
           Episode_Reward/ang_vel_xy_l2: -0.1002
          Episode_Reward/dof_torques_l2: -0.0802
              Episode_Reward/dof_acc_l2: -0.1789
          Episode_Reward/action_rate_l2: -0.1636
      Episode_Reward/undesired_contacts: -0.0023
     Episode_Reward/flat_orientation_l2: -0.3238
          Episode_Reward/dof_pos_limits: 0.0000
   Episode_Reward/disabled_legs_contact: -0.0067
    Episode_Reward/disabled_legs_height: 0.6952
     Episode_Reward/single_leg_air_time: -0.0014
         Episode_Reward/base_height_exp: 0.1095
              Curriculum/terrain_levels: 0.0000
                   Metrics/success_rate: 0.1383
     Metrics/base_velocity/error_vel_xy: 0.7417
    Metrics/base_velocity/error_vel_yaw: 0.3124
           Episode_Termination/time_out: 0.9757
       Episode_Termination/base_contact: 0.0243
--------------------------------------------------------------------------------
                         Iteration time: 5.82s
                           Time elapsed: 00:51:26
                                    ETA: 01:39:15

################################################################################
[1m                          Learning iteration 512/1500                           [0m 

                            Total steps: 50429952 
                       Steps per second: 16731 
                        Collection time: 5.586s 
                          Learning time: 0.289s 
                        Mean value loss: 0.0322
                    Mean surrogate loss: -0.0034
                      Mean entropy loss: 13.3817
                            Mean reward: 16.09
                    Mean episode length: 981.55
                        Mean action std: 0.78
    Episode_Reward/track_lin_vel_xy_exp: 0.4275
     Episode_Reward/track_ang_vel_z_exp: 0.5084
            Episode_Reward/lin_vel_z_l2: 0.0000
           Episode_Reward/ang_vel_xy_l2: -0.1002
          Episode_Reward/dof_torques_l2: -0.0797
              Episode_Reward/dof_acc_l2: -0.1748
          Episode_Reward/action_rate_l2: -0.1625
      Episode_Reward/undesired_contacts: -0.0028
     Episode_Reward/flat_orientation_l2: -0.3217
          Episode_Reward/dof_pos_limits: 0.0000
   Episode_Reward/disabled_legs_contact: -0.0033
    Episode_Reward/disabled_legs_height: 0.6383
     Episode_Reward/single_leg_air_time: -0.0014
         Episode_Reward/base_height_exp: 0.0903
              Curriculum/terrain_levels: 0.0000
                   Metrics/success_rate: 0.1346
     Metrics/base_velocity/error_vel_xy: 0.7539
    Metrics/base_velocity/error_vel_yaw: 0.3157
           Episode_Termination/time_out: 0.9762
       Episode_Termination/base_contact: 0.0238
--------------------------------------------------------------------------------
                         Iteration time: 5.88s
                           Time elapsed: 00:51:31
                                    ETA: 01:39:08
